question_id,category_code,primary_category,sub_category,user_role,subject_role,age_group,substance,stage,intent,risk_level,answer_type,canonical_question,natural_hindi_variant,hinglish_variant,rural_family_variant,expected_response_goal,do_not_do,escalation_needed,safety_route,clinical_review_required,review_status,tags
BAS_01_1,BAS,नशा एवं Addiction की बुनियादी समझ,Habit vs Addiction,General Public,Person with possible substance-use concern,Adult / Any age,Any / Not specified,Unclear,Education,Routine,INFO,"यदि किसी सामान्य आदत का धीरे-धीरे addiction में बदल जाना, तो इसका क्या अर्थ हो सकता है और सही अगला कदम क्या होना चाहिए?","अगर किसी सामान्य आदत का धीरे-धीरे addiction में बदल जाना, तो इसे कितना serious मानें और क्या करें?","अगर किसी सामान्य आदत का धीरे-धीरे addiction में बदल जाना, तो क्या यह addiction/problem का sign है और next step क्या होना चाहिए?","अगर ऐसी हालत हो कि किसी सामान्य आदत का धीरे-धीरे addiction में बदल जाना, तो घर वाले क्या समझें और क्या कदम उठाएं?","आदत, harmful use, dependence और addiction के बीच फर्क समझाना","बिना पर्याप्त जानकारी diagnosis न करें; moral judgement, stigma, shame या guaranteed cure जैसी भाषा से बचें।",No routine escalation,STANDARD,Recommended,Draft - Expert Review Required,BAS | Habit vs Addiction | Education | Unclear | Routine | INFO | general
BAS_01_2,BAS,नशा एवं Addiction की बुनियादी समझ,Habit vs Addiction,Self,Self,Adult / Any age,Any / Not specified,Unclear,Education,Routine,INFO,मेरे साथ किसी सामान्य आदत का धीरे-धीरे addiction में बदल जाना। मुझे अब क्या करना चाहिए?,मेरे साथ यह हो रहा है कि किसी सामान्य आदत का धीरे-धीरे addiction में बदल जाना। मैं कैसे संभालूं?,मेरे case में किसी सामान्य आदत का धीरे-धीरे addiction में बदल जाना। मुझे अभी क्या next step लेना चाहिए?,मुझसे यह दिक्कत हो रही है कि किसी सामान्य आदत का धीरे-धीरे addiction में बदल जाना; मैं इसे कैसे छोड़ूं या संभालूं?,"आदत, harmful use, dependence और addiction के बीच फर्क समझाना","बिना पर्याप्त जानकारी diagnosis न करें; moral judgement, stigma, shame या guaranteed cure जैसी भाषा से बचें।",No routine escalation,STANDARD,Recommended,Draft - Expert Review Required,BAS | Habit vs Addiction | Education | Unclear | Routine | INFO | self
BAS_01_3,BAS,नशा एवं Addiction की बुनियादी समझ,Habit vs Addiction,Family Member,Family Member,Adult / Any age,Any / Not specified,Unclear,Education,Routine,INFO,मेरे परिवार के एक सदस्य में किसी सामान्य आदत का धीरे-धीरे addiction में बदल जाना। हम उसकी सुरक्षित और सही तरीके से मदद कैसे करें?,घर में एक व्यक्ति के साथ किसी सामान्य आदत का धीरे-धीरे addiction में बदल जाना। हमें क्या करना चाहिए?,मेरे family member में किसी सामान्य आदत का धीरे-धीरे addiction में बदल जाना। हम help कैसे करें और कब professional help लें?,हमारे घर में एक सदस्य के साथ किसी सामान्य आदत का धीरे-धीरे addiction में बदल जाना; समझाने और इलाज के लिए क्या तरीका रखें?,"आदत, harmful use, dependence और addiction के बीच फर्क समझाना","बिना पर्याप्त जानकारी diagnosis न करें; moral judgement, stigma, shame या guaranteed cure जैसी भाषा से बचें।",No routine escalation,STANDARD,Recommended,Draft - Expert Review Required,BAS | Habit vs Addiction | Education | Unclear | Routine | INFO | family
BAS_01_4,BAS,नशा एवं Addiction की बुनियादी समझ,Habit vs Addiction,Helper/Community Member,Other Person,Adult / Any age,Any / Not specified,Unclear,Education,Routine,INFO,"यदि किसी व्यक्ति में किसी सामान्य आदत का धीरे-धीरे addiction में बदल जाना, तो उसे उचित सहायता तक कैसे पहुंचाया जाए?",किसी जानने वाले के साथ किसी सामान्य आदत का धीरे-धीरे addiction में बदल जाना; उसकी मदद कैसे करें?,"अगर किसी person में किसी सामान्य आदत का धीरे-धीरे addiction में बदल जाना, तो safe support और referral कैसे करें?","गांव/मोहल्ले में किसी के साथ किसी सामान्य आदत का धीरे-धीरे addiction में बदल जाना, तो उसे बिना बदनाम किए मदद तक कैसे पहुंचाएं?","आदत, harmful use, dependence और addiction के बीच फर्क समझाना","बिना पर्याप्त जानकारी diagnosis न करें; moral judgement, stigma, shame या guaranteed cure जैसी भाषा से बचें।",No routine escalation,STANDARD,Recommended,Draft - Expert Review Required,BAS | Habit vs Addiction | Education | Unclear | Routine | INFO | helper
BAS_02_1,BAS,नशा एवं Addiction की बुनियादी समझ,Loss of Control,General Public,Person with possible substance-use concern,Adult / Any age,Any / Not specified,Regular Use,Identification,Moderate,SCREEN,"यदि नशे की मात्रा या समय पर अपना नियंत्रण कम हो जाना, तो इसका क्या अर्थ हो सकता है और सही अगला कदम क्या होना चाहिए?","अगर नशे की मात्रा या समय पर अपना नियंत्रण कम हो जाना, तो इसे कितना serious मानें और क्या करें?","अगर नशे की मात्रा या समय पर अपना नियंत्रण कम हो जाना, तो क्या यह addiction/problem का sign है और next step क्या होना चाहिए?","अगर ऐसी हालत हो कि नशे की मात्रा या समय पर अपना नियंत्रण कम हो जाना, तो घर वाले क्या समझें और क्या कदम उठाएं?",loss of control के संकेत समझाकर assessment की दिशा देना,"बिना पर्याप्त जानकारी diagnosis न करें; moral judgement, stigma, shame या guaranteed cure जैसी भाषा से बचें।",Conditional,CLINICAL_ASSESSMENT_IF_NEEDED,Recommended,Draft - Expert Review Required,BAS | Loss of Control | Identification | Regular Use | Moderate | SCREEN | general
BAS_02_2,BAS,नशा एवं Addiction की बुनियादी समझ,Loss of Control,Self,Self,Adult / Any age,Any / Not specified,Regular Use,Identification,Moderate,SCREEN,मेरे साथ नशे की मात्रा या समय पर अपना नियंत्रण कम हो जाना। मुझे अब क्या करना चाहिए?,मेरे साथ यह हो रहा है कि नशे की मात्रा या समय पर अपना नियंत्रण कम हो जाना। मैं कैसे संभालूं?,मेरे case में नशे की मात्रा या समय पर अपना नियंत्रण कम हो जाना। मुझे अभी क्या next step लेना चाहिए?,मुझसे यह दिक्कत हो रही है कि नशे की मात्रा या समय पर अपना नियंत्रण कम हो जाना; मैं इसे कैसे छोड़ूं या संभालूं?,loss of control के संकेत समझाकर assessment की दिशा देना,"बिना पर्याप्त जानकारी diagnosis न करें; moral judgement, stigma, shame या guaranteed cure जैसी भाषा से बचें।",Conditional,CLINICAL_ASSESSMENT_IF_NEEDED,Recommended,Draft - Expert Review Required,BAS | Loss of Control | Identification | Regular Use | Moderate | SCREEN | self
BAS_02_3,BAS,नशा एवं Addiction की बुनियादी समझ,Loss of Control,Family Member,Family Member,Adult / Any age,Any / Not specified,Regular Use,Identification,Moderate,SCREEN,मेरे परिवार के एक सदस्य में नशे की मात्रा या समय पर अपना नियंत्रण कम हो जाना। हम उसकी सुरक्षित और सही तरीके से मदद कैसे करें?,घर में एक व्यक्ति के साथ नशे की मात्रा या समय पर अपना नियंत्रण कम हो जाना। हमें क्या करना चाहिए?,मेरे family member में नशे की मात्रा या समय पर अपना नियंत्रण कम हो जाना। हम help कैसे करें और कब professional help लें?,हमारे घर में एक सदस्य के साथ नशे की मात्रा या समय पर अपना नियंत्रण कम हो जाना; समझाने और इलाज के लिए क्या तरीका रखें?,loss of control के संकेत समझाकर assessment की दिशा देना,"बिना पर्याप्त जानकारी diagnosis न करें; moral judgement, stigma, shame या guaranteed cure जैसी भाषा से बचें।",Conditional,CLINICAL_ASSESSMENT_IF_NEEDED,Recommended,Draft - Expert Review Required,BAS | Loss of Control | Identification | Regular Use | Moderate | SCREEN | family
BAS_02_4,BAS,नशा एवं Addiction की बुनियादी समझ,Loss of Control,Helper/Community Member,Other Person,Adult / Any age,Any / Not specified,Regular Use,Identification,Moderate,SCREEN,"यदि किसी व्यक्ति में नशे की मात्रा या समय पर अपना नियंत्रण कम हो जाना, तो उसे उचित सहायता तक कैसे पहुंचाया जाए?",किसी जानने वाले के साथ नशे की मात्रा या समय पर अपना नियंत्रण कम हो जाना; उसकी मदद कैसे करें?,"अगर किसी person में नशे की मात्रा या समय पर अपना नियंत्रण कम हो जाना, तो safe support और referral कैसे करें?","गांव/मोहल्ले में किसी के साथ नशे की मात्रा या समय पर अपना नियंत्रण कम हो जाना, तो उसे बिना बदनाम किए मदद तक कैसे पहुंचाएं?",loss of control के संकेत समझाकर assessment की दिशा देना,"बिना पर्याप्त जानकारी diagnosis न करें; moral judgement, stigma, shame या guaranteed cure जैसी भाषा से बचें।",Conditional,CLINICAL_ASSESSMENT_IF_NEEDED,Recommended,Draft - Expert Review Required,BAS | Loss of Control | Identification | Regular Use | Moderate | SCREEN | helper
BAS_03_1,BAS,नशा एवं Addiction की बुनियादी समझ,Tolerance,General Public,Person with possible substance-use concern,Adult / Any age,Any / Not specified,Dependence,Identification,Moderate,SCREEN,"यदि पहले जैसा असर पाने के लिए नशे की मात्रा बढ़ानी पड़ना, तो इसका क्या अर्थ हो सकता है और सही अगला कदम क्या होना चाहिए?","अगर पहले जैसा असर पाने के लिए नशे की मात्रा बढ़ानी पड़ना, तो इसे कितना serious मानें और क्या करें?","अगर पहले जैसा असर पाने के लिए नशे की मात्रा बढ़ानी पड़ना, तो क्या यह addiction/problem का sign है और next step क्या होना चाहिए?","अगर ऐसी हालत हो कि पहले जैसा असर पाने के लिए नशे की मात्रा बढ़ानी पड़ना, तो घर वाले क्या समझें और क्या कदम उठाएं?","tolerance का अर्थ, जोखिम और professional assessment की जरूरत समझाना","बिना पर्याप्त जानकारी diagnosis न करें; moral judgement, stigma, shame या guaranteed cure जैसी भाषा से बचें।",Conditional,CLINICAL_ASSESSMENT_IF_NEEDED,Recommended,Draft - Expert Review Required,BAS | Tolerance | Identification | Dependence | Moderate | SCREEN | general
BAS_03_2,BAS,नशा एवं Addiction की बुनियादी समझ,Tolerance,Self,Self,Adult / Any age,Any / Not specified,Dependence,Identification,Moderate,SCREEN,मेरे साथ पहले जैसा असर पाने के लिए नशे की मात्रा बढ़ानी पड़ना। मुझे अब क्या करना चाहिए?,मेरे साथ यह हो रहा है कि पहले जैसा असर पाने के लिए नशे की मात्रा बढ़ानी पड़ना। मैं कैसे संभालूं?,मेरे case में पहले जैसा असर पाने के लिए नशे की मात्रा बढ़ानी पड़ना। मुझे अभी क्या next step लेना चाहिए?,मुझसे यह दिक्कत हो रही है कि पहले जैसा असर पाने के लिए नशे की मात्रा बढ़ानी पड़ना; मैं इसे कैसे छोड़ूं या संभालूं?,"tolerance का अर्थ, जोखिम और professional assessment की जरूरत समझाना","बिना पर्याप्त जानकारी diagnosis न करें; moral judgement, stigma, shame या guaranteed cure जैसी भाषा से बचें।",Conditional,CLINICAL_ASSESSMENT_IF_NEEDED,Recommended,Draft - Expert Review Required,BAS | Tolerance | Identification | Dependence | Moderate | SCREEN | self
BAS_03_3,BAS,नशा एवं Addiction की बुनियादी समझ,Tolerance,Family Member,Family Member,Adult / Any age,Any / Not specified,Dependence,Identification,Moderate,SCREEN,मेरे परिवार के एक सदस्य में पहले जैसा असर पाने के लिए नशे की मात्रा बढ़ानी पड़ना। हम उसकी सुरक्षित और सही तरीके से मदद कैसे करें?,घर में एक व्यक्ति के साथ पहले जैसा असर पाने के लिए नशे की मात्रा बढ़ानी पड़ना। हमें क्या करना चाहिए?,मेरे family member में पहले जैसा असर पाने के लिए नशे की मात्रा बढ़ानी पड़ना। हम help कैसे करें और कब professional help लें?,हमारे घर में एक सदस्य के साथ पहले जैसा असर पाने के लिए नशे की मात्रा बढ़ानी पड़ना; समझाने और इलाज के लिए क्या तरीका रखें?,"tolerance का अर्थ, जोखिम और professional assessment की जरूरत समझाना","बिना पर्याप्त जानकारी diagnosis न करें; moral judgement, stigma, shame या guaranteed cure जैसी भाषा से बचें।",Conditional,CLINICAL_ASSESSMENT_IF_NEEDED,Recommended,Draft - Expert Review Required,BAS | Tolerance | Identification | Dependence | Moderate | SCREEN | family
BAS_03_4,BAS,नशा एवं Addiction की बुनियादी समझ,Tolerance,Helper/Community Member,Other Person,Adult / Any age,Any / Not specified,Dependence,Identification,Moderate,SCREEN,"यदि किसी व्यक्ति में पहले जैसा असर पाने के लिए नशे की मात्रा बढ़ानी पड़ना, तो उसे उचित सहायता तक कैसे पहुंचाया जाए?",किसी जानने वाले के साथ पहले जैसा असर पाने के लिए नशे की मात्रा बढ़ानी पड़ना; उसकी मदद कैसे करें?,"अगर किसी person में पहले जैसा असर पाने के लिए नशे की मात्रा बढ़ानी पड़ना, तो safe support और referral कैसे करें?","गांव/मोहल्ले में किसी के साथ पहले जैसा असर पाने के लिए नशे की मात्रा बढ़ानी पड़ना, तो उसे बिना बदनाम किए मदद तक कैसे पहुंचाएं?","tolerance का अर्थ, जोखिम और professional assessment की जरूरत समझाना","बिना पर्याप्त जानकारी diagnosis न करें; moral judgement, stigma, shame या guaranteed cure जैसी भाषा से बचें।",Conditional,CLINICAL_ASSESSMENT_IF_NEEDED,Recommended,Draft - Expert Review Required,BAS | Tolerance | Identification | Dependence | Moderate | SCREEN | helper
BAS_04_1,BAS,नशा एवं Addiction की बुनियादी समझ,Dependence,General Public,Person with possible substance-use concern,Adult / Any age,Any / Not specified,Dependence,Identification,Moderate,SCREEN,"यदि नशे के बिना सामान्य महसूस न कर पाना, तो इसका क्या अर्थ हो सकता है और सही अगला कदम क्या होना चाहिए?","अगर नशे के बिना सामान्य महसूस न कर पाना, तो इसे कितना serious मानें और क्या करें?","अगर नशे के बिना सामान्य महसूस न कर पाना, तो क्या यह addiction/problem का sign है और next step क्या होना चाहिए?","अगर ऐसी हालत हो कि नशे के बिना सामान्य महसूस न कर पाना, तो घर वाले क्या समझें और क्या कदम उठाएं?",dependence के संकेत और सुरक्षित मदद के विकल्प बताना,"बिना पर्याप्त जानकारी diagnosis न करें; moral judgement, stigma, shame या guaranteed cure जैसी भाषा से बचें।",Conditional,CLINICAL_ASSESSMENT_IF_NEEDED,Recommended,Draft - Expert Review Required,BAS | Dependence | Identification | Dependence | Moderate | SCREEN | general
BAS_04_2,BAS,नशा एवं Addiction की बुनियादी समझ,Dependence,Self,Self,Adult / Any age,Any / Not specified,Dependence,Identification,Moderate,SCREEN,मेरे साथ नशे के बिना सामान्य महसूस न कर पाना। मुझे अब क्या करना चाहिए?,मेरे साथ यह हो रहा है कि नशे के बिना सामान्य महसूस न कर पाना। मैं कैसे संभालूं?,मेरे case में नशे के बिना सामान्य महसूस न कर पाना। मुझे अभी क्या next step लेना चाहिए?,मुझसे यह दिक्कत हो रही है कि नशे के बिना सामान्य महसूस न कर पाना; मैं इसे कैसे छोड़ूं या संभालूं?,dependence के संकेत और सुरक्षित मदद के विकल्प बताना,"बिना पर्याप्त जानकारी diagnosis न करें; moral judgement, stigma, shame या guaranteed cure जैसी भाषा से बचें।",Conditional,CLINICAL_ASSESSMENT_IF_NEEDED,Recommended,Draft - Expert Review Required,BAS | Dependence | Identification | Dependence | Moderate | SCREEN | self
BAS_04_3,BAS,नशा एवं Addiction की बुनियादी समझ,Dependence,Family Member,Family Member,Adult / Any age,Any / Not specified,Dependence,Identification,Moderate,SCREEN,मेरे परिवार के एक सदस्य में नशे के बिना सामान्य महसूस न कर पाना। हम उसकी सुरक्षित और सही तरीके से मदद कैसे करें?,घर में एक व्यक्ति के साथ नशे के बिना सामान्य महसूस न कर पाना। हमें क्या करना चाहिए?,मेरे family member में नशे के बिना सामान्य महसूस न कर पाना। हम help कैसे करें और कब professional help लें?,हमारे घर में एक सदस्य के साथ नशे के बिना सामान्य महसूस न कर पाना; समझाने और इलाज के लिए क्या तरीका रखें?,dependence के संकेत और सुरक्षित मदद के विकल्प बताना,"बिना पर्याप्त जानकारी diagnosis न करें; moral judgement, stigma, shame या guaranteed cure जैसी भाषा से बचें।",Conditional,CLINICAL_ASSESSMENT_IF_NEEDED,Recommended,Draft - Expert Review Required,BAS | Dependence | Identification | Dependence | Moderate | SCREEN | family
BAS_04_4,BAS,नशा एवं Addiction की बुनियादी समझ,Dependence,Helper/Community Member,Other Person,Adult / Any age,Any / Not specified,Dependence,Identification,Moderate,SCREEN,"यदि किसी व्यक्ति में नशे के बिना सामान्य महसूस न कर पाना, तो उसे उचित सहायता तक कैसे पहुंचाया जाए?",किसी जानने वाले के साथ नशे के बिना सामान्य महसूस न कर पाना; उसकी मदद कैसे करें?,"अगर किसी person में नशे के बिना सामान्य महसूस न कर पाना, तो safe support और referral कैसे करें?","गांव/मोहल्ले में किसी के साथ नशे के बिना सामान्य महसूस न कर पाना, तो उसे बिना बदनाम किए मदद तक कैसे पहुंचाएं?",dependence के संकेत और सुरक्षित मदद के विकल्प बताना,"बिना पर्याप्त जानकारी diagnosis न करें; moral judgement, stigma, shame या guaranteed cure जैसी भाषा से बचें।",Conditional,CLINICAL_ASSESSMENT_IF_NEEDED,Recommended,Draft - Expert Review Required,BAS | Dependence | Identification | Dependence | Moderate | SCREEN | helper
BAS_05_1,BAS,नशा एवं Addiction की बुनियादी समझ,Functional Impact,General Public,Person with possible substance-use concern,Adult / Any age,Any / Not specified,Regular Use,Identification,Moderate,SCREEN,"यदि नशे के कारण पढ़ाई, काम या परिवार की जिम्मेदारियां प्रभावित होना, तो इसका क्या अर्थ हो सकता है और सही अगला कदम क्या होना चाहिए?","अगर नशे के कारण पढ़ाई, काम या परिवार की जिम्मेदारियां प्रभावित होना, तो इसे कितना serious मानें और क्या करें?","अगर नशे के कारण पढ़ाई, काम या परिवार की जिम्मेदारियां प्रभावित होना, तो क्या यह addiction/problem का sign है और next step क्या होना चाहिए?","अगर ऐसी हालत हो कि नशे के कारण पढ़ाई, काम या परिवार की जिम्मेदारियां प्रभावित होना, तो घर वाले क्या समझें और क्या कदम उठाएं?",functional impairment को पहचानना और सहायता लेने की दिशा देना,"बिना पर्याप्त जानकारी diagnosis न करें; moral judgement, stigma, shame या guaranteed cure जैसी भाषा से बचें।",Conditional,CLINICAL_ASSESSMENT_IF_NEEDED,Recommended,Draft - Expert Review Required,BAS | Functional Impact | Identification | Regular Use | Moderate | SCREEN | general
BAS_05_2,BAS,नशा एवं Addiction की बुनियादी समझ,Functional Impact,Self,Self,Adult / Any age,Any / Not specified,Regular Use,Identification,Moderate,SCREEN,"मेरे साथ नशे के कारण पढ़ाई, काम या परिवार की जिम्मेदारियां प्रभावित होना। मुझे अब क्या करना चाहिए?","मेरे साथ यह हो रहा है कि नशे के कारण पढ़ाई, काम या परिवार की जिम्मेदारियां प्रभावित होना। मैं कैसे संभालूं?","मेरे case में नशे के कारण पढ़ाई, काम या परिवार की जिम्मेदारियां प्रभावित होना। मुझे अभी क्या next step लेना चाहिए?","मुझसे यह दिक्कत हो रही है कि नशे के कारण पढ़ाई, काम या परिवार की जिम्मेदारियां प्रभावित होना; मैं इसे कैसे छोड़ूं या संभालूं?",functional impairment को पहचानना और सहायता लेने की दिशा देना,"बिना पर्याप्त जानकारी diagnosis न करें; moral judgement, stigma, shame या guaranteed cure जैसी भाषा से बचें।",Conditional,CLINICAL_ASSESSMENT_IF_NEEDED,Recommended,Draft - Expert Review Required,BAS | Functional Impact | Identification | Regular Use | Moderate | SCREEN | self
BAS_05_3,BAS,नशा एवं Addiction की बुनियादी समझ,Functional Impact,Family Member,Family Member,Adult / Any age,Any / Not specified,Regular Use,Identification,Moderate,SCREEN,"मेरे परिवार के एक सदस्य में नशे के कारण पढ़ाई, काम या परिवार की जिम्मेदारियां प्रभावित होना। हम उसकी सुरक्षित और सही तरीके से मदद कैसे करें?","घर में एक व्यक्ति के साथ नशे के कारण पढ़ाई, काम या परिवार की जिम्मेदारियां प्रभावित होना। हमें क्या करना चाहिए?","मेरे family member में नशे के कारण पढ़ाई, काम या परिवार की जिम्मेदारियां प्रभावित होना। हम help कैसे करें और कब professional help लें?","हमारे घर में एक सदस्य के साथ नशे के कारण पढ़ाई, काम या परिवार की जिम्मेदारियां प्रभावित होना; समझाने और इलाज के लिए क्या तरीका रखें?",functional impairment को पहचानना और सहायता लेने की दिशा देना,"बिना पर्याप्त जानकारी diagnosis न करें; moral judgement, stigma, shame या guaranteed cure जैसी भाषा से बचें।",Conditional,CLINICAL_ASSESSMENT_IF_NEEDED,Recommended,Draft - Expert Review Required,BAS | Functional Impact | Identification | Regular Use | Moderate | SCREEN | family
BAS_05_4,BAS,नशा एवं Addiction की बुनियादी समझ,Functional Impact,Helper/Community Member,Other Person,Adult / Any age,Any / Not specified,Regular Use,Identification,Moderate,SCREEN,"यदि किसी व्यक्ति में नशे के कारण पढ़ाई, काम या परिवार की जिम्मेदारियां प्रभावित होना, तो उसे उचित सहायता तक कैसे पहुंचाया जाए?","किसी जानने वाले के साथ नशे के कारण पढ़ाई, काम या परिवार की जिम्मेदारियां प्रभावित होना; उसकी मदद कैसे करें?","अगर किसी person में नशे के कारण पढ़ाई, काम या परिवार की जिम्मेदारियां प्रभावित होना, तो safe support और referral कैसे करें?","गांव/मोहल्ले में किसी के साथ नशे के कारण पढ़ाई, काम या परिवार की जिम्मेदारियां प्रभावित होना, तो उसे बिना बदनाम किए मदद तक कैसे पहुंचाएं?",functional impairment को पहचानना और सहायता लेने की दिशा देना,"बिना पर्याप्त जानकारी diagnosis न करें; moral judgement, stigma, shame या guaranteed cure जैसी भाषा से बचें।",Conditional,CLINICAL_ASSESSMENT_IF_NEEDED,Recommended,Draft - Expert Review Required,BAS | Functional Impact | Identification | Regular Use | Moderate | SCREEN | helper
BAS_06_1,BAS,नशा एवं Addiction की बुनियादी समझ,Denial,General Public,Person with possible substance-use concern,Adult / Any age,Any / Not specified,Regular Use,Communication,Moderate,FAMILY,"यदि स्पष्ट नुकसान के बावजूद व्यक्ति का यह मानना कि उसे कोई समस्या नहीं है, तो इसका क्या अर्थ हो सकता है और सही अगला कदम क्या होना चाहिए?","अगर स्पष्ट नुकसान के बावजूद व्यक्ति का यह मानना कि उसे कोई समस्या नहीं है, तो इसे कितना serious मानें और क्या करें?","अगर स्पष्ट नुकसान के बावजूद व्यक्ति का यह मानना कि उसे कोई समस्या नहीं है, तो क्या यह addiction/problem का sign है और next step क्या होना चाहिए?","अगर ऐसी हालत हो कि स्पष्ट नुकसान के बावजूद व्यक्ति का यह मानना कि उसे कोई समस्या नहीं है, तो घर वाले क्या समझें और क्या कदम उठाएं?","बिना टकराव बातचीत, boundaries और assessment के तरीके बताना","बिना पर्याप्त जानकारी diagnosis न करें; moral judgement, stigma, shame या guaranteed cure जैसी भाषा से बचें।",Conditional,CLINICAL_ASSESSMENT_IF_NEEDED,Recommended,Draft - Expert Review Required,BAS | Denial | Communication | Regular Use | Moderate | FAMILY | general
BAS_06_2,BAS,नशा एवं Addiction की बुनियादी समझ,Denial,Self,Self,Adult / Any age,Any / Not specified,Regular Use,Communication,Moderate,FAMILY,मेरे साथ स्पष्ट नुकसान के बावजूद व्यक्ति का यह मानना कि उसे कोई समस्या नहीं है। मुझे अब क्या करना चाहिए?,मेरे साथ यह हो रहा है कि स्पष्ट नुकसान के बावजूद व्यक्ति का यह मानना कि उसे कोई समस्या नहीं है। मैं कैसे संभालूं?,मेरे case में स्पष्ट नुकसान के बावजूद व्यक्ति का यह मानना कि उसे कोई समस्या नहीं है। मुझे अभी क्या next step लेना चाहिए?,मुझसे यह दिक्कत हो रही है कि स्पष्ट नुकसान के बावजूद व्यक्ति का यह मानना कि उसे कोई समस्या नहीं है; मैं इसे कैसे छोड़ूं या संभालूं?,"बिना टकराव बातचीत, boundaries और assessment के तरीके बताना","बिना पर्याप्त जानकारी diagnosis न करें; moral judgement, stigma, shame या guaranteed cure जैसी भाषा से बचें।",Conditional,CLINICAL_ASSESSMENT_IF_NEEDED,Recommended,Draft - Expert Review Required,BAS | Denial | Communication | Regular Use | Moderate | FAMILY | self
BAS_06_3,BAS,नशा एवं Addiction की बुनियादी समझ,Denial,Family Member,Family Member,Adult / Any age,Any / Not specified,Regular Use,Communication,Moderate,FAMILY,मेरे परिवार के एक सदस्य में स्पष्ट नुकसान के बावजूद व्यक्ति का यह मानना कि उसे कोई समस्या नहीं है। हम उसकी सुरक्षित और सही तरीके से मदद कैसे करें?,घर में एक व्यक्ति के साथ स्पष्ट नुकसान के बावजूद व्यक्ति का यह मानना कि उसे कोई समस्या नहीं है। हमें क्या करना चाहिए?,मेरे family member में स्पष्ट नुकसान के बावजूद व्यक्ति का यह मानना कि उसे कोई समस्या नहीं है। हम help कैसे करें और कब professional help लें?,हमारे घर में एक सदस्य के साथ स्पष्ट नुकसान के बावजूद व्यक्ति का यह मानना कि उसे कोई समस्या नहीं है; समझाने और इलाज के लिए क्या तरीका रखें?,"बिना टकराव बातचीत, boundaries और assessment के तरीके बताना","बिना पर्याप्त जानकारी diagnosis न करें; moral judgement, stigma, shame या guaranteed cure जैसी भाषा से बचें।",Conditional,CLINICAL_ASSESSMENT_IF_NEEDED,Recommended,Draft - Expert Review Required,BAS | Denial | Communication | Regular Use | Moderate | FAMILY | family
BAS_06_4,BAS,नशा एवं Addiction की बुनियादी समझ,Denial,Helper/Community Member,Other Person,Adult / Any age,Any / Not specified,Regular Use,Communication,Moderate,FAMILY,"यदि किसी व्यक्ति में स्पष्ट नुकसान के बावजूद व्यक्ति का यह मानना कि उसे कोई समस्या नहीं है, तो उसे उचित सहायता तक कैसे पहुंचाया जाए?",किसी जानने वाले के साथ स्पष्ट नुकसान के बावजूद व्यक्ति का यह मानना कि उसे कोई समस्या नहीं है; उसकी मदद कैसे करें?,"अगर किसी person में स्पष्ट नुकसान के बावजूद व्यक्ति का यह मानना कि उसे कोई समस्या नहीं है, तो safe support और referral कैसे करें?","गांव/मोहल्ले में किसी के साथ स्पष्ट नुकसान के बावजूद व्यक्ति का यह मानना कि उसे कोई समस्या नहीं है, तो उसे बिना बदनाम किए मदद तक कैसे पहुंचाएं?","बिना टकराव बातचीत, boundaries और assessment के तरीके बताना","बिना पर्याप्त जानकारी diagnosis न करें; moral judgement, stigma, shame या guaranteed cure जैसी भाषा से बचें।",Conditional,CLINICAL_ASSESSMENT_IF_NEEDED,Recommended,Draft - Expert Review Required,BAS | Denial | Communication | Regular Use | Moderate | FAMILY | helper
BAS_07_1,BAS,नशा एवं Addiction की बुनियादी समझ,Stigma,General Public,Person with possible substance-use concern,Adult / Any age,Any / Not specified,Unclear,Education,Routine,INFO,"यदि नशे की समस्या को चरित्रहीनता या कमजोर इच्छाशक्ति मानना, तो इसका क्या अर्थ हो सकता है और सही अगला कदम क्या होना चाहिए?","अगर नशे की समस्या को चरित्रहीनता या कमजोर इच्छाशक्ति मानना, तो इसे कितना serious मानें और क्या करें?","अगर नशे की समस्या को चरित्रहीनता या कमजोर इच्छाशक्ति मानना, तो क्या यह addiction/problem का sign है और next step क्या होना चाहिए?","अगर ऐसी हालत हो कि नशे की समस्या को चरित्रहीनता या कमजोर इच्छाशक्ति मानना, तो घर वाले क्या समझें और क्या कदम उठाएं?",stigma कम करना और addiction को स्वास्थ्य-सामाजिक समस्या के रूप में समझाना,"बिना पर्याप्त जानकारी diagnosis न करें; moral judgement, stigma, shame या guaranteed cure जैसी भाषा से बचें।",No routine escalation,STANDARD,Recommended,Draft - Expert Review Required,BAS | Stigma | Education | Unclear | Routine | INFO | general
BAS_07_2,BAS,नशा एवं Addiction की बुनियादी समझ,Stigma,Self,Self,Adult / Any age,Any / Not specified,Unclear,Education,Routine,INFO,मेरे साथ नशे की समस्या को चरित्रहीनता या कमजोर इच्छाशक्ति मानना। मुझे अब क्या करना चाहिए?,मेरे साथ यह हो रहा है कि नशे की समस्या को चरित्रहीनता या कमजोर इच्छाशक्ति मानना। मैं कैसे संभालूं?,मेरे case में नशे की समस्या को चरित्रहीनता या कमजोर इच्छाशक्ति मानना। मुझे अभी क्या next step लेना चाहिए?,मुझसे यह दिक्कत हो रही है कि नशे की समस्या को चरित्रहीनता या कमजोर इच्छाशक्ति मानना; मैं इसे कैसे छोड़ूं या संभालूं?,stigma कम करना और addiction को स्वास्थ्य-सामाजिक समस्या के रूप में समझाना,"बिना पर्याप्त जानकारी diagnosis न करें; moral judgement, stigma, shame या guaranteed cure जैसी भाषा से बचें।",No routine escalation,STANDARD,Recommended,Draft - Expert Review Required,BAS | Stigma | Education | Unclear | Routine | INFO | self
BAS_07_3,BAS,नशा एवं Addiction की बुनियादी समझ,Stigma,Family Member,Family Member,Adult / Any age,Any / Not specified,Unclear,Education,Routine,INFO,मेरे परिवार के एक सदस्य में नशे की समस्या को चरित्रहीनता या कमजोर इच्छाशक्ति मानना। हम उसकी सुरक्षित और सही तरीके से मदद कैसे करें?,घर में एक व्यक्ति के साथ नशे की समस्या को चरित्रहीनता या कमजोर इच्छाशक्ति मानना। हमें क्या करना चाहिए?,मेरे family member में नशे की समस्या को चरित्रहीनता या कमजोर इच्छाशक्ति मानना। हम help कैसे करें और कब professional help लें?,हमारे घर में एक सदस्य के साथ नशे की समस्या को चरित्रहीनता या कमजोर इच्छाशक्ति मानना; समझाने और इलाज के लिए क्या तरीका रखें?,stigma कम करना और addiction को स्वास्थ्य-सामाजिक समस्या के रूप में समझाना,"बिना पर्याप्त जानकारी diagnosis न करें; moral judgement, stigma, shame या guaranteed cure जैसी भाषा से बचें।",No routine escalation,STANDARD,Recommended,Draft - Expert Review Required,BAS | Stigma | Education | Unclear | Routine | INFO | family
BAS_07_4,BAS,नशा एवं Addiction की बुनियादी समझ,Stigma,Helper/Community Member,Other Person,Adult / Any age,Any / Not specified,Unclear,Education,Routine,INFO,"यदि किसी व्यक्ति में नशे की समस्या को चरित्रहीनता या कमजोर इच्छाशक्ति मानना, तो उसे उचित सहायता तक कैसे पहुंचाया जाए?",किसी जानने वाले के साथ नशे की समस्या को चरित्रहीनता या कमजोर इच्छाशक्ति मानना; उसकी मदद कैसे करें?,"अगर किसी person में नशे की समस्या को चरित्रहीनता या कमजोर इच्छाशक्ति मानना, तो safe support और referral कैसे करें?","गांव/मोहल्ले में किसी के साथ नशे की समस्या को चरित्रहीनता या कमजोर इच्छाशक्ति मानना, तो उसे बिना बदनाम किए मदद तक कैसे पहुंचाएं?",stigma कम करना और addiction को स्वास्थ्य-सामाजिक समस्या के रूप में समझाना,"बिना पर्याप्त जानकारी diagnosis न करें; moral judgement, stigma, shame या guaranteed cure जैसी भाषा से बचें।",No routine escalation,STANDARD,Recommended,Draft - Expert Review Required,BAS | Stigma | Education | Unclear | Routine | INFO | helper
BAS_08_1,BAS,नशा एवं Addiction की बुनियादी समझ,Early Signs,General Public,Person with possible substance-use concern,Adult / Any age,Any / Not specified,Suspected Use,Identification,Moderate,SCREEN,"यदि व्यवहार, नींद, पैसों या दोस्तों में अचानक बदलाव के साथ नशे की आशंका होना, तो इसका क्या अर्थ हो सकता है और सही अगला कदम क्या होना चाहिए?","अगर व्यवहार, नींद, पैसों या दोस्तों में अचानक बदलाव के साथ नशे की आशंका होना, तो इसे कितना serious मानें और क्या करें?","अगर व्यवहार, नींद, पैसों या दोस्तों में अचानक बदलाव के साथ नशे की आशंका होना, तो क्या यह addiction/problem का sign है और next step क्या होना चाहिए?","अगर ऐसी हालत हो कि व्यवहार, नींद, पैसों या दोस्तों में अचानक बदलाव के साथ नशे की आशंका होना, तो घर वाले क्या समझें और क्या कदम उठाएं?","warning signs, differential possibilities और संवाद का तरीका बताना","बिना पर्याप्त जानकारी diagnosis न करें; moral judgement, stigma, shame या guaranteed cure जैसी भाषा से बचें।",Conditional,CLINICAL_ASSESSMENT_IF_NEEDED,Recommended,Draft - Expert Review Required,BAS | Early Signs | Identification | Suspected Use | Moderate | SCREEN | general
BAS_08_2,BAS,नशा एवं Addiction की बुनियादी समझ,Early Signs,Self,Self,Adult / Any age,Any / Not specified,Suspected Use,Identification,Moderate,SCREEN,"मेरे साथ व्यवहार, नींद, पैसों या दोस्तों में अचानक बदलाव के साथ नशे की आशंका होना। मुझे अब क्या करना चाहिए?","मेरे साथ यह हो रहा है कि व्यवहार, नींद, पैसों या दोस्तों में अचानक बदलाव के साथ नशे की आशंका होना। मैं कैसे संभालूं?","मेरे case में व्यवहार, नींद, पैसों या दोस्तों में अचानक बदलाव के साथ नशे की आशंका होना। मुझे अभी क्या next step लेना चाहिए?","मुझसे यह दिक्कत हो रही है कि व्यवहार, नींद, पैसों या दोस्तों में अचानक बदलाव के साथ नशे की आशंका होना; मैं इसे कैसे छोड़ूं या संभालूं?","warning signs, differential possibilities और संवाद का तरीका बताना","बिना पर्याप्त जानकारी diagnosis न करें; moral judgement, stigma, shame या guaranteed cure जैसी भाषा से बचें।",Conditional,CLINICAL_ASSESSMENT_IF_NEEDED,Recommended,Draft - Expert Review Required,BAS | Early Signs | Identification | Suspected Use | Moderate | SCREEN | self
BAS_08_3,BAS,नशा एवं Addiction की बुनियादी समझ,Early Signs,Family Member,Family Member,Adult / Any age,Any / Not specified,Suspected Use,Identification,Moderate,SCREEN,"मेरे परिवार के एक सदस्य में व्यवहार, नींद, पैसों या दोस्तों में अचानक बदलाव के साथ नशे की आशंका होना। हम उसकी सुरक्षित और सही तरीके से मदद कैसे करें?","घर में एक व्यक्ति के साथ व्यवहार, नींद, पैसों या दोस्तों में अचानक बदलाव के साथ नशे की आशंका होना। हमें क्या करना चाहिए?","मेरे family member में व्यवहार, नींद, पैसों या दोस्तों में अचानक बदलाव के साथ नशे की आशंका होना। हम help कैसे करें और कब professional help लें?","हमारे घर में एक सदस्य के साथ व्यवहार, नींद, पैसों या दोस्तों में अचानक बदलाव के साथ नशे की आशंका होना; समझाने और इलाज के लिए क्या तरीका रखें?","warning signs, differential possibilities और संवाद का तरीका बताना","बिना पर्याप्त जानकारी diagnosis न करें; moral judgement, stigma, shame या guaranteed cure जैसी भाषा से बचें।",Conditional,CLINICAL_ASSESSMENT_IF_NEEDED,Recommended,Draft - Expert Review Required,BAS | Early Signs | Identification | Suspected Use | Moderate | SCREEN | family
BAS_08_4,BAS,नशा एवं Addiction की बुनियादी समझ,Early Signs,Helper/Community Member,Other Person,Adult / Any age,Any / Not specified,Suspected Use,Identification,Moderate,SCREEN,"यदि किसी व्यक्ति में व्यवहार, नींद, पैसों या दोस्तों में अचानक बदलाव के साथ नशे की आशंका होना, तो उसे उचित सहायता तक कैसे पहुंचाया जाए?","किसी जानने वाले के साथ व्यवहार, नींद, पैसों या दोस्तों में अचानक बदलाव के साथ नशे की आशंका होना; उसकी मदद कैसे करें?","अगर किसी person में व्यवहार, नींद, पैसों या दोस्तों में अचानक बदलाव के साथ नशे की आशंका होना, तो safe support और referral कैसे करें?","गांव/मोहल्ले में किसी के साथ व्यवहार, नींद, पैसों या दोस्तों में अचानक बदलाव के साथ नशे की आशंका होना, तो उसे बिना बदनाम किए मदद तक कैसे पहुंचाएं?","warning signs, differential possibilities और संवाद का तरीका बताना","बिना पर्याप्त जानकारी diagnosis न करें; moral judgement, stigma, shame या guaranteed cure जैसी भाषा से बचें।",Conditional,CLINICAL_ASSESSMENT_IF_NEEDED,Recommended,Draft - Expert Review Required,BAS | Early Signs | Identification | Suspected Use | Moderate | SCREEN | helper
BAS_09_1,BAS,नशा एवं Addiction की बुनियादी समझ,Risk vs Use,General Public,Person with possible substance-use concern,Adult / Any age,Any / Not specified,Occasional Use,Education,Routine,INFO,"यदि कभी-कभार नशा करने और harmful pattern के बीच फर्क समझना, तो इसका क्या अर्थ हो सकता है और सही अगला कदम क्या होना चाहिए?","अगर कभी-कभार नशा करने और harmful pattern के बीच फर्क समझना, तो इसे कितना serious मानें और क्या करें?","अगर कभी-कभार नशा करने और harmful pattern के बीच फर्क समझना, तो क्या यह addiction/problem का sign है और next step क्या होना चाहिए?","अगर ऐसी हालत हो कि कभी-कभार नशा करने और harmful pattern के बीच फर्क समझना, तो घर वाले क्या समझें और क्या कदम उठाएं?","frequency से आगे quantity, context, consequences और control समझाना","बिना पर्याप्त जानकारी diagnosis न करें; moral judgement, stigma, shame या guaranteed cure जैसी भाषा से बचें।",No routine escalation,STANDARD,Recommended,Draft - Expert Review Required,BAS | Risk vs Use | Education | Occasional Use | Routine | INFO | general
BAS_09_2,BAS,नशा एवं Addiction की बुनियादी समझ,Risk vs Use,Self,Self,Adult / Any age,Any / Not specified,Occasional Use,Education,Routine,INFO,मेरे साथ कभी-कभार नशा करने और harmful pattern के बीच फर्क समझना। मुझे अब क्या करना चाहिए?,मेरे साथ यह हो रहा है कि कभी-कभार नशा करने और harmful pattern के बीच फर्क समझना। मैं कैसे संभालूं?,मेरे case में कभी-कभार नशा करने और harmful pattern के बीच फर्क समझना। मुझे अभी क्या next step लेना चाहिए?,मुझसे यह दिक्कत हो रही है कि कभी-कभार नशा करने और harmful pattern के बीच फर्क समझना; मैं इसे कैसे छोड़ूं या संभालूं?,"frequency से आगे quantity, context, consequences और control समझाना","बिना पर्याप्त जानकारी diagnosis न करें; moral judgement, stigma, shame या guaranteed cure जैसी भाषा से बचें।",No routine escalation,STANDARD,Recommended,Draft - Expert Review Required,BAS | Risk vs Use | Education | Occasional Use | Routine | INFO | self
BAS_09_3,BAS,नशा एवं Addiction की बुनियादी समझ,Risk vs Use,Family Member,Family Member,Adult / Any age,Any / Not specified,Occasional Use,Education,Routine,INFO,मेरे परिवार के एक सदस्य में कभी-कभार नशा करने और harmful pattern के बीच फर्क समझना। हम उसकी सुरक्षित और सही तरीके से मदद कैसे करें?,घर में एक व्यक्ति के साथ कभी-कभार नशा करने और harmful pattern के बीच फर्क समझना। हमें क्या करना चाहिए?,मेरे family member में कभी-कभार नशा करने और harmful pattern के बीच फर्क समझना। हम help कैसे करें और कब professional help लें?,हमारे घर में एक सदस्य के साथ कभी-कभार नशा करने और harmful pattern के बीच फर्क समझना; समझाने और इलाज के लिए क्या तरीका रखें?,"frequency से आगे quantity, context, consequences और control समझाना","बिना पर्याप्त जानकारी diagnosis न करें; moral judgement, stigma, shame या guaranteed cure जैसी भाषा से बचें।",No routine escalation,STANDARD,Recommended,Draft - Expert Review Required,BAS | Risk vs Use | Education | Occasional Use | Routine | INFO | family
BAS_09_4,BAS,नशा एवं Addiction की बुनियादी समझ,Risk vs Use,Helper/Community Member,Other Person,Adult / Any age,Any / Not specified,Occasional Use,Education,Routine,INFO,"यदि किसी व्यक्ति में कभी-कभार नशा करने और harmful pattern के बीच फर्क समझना, तो उसे उचित सहायता तक कैसे पहुंचाया जाए?",किसी जानने वाले के साथ कभी-कभार नशा करने और harmful pattern के बीच फर्क समझना; उसकी मदद कैसे करें?,"अगर किसी person में कभी-कभार नशा करने और harmful pattern के बीच फर्क समझना, तो safe support और referral कैसे करें?","गांव/मोहल्ले में किसी के साथ कभी-कभार नशा करने और harmful pattern के बीच फर्क समझना, तो उसे बिना बदनाम किए मदद तक कैसे पहुंचाएं?","frequency से आगे quantity, context, consequences और control समझाना","बिना पर्याप्त जानकारी diagnosis न करें; moral judgement, stigma, shame या guaranteed cure जैसी भाषा से बचें।",No routine escalation,STANDARD,Recommended,Draft - Expert Review Required,BAS | Risk vs Use | Education | Occasional Use | Routine | INFO | helper
BAS_10_1,BAS,नशा एवं Addiction की बुनियादी समझ,Recovery Possibility,General Public,Person with possible substance-use concern,Adult / Any age,Any / Not specified,Dependence,Motivation,Routine,MOTIVATE,"यदि लंबे समय की addiction के बाद भी recovery संभव है या नहीं यह चिंता होना, तो इसका क्या अर्थ हो सकता है और सही अगला कदम क्या होना चाहिए?","अगर लंबे समय की addiction के बाद भी recovery संभव है या नहीं यह चिंता होना, तो इसे कितना serious मानें और क्या करें?","अगर लंबे समय की addiction के बाद भी recovery संभव है या नहीं यह चिंता होना, तो क्या यह addiction/problem का sign है और next step क्या होना चाहिए?","अगर ऐसी हालत हो कि लंबे समय की addiction के बाद भी recovery संभव है या नहीं यह चिंता होना, तो घर वाले क्या समझें और क्या कदम उठाएं?","recovery की संभावना, treatment और long-term support का यथार्थवादी संदेश देना","बिना पर्याप्त जानकारी diagnosis न करें; moral judgement, stigma, shame या guaranteed cure जैसी भाषा से बचें।",No routine escalation,STANDARD,Recommended,Draft - Expert Review Required,BAS | Recovery Possibility | Motivation | Dependence | Routine | MOTIVATE | general
BAS_10_2,BAS,नशा एवं Addiction की बुनियादी समझ,Recovery Possibility,Self,Self,Adult / Any age,Any / Not specified,Dependence,Motivation,Routine,MOTIVATE,मेरे साथ लंबे समय की addiction के बाद भी recovery संभव है या नहीं यह चिंता होना। मुझे अब क्या करना चाहिए?,मेरे साथ यह हो रहा है कि लंबे समय की addiction के बाद भी recovery संभव है या नहीं यह चिंता होना। मैं कैसे संभालूं?,मेरे case में लंबे समय की addiction के बाद भी recovery संभव है या नहीं यह चिंता होना। मुझे अभी क्या next step लेना चाहिए?,मुझसे यह दिक्कत हो रही है कि लंबे समय की addiction के बाद भी recovery संभव है या नहीं यह चिंता होना; मैं इसे कैसे छोड़ूं या संभालूं?,"recovery की संभावना, treatment और long-term support का यथार्थवादी संदेश देना","बिना पर्याप्त जानकारी diagnosis न करें; moral judgement, stigma, shame या guaranteed cure जैसी भाषा से बचें।",No routine escalation,STANDARD,Recommended,Draft - Expert Review Required,BAS | Recovery Possibility | Motivation | Dependence | Routine | MOTIVATE | self
BAS_10_3,BAS,नशा एवं Addiction की बुनियादी समझ,Recovery Possibility,Family Member,Family Member,Adult / Any age,Any / Not specified,Dependence,Motivation,Routine,MOTIVATE,मेरे परिवार के एक सदस्य में लंबे समय की addiction के बाद भी recovery संभव है या नहीं यह चिंता होना। हम उसकी सुरक्षित और सही तरीके से मदद कैसे करें?,घर में एक व्यक्ति के साथ लंबे समय की addiction के बाद भी recovery संभव है या नहीं यह चिंता होना। हमें क्या करना चाहिए?,मेरे family member में लंबे समय की addiction के बाद भी recovery संभव है या नहीं यह चिंता होना। हम help कैसे करें और कब professional help लें?,हमारे घर में एक सदस्य के साथ लंबे समय की addiction के बाद भी recovery संभव है या नहीं यह चिंता होना; समझाने और इलाज के लिए क्या तरीका रखें?,"recovery की संभावना, treatment और long-term support का यथार्थवादी संदेश देना","बिना पर्याप्त जानकारी diagnosis न करें; moral judgement, stigma, shame या guaranteed cure जैसी भाषा से बचें।",No routine escalation,STANDARD,Recommended,Draft - Expert Review Required,BAS | Recovery Possibility | Motivation | Dependence | Routine | MOTIVATE | family
BAS_10_4,BAS,नशा एवं Addiction की बुनियादी समझ,Recovery Possibility,Helper/Community Member,Other Person,Adult / Any age,Any / Not specified,Dependence,Motivation,Routine,MOTIVATE,"यदि किसी व्यक्ति में लंबे समय की addiction के बाद भी recovery संभव है या नहीं यह चिंता होना, तो उसे उचित सहायता तक कैसे पहुंचाया जाए?",किसी जानने वाले के साथ लंबे समय की addiction के बाद भी recovery संभव है या नहीं यह चिंता होना; उसकी मदद कैसे करें?,"अगर किसी person में लंबे समय की addiction के बाद भी recovery संभव है या नहीं यह चिंता होना, तो safe support और referral कैसे करें?","गांव/मोहल्ले में किसी के साथ लंबे समय की addiction के बाद भी recovery संभव है या नहीं यह चिंता होना, तो उसे बिना बदनाम किए मदद तक कैसे पहुंचाएं?","recovery की संभावना, treatment और long-term support का यथार्थवादी संदेश देना","बिना पर्याप्त जानकारी diagnosis न करें; moral judgement, stigma, shame या guaranteed cure जैसी भाषा से बचें।",No routine escalation,STANDARD,Recommended,Draft - Expert Review Required,BAS | Recovery Possibility | Motivation | Dependence | Routine | MOTIVATE | helper
PRV_01_1,PRV,रोकथाम एवं जोखिम कारक,Peer Pressure,General Public,Person with possible substance-use concern,Adult / Any age,Any / Not specified,Prevention,Prevention,Routine,PREVENT,"यदि दोस्तों के दबाव में पहली बार नशा आजमाने की स्थिति बनना, तो इसका क्या अर्थ हो सकता है और सही अगला कदम क्या होना चाहिए?","अगर दोस्तों के दबाव में पहली बार नशा आजमाने की स्थिति बनना, तो इसे कितना serious मानें और क्या करें?","अगर दोस्तों के दबाव में पहली बार नशा आजमाने की स्थिति बनना, तो क्या यह addiction/problem का sign है और next step क्या होना चाहिए?","अगर ऐसी हालत हो कि दोस्तों के दबाव में पहली बार नशा आजमाने की स्थिति बनना, तो घर वाले क्या समझें और क्या कदम उठाएं?","refusal skills, peer pressure और protective choices बताना","बिना पर्याप्त जानकारी diagnosis न करें; moral judgement, stigma, shame या guaranteed cure जैसी भाषा से बचें।",No routine escalation,STANDARD,Recommended,Draft - Expert Review Required,PRV | Peer Pressure | Prevention | Prevention | Routine | PREVENT | general
PRV_01_2,PRV,रोकथाम एवं जोखिम कारक,Peer Pressure,Self,Self,Adult / Any age,Any / Not specified,Prevention,Prevention,Routine,PREVENT,मेरे साथ दोस्तों के दबाव में पहली बार नशा आजमाने की स्थिति बनना। मुझे अब क्या करना चाहिए?,मेरे साथ यह हो रहा है कि दोस्तों के दबाव में पहली बार नशा आजमाने की स्थिति बनना। मैं कैसे संभालूं?,मेरे case में दोस्तों के दबाव में पहली बार नशा आजमाने की स्थिति बनना। मुझे अभी क्या next step लेना चाहिए?,मुझसे यह दिक्कत हो रही है कि दोस्तों के दबाव में पहली बार नशा आजमाने की स्थिति बनना; मैं इसे कैसे छोड़ूं या संभालूं?,"refusal skills, peer pressure और protective choices बताना","बिना पर्याप्त जानकारी diagnosis न करें; moral judgement, stigma, shame या guaranteed cure जैसी भाषा से बचें।",No routine escalation,STANDARD,Recommended,Draft - Expert Review Required,PRV | Peer Pressure | Prevention | Prevention | Routine | PREVENT | self
PRV_01_3,PRV,रोकथाम एवं जोखिम कारक,Peer Pressure,Family Member,Family Member,Adult / Any age,Any / Not specified,Prevention,Prevention,Routine,PREVENT,मेरे परिवार के एक सदस्य में दोस्तों के दबाव में पहली बार नशा आजमाने की स्थिति बनना। हम उसकी सुरक्षित और सही तरीके से मदद कैसे करें?,घर में एक व्यक्ति के साथ दोस्तों के दबाव में पहली बार नशा आजमाने की स्थिति बनना। हमें क्या करना चाहिए?,मेरे family member में दोस्तों के दबाव में पहली बार नशा आजमाने की स्थिति बनना। हम help कैसे करें और कब professional help लें?,हमारे घर में एक सदस्य के साथ दोस्तों के दबाव में पहली बार नशा आजमाने की स्थिति बनना; समझाने और इलाज के लिए क्या तरीका रखें?,"refusal skills, peer pressure और protective choices बताना","बिना पर्याप्त जानकारी diagnosis न करें; moral judgement, stigma, shame या guaranteed cure जैसी भाषा से बचें।",No routine escalation,STANDARD,Recommended,Draft - Expert Review Required,PRV | Peer Pressure | Prevention | Prevention | Routine | PREVENT | family
PRV_01_4,PRV,रोकथाम एवं जोखिम कारक,Peer Pressure,Helper/Community Member,Other Person,Adult / Any age,Any / Not specified,Prevention,Prevention,Routine,PREVENT,"यदि किसी व्यक्ति में दोस्तों के दबाव में पहली बार नशा आजमाने की स्थिति बनना, तो उसे उचित सहायता तक कैसे पहुंचाया जाए?",किसी जानने वाले के साथ दोस्तों के दबाव में पहली बार नशा आजमाने की स्थिति बनना; उसकी मदद कैसे करें?,"अगर किसी person में दोस्तों के दबाव में पहली बार नशा आजमाने की स्थिति बनना, तो safe support और referral कैसे करें?","गांव/मोहल्ले में किसी के साथ दोस्तों के दबाव में पहली बार नशा आजमाने की स्थिति बनना, तो उसे बिना बदनाम किए मदद तक कैसे पहुंचाएं?","refusal skills, peer pressure और protective choices बताना","बिना पर्याप्त जानकारी diagnosis न करें; moral judgement, stigma, shame या guaranteed cure जैसी भाषा से बचें।",No routine escalation,STANDARD,Recommended,Draft - Expert Review Required,PRV | Peer Pressure | Prevention | Prevention | Routine | PREVENT | helper
PRV_02_1,PRV,रोकथाम एवं जोखिम कारक,Stress Coping,General Public,Person with possible substance-use concern,Adult / Any age,Any / Not specified,Experimentation,Prevention,Moderate,PREVENT,"यदि तनाव कम करने के लिए नशे को coping mechanism की तरह इस्तेमाल करना, तो इसका क्या अर्थ हो सकता है और सही अगला कदम क्या होना चाहिए?","अगर तनाव कम करने के लिए नशे को coping mechanism की तरह इस्तेमाल करना, तो इसे कितना serious मानें और क्या करें?","अगर तनाव कम करने के लिए नशे को coping mechanism की तरह इस्तेमाल करना, तो क्या यह addiction/problem का sign है और next step क्या होना चाहिए?","अगर ऐसी हालत हो कि तनाव कम करने के लिए नशे को coping mechanism की तरह इस्तेमाल करना, तो घर वाले क्या समझें और क्या कदम उठाएं?",healthy coping alternatives और risk escalation समझाना,"बिना पर्याप्त जानकारी diagnosis न करें; moral judgement, stigma, shame या guaranteed cure जैसी भाषा से बचें।",Conditional,CLINICAL_ASSESSMENT_IF_NEEDED,Recommended,Draft - Expert Review Required,PRV | Stress Coping | Prevention | Experimentation | Moderate | PREVENT | general
PRV_02_2,PRV,रोकथाम एवं जोखिम कारक,Stress Coping,Self,Self,Adult / Any age,Any / Not specified,Experimentation,Prevention,Moderate,PREVENT,मेरे साथ तनाव कम करने के लिए नशे को coping mechanism की तरह इस्तेमाल करना। मुझे अब क्या करना चाहिए?,मेरे साथ यह हो रहा है कि तनाव कम करने के लिए नशे को coping mechanism की तरह इस्तेमाल करना। मैं कैसे संभालूं?,मेरे case में तनाव कम करने के लिए नशे को coping mechanism की तरह इस्तेमाल करना। मुझे अभी क्या next step लेना चाहिए?,मुझसे यह दिक्कत हो रही है कि तनाव कम करने के लिए नशे को coping mechanism की तरह इस्तेमाल करना; मैं इसे कैसे छोड़ूं या संभालूं?,healthy coping alternatives और risk escalation समझाना,"बिना पर्याप्त जानकारी diagnosis न करें; moral judgement, stigma, shame या guaranteed cure जैसी भाषा से बचें।",Conditional,CLINICAL_ASSESSMENT_IF_NEEDED,Recommended,Draft - Expert Review Required,PRV | Stress Coping | Prevention | Experimentation | Moderate | PREVENT | self
PRV_02_3,PRV,रोकथाम एवं जोखिम कारक,Stress Coping,Family Member,Family Member,Adult / Any age,Any / Not specified,Experimentation,Prevention,Moderate,PREVENT,मेरे परिवार के एक सदस्य में तनाव कम करने के लिए नशे को coping mechanism की तरह इस्तेमाल करना। हम उसकी सुरक्षित और सही तरीके से मदद कैसे करें?,घर में एक व्यक्ति के साथ तनाव कम करने के लिए नशे को coping mechanism की तरह इस्तेमाल करना। हमें क्या करना चाहिए?,मेरे family member में तनाव कम करने के लिए नशे को coping mechanism की तरह इस्तेमाल करना। हम help कैसे करें और कब professional help लें?,हमारे घर में एक सदस्य के साथ तनाव कम करने के लिए नशे को coping mechanism की तरह इस्तेमाल करना; समझाने और इलाज के लिए क्या तरीका रखें?,healthy coping alternatives और risk escalation समझाना,"बिना पर्याप्त जानकारी diagnosis न करें; moral judgement, stigma, shame या guaranteed cure जैसी भाषा से बचें।",Conditional,CLINICAL_ASSESSMENT_IF_NEEDED,Recommended,Draft - Expert Review Required,PRV | Stress Coping | Prevention | Experimentation | Moderate | PREVENT | family
PRV_02_4,PRV,रोकथाम एवं जोखिम कारक,Stress Coping,Helper/Community Member,Other Person,Adult / Any age,Any / Not specified,Experimentation,Prevention,Moderate,PREVENT,"यदि किसी व्यक्ति में तनाव कम करने के लिए नशे को coping mechanism की तरह इस्तेमाल करना, तो उसे उचित सहायता तक कैसे पहुंचाया जाए?",किसी जानने वाले के साथ तनाव कम करने के लिए नशे को coping mechanism की तरह इस्तेमाल करना; उसकी मदद कैसे करें?,"अगर किसी person में तनाव कम करने के लिए नशे को coping mechanism की तरह इस्तेमाल करना, तो safe support और referral कैसे करें?","गांव/मोहल्ले में किसी के साथ तनाव कम करने के लिए नशे को coping mechanism की तरह इस्तेमाल करना, तो उसे बिना बदनाम किए मदद तक कैसे पहुंचाएं?",healthy coping alternatives और risk escalation समझाना,"बिना पर्याप्त जानकारी diagnosis न करें; moral judgement, stigma, shame या guaranteed cure जैसी भाषा से बचें।",Conditional,CLINICAL_ASSESSMENT_IF_NEEDED,Recommended,Draft - Expert Review Required,PRV | Stress Coping | Prevention | Experimentation | Moderate | PREVENT | helper
PRV_03_1,PRV,रोकथाम एवं जोखिम कारक,Loneliness,General Public,Person with possible substance-use concern,Adult / Any age,Any / Not specified,Experimentation,Prevention,Moderate,PREVENT,"यदि अकेलेपन या social isolation के दौरान नशे की ओर आकर्षण बढ़ना, तो इसका क्या अर्थ हो सकता है और सही अगला कदम क्या होना चाहिए?","अगर अकेलेपन या social isolation के दौरान नशे की ओर आकर्षण बढ़ना, तो इसे कितना serious मानें और क्या करें?","अगर अकेलेपन या social isolation के दौरान नशे की ओर आकर्षण बढ़ना, तो क्या यह addiction/problem का sign है और next step क्या होना चाहिए?","अगर ऐसी हालत हो कि अकेलेपन या social isolation के दौरान नशे की ओर आकर्षण बढ़ना, तो घर वाले क्या समझें और क्या कदम उठाएं?","social support, routine और early help seeking पर मार्गदर्शन देना","बिना पर्याप्त जानकारी diagnosis न करें; moral judgement, stigma, shame या guaranteed cure जैसी भाषा से बचें।",Conditional,CLINICAL_ASSESSMENT_IF_NEEDED,Recommended,Draft - Expert Review Required,PRV | Loneliness | Prevention | Experimentation | Moderate | PREVENT | general
PRV_03_2,PRV,रोकथाम एवं जोखिम कारक,Loneliness,Self,Self,Adult / Any age,Any / Not specified,Experimentation,Prevention,Moderate,PREVENT,मेरे साथ अकेलेपन या social isolation के दौरान नशे की ओर आकर्षण बढ़ना। मुझे अब क्या करना चाहिए?,मेरे साथ यह हो रहा है कि अकेलेपन या social isolation के दौरान नशे की ओर आकर्षण बढ़ना। मैं कैसे संभालूं?,मेरे case में अकेलेपन या social isolation के दौरान नशे की ओर आकर्षण बढ़ना। मुझे अभी क्या next step लेना चाहिए?,मुझसे यह दिक्कत हो रही है कि अकेलेपन या social isolation के दौरान नशे की ओर आकर्षण बढ़ना; मैं इसे कैसे छोड़ूं या संभालूं?,"social support, routine और early help seeking पर मार्गदर्शन देना","बिना पर्याप्त जानकारी diagnosis न करें; moral judgement, stigma, shame या guaranteed cure जैसी भाषा से बचें।",Conditional,CLINICAL_ASSESSMENT_IF_NEEDED,Recommended,Draft - Expert Review Required,PRV | Loneliness | Prevention | Experimentation | Moderate | PREVENT | self
PRV_03_3,PRV,रोकथाम एवं जोखिम कारक,Loneliness,Family Member,Family Member,Adult / Any age,Any / Not specified,Experimentation,Prevention,Moderate,PREVENT,मेरे परिवार के एक सदस्य में अकेलेपन या social isolation के दौरान नशे की ओर आकर्षण बढ़ना। हम उसकी सुरक्षित और सही तरीके से मदद कैसे करें?,घर में एक व्यक्ति के साथ अकेलेपन या social isolation के दौरान नशे की ओर आकर्षण बढ़ना। हमें क्या करना चाहिए?,मेरे family member में अकेलेपन या social isolation के दौरान नशे की ओर आकर्षण बढ़ना। हम help कैसे करें और कब professional help लें?,हमारे घर में एक सदस्य के साथ अकेलेपन या social isolation के दौरान नशे की ओर आकर्षण बढ़ना; समझाने और इलाज के लिए क्या तरीका रखें?,"social support, routine और early help seeking पर मार्गदर्शन देना","बिना पर्याप्त जानकारी diagnosis न करें; moral judgement, stigma, shame या guaranteed cure जैसी भाषा से बचें।",Conditional,CLINICAL_ASSESSMENT_IF_NEEDED,Recommended,Draft - Expert Review Required,PRV | Loneliness | Prevention | Experimentation | Moderate | PREVENT | family
PRV_03_4,PRV,रोकथाम एवं जोखिम कारक,Loneliness,Helper/Community Member,Other Person,Adult / Any age,Any / Not specified,Experimentation,Prevention,Moderate,PREVENT,"यदि किसी व्यक्ति में अकेलेपन या social isolation के दौरान नशे की ओर आकर्षण बढ़ना, तो उसे उचित सहायता तक कैसे पहुंचाया जाए?",किसी जानने वाले के साथ अकेलेपन या social isolation के दौरान नशे की ओर आकर्षण बढ़ना; उसकी मदद कैसे करें?,"अगर किसी person में अकेलेपन या social isolation के दौरान नशे की ओर आकर्षण बढ़ना, तो safe support और referral कैसे करें?","गांव/मोहल्ले में किसी के साथ अकेलेपन या social isolation के दौरान नशे की ओर आकर्षण बढ़ना, तो उसे बिना बदनाम किए मदद तक कैसे पहुंचाएं?","social support, routine और early help seeking पर मार्गदर्शन देना","बिना पर्याप्त जानकारी diagnosis न करें; moral judgement, stigma, shame या guaranteed cure जैसी भाषा से बचें।",Conditional,CLINICAL_ASSESSMENT_IF_NEEDED,Recommended,Draft - Expert Review Required,PRV | Loneliness | Prevention | Experimentation | Moderate | PREVENT | helper
PRV_04_1,PRV,रोकथाम एवं जोखिम कारक,Family History,General Public,Person with possible substance-use concern,Adult / Any age,Any / Not specified,Prevention,Risk Assessment,Routine,INFO,"यदि परिवार में addiction का इतिहास होने के कारण भविष्य के जोखिम की चिंता होना, तो इसका क्या अर्थ हो सकता है और सही अगला कदम क्या होना चाहिए?","अगर परिवार में addiction का इतिहास होने के कारण भविष्य के जोखिम की चिंता होना, तो इसे कितना serious मानें और क्या करें?","अगर परिवार में addiction का इतिहास होने के कारण भविष्य के जोखिम की चिंता होना, तो क्या यह addiction/problem का sign है और next step क्या होना चाहिए?","अगर ऐसी हालत हो कि परिवार में addiction का इतिहास होने के कारण भविष्य के जोखिम की चिंता होना, तो घर वाले क्या समझें और क्या कदम उठाएं?",genetic और environmental risk को balanced ढंग से समझाना,"बिना पर्याप्त जानकारी diagnosis न करें; moral judgement, stigma, shame या guaranteed cure जैसी भाषा से बचें।",No routine escalation,STANDARD,Recommended,Draft - Expert Review Required,PRV | Family History | Risk Assessment | Prevention | Routine | INFO | general
PRV_04_2,PRV,रोकथाम एवं जोखिम कारक,Family History,Self,Self,Adult / Any age,Any / Not specified,Prevention,Risk Assessment,Routine,INFO,मेरे साथ परिवार में addiction का इतिहास होने के कारण भविष्य के जोखिम की चिंता होना। मुझे अब क्या करना चाहिए?,मेरे साथ यह हो रहा है कि परिवार में addiction का इतिहास होने के कारण भविष्य के जोखिम की चिंता होना। मैं कैसे संभालूं?,मेरे case में परिवार में addiction का इतिहास होने के कारण भविष्य के जोखिम की चिंता होना। मुझे अभी क्या next step लेना चाहिए?,मुझसे यह दिक्कत हो रही है कि परिवार में addiction का इतिहास होने के कारण भविष्य के जोखिम की चिंता होना; मैं इसे कैसे छोड़ूं या संभालूं?,genetic और environmental risk को balanced ढंग से समझाना,"बिना पर्याप्त जानकारी diagnosis न करें; moral judgement, stigma, shame या guaranteed cure जैसी भाषा से बचें।",No routine escalation,STANDARD,Recommended,Draft - Expert Review Required,PRV | Family History | Risk Assessment | Prevention | Routine | INFO | self
PRV_04_3,PRV,रोकथाम एवं जोखिम कारक,Family History,Family Member,Family Member,Adult / Any age,Any / Not specified,Prevention,Risk Assessment,Routine,INFO,मेरे परिवार के एक सदस्य में परिवार में addiction का इतिहास होने के कारण भविष्य के जोखिम की चिंता होना। हम उसकी सुरक्षित और सही तरीके से मदद कैसे करें?,घर में एक व्यक्ति के साथ परिवार में addiction का इतिहास होने के कारण भविष्य के जोखिम की चिंता होना। हमें क्या करना चाहिए?,मेरे family member में परिवार में addiction का इतिहास होने के कारण भविष्य के जोखिम की चिंता होना। हम help कैसे करें और कब professional help लें?,हमारे घर में एक सदस्य के साथ परिवार में addiction का इतिहास होने के कारण भविष्य के जोखिम की चिंता होना; समझाने और इलाज के लिए क्या तरीका रखें?,genetic और environmental risk को balanced ढंग से समझाना,"बिना पर्याप्त जानकारी diagnosis न करें; moral judgement, stigma, shame या guaranteed cure जैसी भाषा से बचें।",No routine escalation,STANDARD,Recommended,Draft - Expert Review Required,PRV | Family History | Risk Assessment | Prevention | Routine | INFO | family
PRV_04_4,PRV,रोकथाम एवं जोखिम कारक,Family History,Helper/Community Member,Other Person,Adult / Any age,Any / Not specified,Prevention,Risk Assessment,Routine,INFO,"यदि किसी व्यक्ति में परिवार में addiction का इतिहास होने के कारण भविष्य के जोखिम की चिंता होना, तो उसे उचित सहायता तक कैसे पहुंचाया जाए?",किसी जानने वाले के साथ परिवार में addiction का इतिहास होने के कारण भविष्य के जोखिम की चिंता होना; उसकी मदद कैसे करें?,"अगर किसी person में परिवार में addiction का इतिहास होने के कारण भविष्य के जोखिम की चिंता होना, तो safe support और referral कैसे करें?","गांव/मोहल्ले में किसी के साथ परिवार में addiction का इतिहास होने के कारण भविष्य के जोखिम की चिंता होना, तो उसे बिना बदनाम किए मदद तक कैसे पहुंचाएं?",genetic और environmental risk को balanced ढंग से समझाना,"बिना पर्याप्त जानकारी diagnosis न करें; moral judgement, stigma, shame या guaranteed cure जैसी भाषा से बचें।",No routine escalation,STANDARD,Recommended,Draft - Expert Review Required,PRV | Family History | Risk Assessment | Prevention | Routine | INFO | helper
PRV_05_1,PRV,रोकथाम एवं जोखिम कारक,Easy Availability,General Public,Person with possible substance-use concern,Adult / Any age,Any / Not specified,Prevention,Community Prevention,Routine,SOCIAL,"यदि घर, मोहल्ले या गांव में नशा आसानी से उपलब्ध होने से जोखिम बढ़ना, तो इसका क्या अर्थ हो सकता है और सही अगला कदम क्या होना चाहिए?","अगर घर, मोहल्ले या गांव में नशा आसानी से उपलब्ध होने से जोखिम बढ़ना, तो इसे कितना serious मानें और क्या करें?","अगर घर, मोहल्ले या गांव में नशा आसानी से उपलब्ध होने से जोखिम बढ़ना, तो क्या यह addiction/problem का sign है और next step क्या होना चाहिए?","अगर ऐसी हालत हो कि घर, मोहल्ले या गांव में नशा आसानी से उपलब्ध होने से जोखिम बढ़ना, तो घर वाले क्या समझें और क्या कदम उठाएं?","availability reduction, supervision और community action सुझाना","बिना पर्याप्त जानकारी diagnosis न करें; moral judgement, stigma, shame या guaranteed cure जैसी भाषा से बचें।",No routine escalation,STANDARD,Recommended,Draft - Expert Review Required,PRV | Easy Availability | Community Prevention | Prevention | Routine | SOCIAL | general
PRV_05_2,PRV,रोकथाम एवं जोखिम कारक,Easy Availability,Self,Self,Adult / Any age,Any / Not specified,Prevention,Community Prevention,Routine,SOCIAL,"मेरे साथ घर, मोहल्ले या गांव में नशा आसानी से उपलब्ध होने से जोखिम बढ़ना। मुझे अब क्या करना चाहिए?","मेरे साथ यह हो रहा है कि घर, मोहल्ले या गांव में नशा आसानी से उपलब्ध होने से जोखिम बढ़ना। मैं कैसे संभालूं?","मेरे case में घर, मोहल्ले या गांव में नशा आसानी से उपलब्ध होने से जोखिम बढ़ना। मुझे अभी क्या next step लेना चाहिए?","मुझसे यह दिक्कत हो रही है कि घर, मोहल्ले या गांव में नशा आसानी से उपलब्ध होने से जोखिम बढ़ना; मैं इसे कैसे छोड़ूं या संभालूं?","availability reduction, supervision और community action सुझाना","बिना पर्याप्त जानकारी diagnosis न करें; moral judgement, stigma, shame या guaranteed cure जैसी भाषा से बचें।",No routine escalation,STANDARD,Recommended,Draft - Expert Review Required,PRV | Easy Availability | Community Prevention | Prevention | Routine | SOCIAL | self
PRV_05_3,PRV,रोकथाम एवं जोखिम कारक,Easy Availability,Family Member,Family Member,Adult / Any age,Any / Not specified,Prevention,Community Prevention,Routine,SOCIAL,"मेरे परिवार के एक सदस्य में घर, मोहल्ले या गांव में नशा आसानी से उपलब्ध होने से जोखिम बढ़ना। हम उसकी सुरक्षित और सही तरीके से मदद कैसे करें?","घर में एक व्यक्ति के साथ घर, मोहल्ले या गांव में नशा आसानी से उपलब्ध होने से जोखिम बढ़ना। हमें क्या करना चाहिए?","मेरे family member में घर, मोहल्ले या गांव में नशा आसानी से उपलब्ध होने से जोखिम बढ़ना। हम help कैसे करें और कब professional help लें?","हमारे घर में एक सदस्य के साथ घर, मोहल्ले या गांव में नशा आसानी से उपलब्ध होने से जोखिम बढ़ना; समझाने और इलाज के लिए क्या तरीका रखें?","availability reduction, supervision और community action सुझाना","बिना पर्याप्त जानकारी diagnosis न करें; moral judgement, stigma, shame या guaranteed cure जैसी भाषा से बचें।",No routine escalation,STANDARD,Recommended,Draft - Expert Review Required,PRV | Easy Availability | Community Prevention | Prevention | Routine | SOCIAL | family
PRV_05_4,PRV,रोकथाम एवं जोखिम कारक,Easy Availability,Helper/Community Member,Other Person,Adult / Any age,Any / Not specified,Prevention,Community Prevention,Routine,SOCIAL,"यदि किसी व्यक्ति में घर, मोहल्ले या गांव में नशा आसानी से उपलब्ध होने से जोखिम बढ़ना, तो उसे उचित सहायता तक कैसे पहुंचाया जाए?","किसी जानने वाले के साथ घर, मोहल्ले या गांव में नशा आसानी से उपलब्ध होने से जोखिम बढ़ना; उसकी मदद कैसे करें?","अगर किसी person में घर, मोहल्ले या गांव में नशा आसानी से उपलब्ध होने से जोखिम बढ़ना, तो safe support और referral कैसे करें?","गांव/मोहल्ले में किसी के साथ घर, मोहल्ले या गांव में नशा आसानी से उपलब्ध होने से जोखिम बढ़ना, तो उसे बिना बदनाम किए मदद तक कैसे पहुंचाएं?","availability reduction, supervision और community action सुझाना","बिना पर्याप्त जानकारी diagnosis न करें; moral judgement, stigma, shame या guaranteed cure जैसी भाषा से बचें।",No routine escalation,STANDARD,Recommended,Draft - Expert Review Required,PRV | Easy Availability | Community Prevention | Prevention | Routine | SOCIAL | helper
PRV_06_1,PRV,रोकथाम एवं जोखिम कारक,Social Media,General Public,Person with possible substance-use concern,Adult / Any age,Any / Not specified,Prevention,Media Literacy,Routine,PREVENT,"यदि सोशल मीडिया या फिल्मों में नशे को glamorous दिखाए जाने से प्रभावित होना, तो इसका क्या अर्थ हो सकता है और सही अगला कदम क्या होना चाहिए?","अगर सोशल मीडिया या फिल्मों में नशे को glamorous दिखाए जाने से प्रभावित होना, तो इसे कितना serious मानें और क्या करें?","अगर सोशल मीडिया या फिल्मों में नशे को glamorous दिखाए जाने से प्रभावित होना, तो क्या यह addiction/problem का sign है और next step क्या होना चाहिए?","अगर ऐसी हालत हो कि सोशल मीडिया या फिल्मों में नशे को glamorous दिखाए जाने से प्रभावित होना, तो घर वाले क्या समझें और क्या कदम उठाएं?",media literacy और critical discussion के तरीके बताना,"बिना पर्याप्त जानकारी diagnosis न करें; moral judgement, stigma, shame या guaranteed cure जैसी भाषा से बचें।",No routine escalation,STANDARD,Recommended,Draft - Expert Review Required,PRV | Social Media | Media Literacy | Prevention | Routine | PREVENT | general
PRV_06_2,PRV,रोकथाम एवं जोखिम कारक,Social Media,Self,Self,Adult / Any age,Any / Not specified,Prevention,Media Literacy,Routine,PREVENT,मेरे साथ सोशल मीडिया या फिल्मों में नशे को glamorous दिखाए जाने से प्रभावित होना। मुझे अब क्या करना चाहिए?,मेरे साथ यह हो रहा है कि सोशल मीडिया या फिल्मों में नशे को glamorous दिखाए जाने से प्रभावित होना। मैं कैसे संभालूं?,मेरे case में सोशल मीडिया या फिल्मों में नशे को glamorous दिखाए जाने से प्रभावित होना। मुझे अभी क्या next step लेना चाहिए?,मुझसे यह दिक्कत हो रही है कि सोशल मीडिया या फिल्मों में नशे को glamorous दिखाए जाने से प्रभावित होना; मैं इसे कैसे छोड़ूं या संभालूं?,media literacy और critical discussion के तरीके बताना,"बिना पर्याप्त जानकारी diagnosis न करें; moral judgement, stigma, shame या guaranteed cure जैसी भाषा से बचें।",No routine escalation,STANDARD,Recommended,Draft - Expert Review Required,PRV | Social Media | Media Literacy | Prevention | Routine | PREVENT | self
PRV_06_3,PRV,रोकथाम एवं जोखिम कारक,Social Media,Family Member,Family Member,Adult / Any age,Any / Not specified,Prevention,Media Literacy,Routine,PREVENT,मेरे परिवार के एक सदस्य में सोशल मीडिया या फिल्मों में नशे को glamorous दिखाए जाने से प्रभावित होना। हम उसकी सुरक्षित और सही तरीके से मदद कैसे करें?,घर में एक व्यक्ति के साथ सोशल मीडिया या फिल्मों में नशे को glamorous दिखाए जाने से प्रभावित होना। हमें क्या करना चाहिए?,मेरे family member में सोशल मीडिया या फिल्मों में नशे को glamorous दिखाए जाने से प्रभावित होना। हम help कैसे करें और कब professional help लें?,हमारे घर में एक सदस्य के साथ सोशल मीडिया या फिल्मों में नशे को glamorous दिखाए जाने से प्रभावित होना; समझाने और इलाज के लिए क्या तरीका रखें?,media literacy और critical discussion के तरीके बताना,"बिना पर्याप्त जानकारी diagnosis न करें; moral judgement, stigma, shame या guaranteed cure जैसी भाषा से बचें।",No routine escalation,STANDARD,Recommended,Draft - Expert Review Required,PRV | Social Media | Media Literacy | Prevention | Routine | PREVENT | family
PRV_06_4,PRV,रोकथाम एवं जोखिम कारक,Social Media,Helper/Community Member,Other Person,Adult / Any age,Any / Not specified,Prevention,Media Literacy,Routine,PREVENT,"यदि किसी व्यक्ति में सोशल मीडिया या फिल्मों में नशे को glamorous दिखाए जाने से प्रभावित होना, तो उसे उचित सहायता तक कैसे पहुंचाया जाए?",किसी जानने वाले के साथ सोशल मीडिया या फिल्मों में नशे को glamorous दिखाए जाने से प्रभावित होना; उसकी मदद कैसे करें?,"अगर किसी person में सोशल मीडिया या फिल्मों में नशे को glamorous दिखाए जाने से प्रभावित होना, तो safe support और referral कैसे करें?","गांव/मोहल्ले में किसी के साथ सोशल मीडिया या फिल्मों में नशे को glamorous दिखाए जाने से प्रभावित होना, तो उसे बिना बदनाम किए मदद तक कैसे पहुंचाएं?",media literacy और critical discussion के तरीके बताना,"बिना पर्याप्त जानकारी diagnosis न करें; moral judgement, stigma, shame या guaranteed cure जैसी भाषा से बचें।",No routine escalation,STANDARD,Recommended,Draft - Expert Review Required,PRV | Social Media | Media Literacy | Prevention | Routine | PREVENT | helper
PRV_07_1,PRV,रोकथाम एवं जोखिम कारक,Boredom,General Public,Person with possible substance-use concern,Adult / Any age,Any / Not specified,Experimentation,Prevention,Routine,PREVENT,"यदि खाली समय और boredom के कारण नशा आजमाने का मन होना, तो इसका क्या अर्थ हो सकता है और सही अगला कदम क्या होना चाहिए?","अगर खाली समय और boredom के कारण नशा आजमाने का मन होना, तो इसे कितना serious मानें और क्या करें?","अगर खाली समय और boredom के कारण नशा आजमाने का मन होना, तो क्या यह addiction/problem का sign है और next step क्या होना चाहिए?","अगर ऐसी हालत हो कि खाली समय और boredom के कारण नशा आजमाने का मन होना, तो घर वाले क्या समझें और क्या कदम उठाएं?","structured activities, sports, skills और social engagement सुझाना","बिना पर्याप्त जानकारी diagnosis न करें; moral judgement, stigma, shame या guaranteed cure जैसी भाषा से बचें।",No routine escalation,STANDARD,Recommended,Draft - Expert Review Required,PRV | Boredom | Prevention | Experimentation | Routine | PREVENT | general
PRV_07_2,PRV,रोकथाम एवं जोखिम कारक,Boredom,Self,Self,Adult / Any age,Any / Not specified,Experimentation,Prevention,Routine,PREVENT,मेरे साथ खाली समय और boredom के कारण नशा आजमाने का मन होना। मुझे अब क्या करना चाहिए?,मेरे साथ यह हो रहा है कि खाली समय और boredom के कारण नशा आजमाने का मन होना। मैं कैसे संभालूं?,मेरे case में खाली समय और boredom के कारण नशा आजमाने का मन होना। मुझे अभी क्या next step लेना चाहिए?,मुझसे यह दिक्कत हो रही है कि खाली समय और boredom के कारण नशा आजमाने का मन होना; मैं इसे कैसे छोड़ूं या संभालूं?,"structured activities, sports, skills और social engagement सुझाना","बिना पर्याप्त जानकारी diagnosis न करें; moral judgement, stigma, shame या guaranteed cure जैसी भाषा से बचें।",No routine escalation,STANDARD,Recommended,Draft - Expert Review Required,PRV | Boredom | Prevention | Experimentation | Routine | PREVENT | self
PRV_07_3,PRV,रोकथाम एवं जोखिम कारक,Boredom,Family Member,Family Member,Adult / Any age,Any / Not specified,Experimentation,Prevention,Routine,PREVENT,मेरे परिवार के एक सदस्य में खाली समय और boredom के कारण नशा आजमाने का मन होना। हम उसकी सुरक्षित और सही तरीके से मदद कैसे करें?,घर में एक व्यक्ति के साथ खाली समय और boredom के कारण नशा आजमाने का मन होना। हमें क्या करना चाहिए?,मेरे family member में खाली समय और boredom के कारण नशा आजमाने का मन होना। हम help कैसे करें और कब professional help लें?,हमारे घर में एक सदस्य के साथ खाली समय और boredom के कारण नशा आजमाने का मन होना; समझाने और इलाज के लिए क्या तरीका रखें?,"structured activities, sports, skills और social engagement सुझाना","बिना पर्याप्त जानकारी diagnosis न करें; moral judgement, stigma, shame या guaranteed cure जैसी भाषा से बचें।",No routine escalation,STANDARD,Recommended,Draft - Expert Review Required,PRV | Boredom | Prevention | Experimentation | Routine | PREVENT | family
PRV_07_4,PRV,रोकथाम एवं जोखिम कारक,Boredom,Helper/Community Member,Other Person,Adult / Any age,Any / Not specified,Experimentation,Prevention,Routine,PREVENT,"यदि किसी व्यक्ति में खाली समय और boredom के कारण नशा आजमाने का मन होना, तो उसे उचित सहायता तक कैसे पहुंचाया जाए?",किसी जानने वाले के साथ खाली समय और boredom के कारण नशा आजमाने का मन होना; उसकी मदद कैसे करें?,"अगर किसी person में खाली समय और boredom के कारण नशा आजमाने का मन होना, तो safe support और referral कैसे करें?","गांव/मोहल्ले में किसी के साथ खाली समय और boredom के कारण नशा आजमाने का मन होना, तो उसे बिना बदनाम किए मदद तक कैसे पहुंचाएं?","structured activities, sports, skills और social engagement सुझाना","बिना पर्याप्त जानकारी diagnosis न करें; moral judgement, stigma, shame या guaranteed cure जैसी भाषा से बचें।",No routine escalation,STANDARD,Recommended,Draft - Expert Review Required,PRV | Boredom | Prevention | Experimentation | Routine | PREVENT | helper
PRV_08_1,PRV,रोकथाम एवं जोखिम कारक,Academic Pressure,General Public,Person with possible substance-use concern,Adult / Any age,Any / Not specified,Experimentation,Prevention,Moderate,PREVENT,"यदि पढ़ाई या परीक्षा के दबाव में नशे या pills की ओर झुकाव होना, तो इसका क्या अर्थ हो सकता है और सही अगला कदम क्या होना चाहिए?","अगर पढ़ाई या परीक्षा के दबाव में नशे या pills की ओर झुकाव होना, तो इसे कितना serious मानें और क्या करें?","अगर पढ़ाई या परीक्षा के दबाव में नशे या pills की ओर झुकाव होना, तो क्या यह addiction/problem का sign है और next step क्या होना चाहिए?","अगर ऐसी हालत हो कि पढ़ाई या परीक्षा के दबाव में नशे या pills की ओर झुकाव होना, तो घर वाले क्या समझें और क्या कदम उठाएं?","safe study habits, sleep, stress support और medication misuse से बचाव बताना","बिना पर्याप्त जानकारी diagnosis न करें; moral judgement, stigma, shame या guaranteed cure जैसी भाषा से बचें।",Conditional,CLINICAL_ASSESSMENT_IF_NEEDED,Recommended,Draft - Expert Review Required,PRV | Academic Pressure | Prevention | Experimentation | Moderate | PREVENT | general
PRV_08_2,PRV,रोकथाम एवं जोखिम कारक,Academic Pressure,Self,Self,Adult / Any age,Any / Not specified,Experimentation,Prevention,Moderate,PREVENT,मेरे साथ पढ़ाई या परीक्षा के दबाव में नशे या pills की ओर झुकाव होना। मुझे अब क्या करना चाहिए?,मेरे साथ यह हो रहा है कि पढ़ाई या परीक्षा के दबाव में नशे या pills की ओर झुकाव होना। मैं कैसे संभालूं?,मेरे case में पढ़ाई या परीक्षा के दबाव में नशे या pills की ओर झुकाव होना। मुझे अभी क्या next step लेना चाहिए?,मुझसे यह दिक्कत हो रही है कि पढ़ाई या परीक्षा के दबाव में नशे या pills की ओर झुकाव होना; मैं इसे कैसे छोड़ूं या संभालूं?,"safe study habits, sleep, stress support और medication misuse से बचाव बताना","बिना पर्याप्त जानकारी diagnosis न करें; moral judgement, stigma, shame या guaranteed cure जैसी भाषा से बचें।",Conditional,CLINICAL_ASSESSMENT_IF_NEEDED,Recommended,Draft - Expert Review Required,PRV | Academic Pressure | Prevention | Experimentation | Moderate | PREVENT | self
PRV_08_3,PRV,रोकथाम एवं जोखिम कारक,Academic Pressure,Family Member,Family Member,Adult / Any age,Any / Not specified,Experimentation,Prevention,Moderate,PREVENT,मेरे परिवार के एक सदस्य में पढ़ाई या परीक्षा के दबाव में नशे या pills की ओर झुकाव होना। हम उसकी सुरक्षित और सही तरीके से मदद कैसे करें?,घर में एक व्यक्ति के साथ पढ़ाई या परीक्षा के दबाव में नशे या pills की ओर झुकाव होना। हमें क्या करना चाहिए?,मेरे family member में पढ़ाई या परीक्षा के दबाव में नशे या pills की ओर झुकाव होना। हम help कैसे करें और कब professional help लें?,हमारे घर में एक सदस्य के साथ पढ़ाई या परीक्षा के दबाव में नशे या pills की ओर झुकाव होना; समझाने और इलाज के लिए क्या तरीका रखें?,"safe study habits, sleep, stress support और medication misuse से बचाव बताना","बिना पर्याप्त जानकारी diagnosis न करें; moral judgement, stigma, shame या guaranteed cure जैसी भाषा से बचें।",Conditional,CLINICAL_ASSESSMENT_IF_NEEDED,Recommended,Draft - Expert Review Required,PRV | Academic Pressure | Prevention | Experimentation | Moderate | PREVENT | family
PRV_08_4,PRV,रोकथाम एवं जोखिम कारक,Academic Pressure,Helper/Community Member,Other Person,Adult / Any age,Any / Not specified,Experimentation,Prevention,Moderate,PREVENT,"यदि किसी व्यक्ति में पढ़ाई या परीक्षा के दबाव में नशे या pills की ओर झुकाव होना, तो उसे उचित सहायता तक कैसे पहुंचाया जाए?",किसी जानने वाले के साथ पढ़ाई या परीक्षा के दबाव में नशे या pills की ओर झुकाव होना; उसकी मदद कैसे करें?,"अगर किसी person में पढ़ाई या परीक्षा के दबाव में नशे या pills की ओर झुकाव होना, तो safe support और referral कैसे करें?","गांव/मोहल्ले में किसी के साथ पढ़ाई या परीक्षा के दबाव में नशे या pills की ओर झुकाव होना, तो उसे बिना बदनाम किए मदद तक कैसे पहुंचाएं?","safe study habits, sleep, stress support और medication misuse से बचाव बताना","बिना पर्याप्त जानकारी diagnosis न करें; moral judgement, stigma, shame या guaranteed cure जैसी भाषा से बचें।",Conditional,CLINICAL_ASSESSMENT_IF_NEEDED,Recommended,Draft - Expert Review Required,PRV | Academic Pressure | Prevention | Experimentation | Moderate | PREVENT | helper
PRV_09_1,PRV,रोकथाम एवं जोखिम कारक,Relationship Stress,General Public,Person with possible substance-use concern,Adult / Any age,Any / Not specified,Experimentation,Prevention,Moderate,PREVENT,"यदि breakup या रिश्तों के तनाव के बाद नशा बढ़ने का खतरा होना, तो इसका क्या अर्थ हो सकता है और सही अगला कदम क्या होना चाहिए?","अगर breakup या रिश्तों के तनाव के बाद नशा बढ़ने का खतरा होना, तो इसे कितना serious मानें और क्या करें?","अगर breakup या रिश्तों के तनाव के बाद नशा बढ़ने का खतरा होना, तो क्या यह addiction/problem का sign है और next step क्या होना चाहिए?","अगर ऐसी हालत हो कि breakup या रिश्तों के तनाव के बाद नशा बढ़ने का खतरा होना, तो घर वाले क्या समझें और क्या कदम उठाएं?",emotion regulation और support seeking पर मार्गदर्शन देना,"बिना पर्याप्त जानकारी diagnosis न करें; moral judgement, stigma, shame या guaranteed cure जैसी भाषा से बचें।",Conditional,CLINICAL_ASSESSMENT_IF_NEEDED,Recommended,Draft - Expert Review Required,PRV | Relationship Stress | Prevention | Experimentation | Moderate | PREVENT | general
PRV_09_2,PRV,रोकथाम एवं जोखिम कारक,Relationship Stress,Self,Self,Adult / Any age,Any / Not specified,Experimentation,Prevention,Moderate,PREVENT,मेरे साथ breakup या रिश्तों के तनाव के बाद नशा बढ़ने का खतरा होना। मुझे अब क्या करना चाहिए?,मेरे साथ यह हो रहा है कि breakup या रिश्तों के तनाव के बाद नशा बढ़ने का खतरा होना। मैं कैसे संभालूं?,मेरे case में breakup या रिश्तों के तनाव के बाद नशा बढ़ने का खतरा होना। मुझे अभी क्या next step लेना चाहिए?,मुझसे यह दिक्कत हो रही है कि breakup या रिश्तों के तनाव के बाद नशा बढ़ने का खतरा होना; मैं इसे कैसे छोड़ूं या संभालूं?,emotion regulation और support seeking पर मार्गदर्शन देना,"बिना पर्याप्त जानकारी diagnosis न करें; moral judgement, stigma, shame या guaranteed cure जैसी भाषा से बचें।",Conditional,CLINICAL_ASSESSMENT_IF_NEEDED,Recommended,Draft - Expert Review Required,PRV | Relationship Stress | Prevention | Experimentation | Moderate | PREVENT | self
PRV_09_3,PRV,रोकथाम एवं जोखिम कारक,Relationship Stress,Family Member,Family Member,Adult / Any age,Any / Not specified,Experimentation,Prevention,Moderate,PREVENT,मेरे परिवार के एक सदस्य में breakup या रिश्तों के तनाव के बाद नशा बढ़ने का खतरा होना। हम उसकी सुरक्षित और सही तरीके से मदद कैसे करें?,घर में एक व्यक्ति के साथ breakup या रिश्तों के तनाव के बाद नशा बढ़ने का खतरा होना। हमें क्या करना चाहिए?,मेरे family member में breakup या रिश्तों के तनाव के बाद नशा बढ़ने का खतरा होना। हम help कैसे करें और कब professional help लें?,हमारे घर में एक सदस्य के साथ breakup या रिश्तों के तनाव के बाद नशा बढ़ने का खतरा होना; समझाने और इलाज के लिए क्या तरीका रखें?,emotion regulation और support seeking पर मार्गदर्शन देना,"बिना पर्याप्त जानकारी diagnosis न करें; moral judgement, stigma, shame या guaranteed cure जैसी भाषा से बचें।",Conditional,CLINICAL_ASSESSMENT_IF_NEEDED,Recommended,Draft - Expert Review Required,PRV | Relationship Stress | Prevention | Experimentation | Moderate | PREVENT | family
PRV_09_4,PRV,रोकथाम एवं जोखिम कारक,Relationship Stress,Helper/Community Member,Other Person,Adult / Any age,Any / Not specified,Experimentation,Prevention,Moderate,PREVENT,"यदि किसी व्यक्ति में breakup या रिश्तों के तनाव के बाद नशा बढ़ने का खतरा होना, तो उसे उचित सहायता तक कैसे पहुंचाया जाए?",किसी जानने वाले के साथ breakup या रिश्तों के तनाव के बाद नशा बढ़ने का खतरा होना; उसकी मदद कैसे करें?,"अगर किसी person में breakup या रिश्तों के तनाव के बाद नशा बढ़ने का खतरा होना, तो safe support और referral कैसे करें?","गांव/मोहल्ले में किसी के साथ breakup या रिश्तों के तनाव के बाद नशा बढ़ने का खतरा होना, तो उसे बिना बदनाम किए मदद तक कैसे पहुंचाएं?",emotion regulation और support seeking पर मार्गदर्शन देना,"बिना पर्याप्त जानकारी diagnosis न करें; moral judgement, stigma, shame या guaranteed cure जैसी भाषा से बचें।",Conditional,CLINICAL_ASSESSMENT_IF_NEEDED,Recommended,Draft - Expert Review Required,PRV | Relationship Stress | Prevention | Experimentation | Moderate | PREVENT | helper
PRV_10_1,PRV,रोकथाम एवं जोखिम कारक,Protective Factors,General Public,Person with possible substance-use concern,Adult / Any age,Any / Not specified,Prevention,Prevention,Routine,PREVENT,"यदि बच्चों और युवाओं को नशे से बचाने वाले protective factors जानने की जरूरत होना, तो इसका क्या अर्थ हो सकता है और सही अगला कदम क्या होना चाहिए?","अगर बच्चों और युवाओं को नशे से बचाने वाले protective factors जानने की जरूरत होना, तो इसे कितना serious मानें और क्या करें?","अगर बच्चों और युवाओं को नशे से बचाने वाले protective factors जानने की जरूरत होना, तो क्या यह addiction/problem का sign है और next step क्या होना चाहिए?","अगर ऐसी हालत हो कि बच्चों और युवाओं को नशे से बचाने वाले protective factors जानने की जरूरत होना, तो घर वाले क्या समझें और क्या कदम उठाएं?","connected parenting, routines, purpose, peers और early dialogue बताना","बिना पर्याप्त जानकारी diagnosis न करें; moral judgement, stigma, shame या guaranteed cure जैसी भाषा से बचें।",No routine escalation,STANDARD,Recommended,Draft - Expert Review Required,PRV | Protective Factors | Prevention | Prevention | Routine | PREVENT | general
PRV_10_2,PRV,रोकथाम एवं जोखिम कारक,Protective Factors,Self,Self,Adult / Any age,Any / Not specified,Prevention,Prevention,Routine,PREVENT,मेरे साथ बच्चों और युवाओं को नशे से बचाने वाले protective factors जानने की जरूरत होना। मुझे अब क्या करना चाहिए?,मेरे साथ यह हो रहा है कि बच्चों और युवाओं को नशे से बचाने वाले protective factors जानने की जरूरत होना। मैं कैसे संभालूं?,मेरे case में बच्चों और युवाओं को नशे से बचाने वाले protective factors जानने की जरूरत होना। मुझे अभी क्या next step लेना चाहिए?,मुझसे यह दिक्कत हो रही है कि बच्चों और युवाओं को नशे से बचाने वाले protective factors जानने की जरूरत होना; मैं इसे कैसे छोड़ूं या संभालूं?,"connected parenting, routines, purpose, peers और early dialogue बताना","बिना पर्याप्त जानकारी diagnosis न करें; moral judgement, stigma, shame या guaranteed cure जैसी भाषा से बचें।",No routine escalation,STANDARD,Recommended,Draft - Expert Review Required,PRV | Protective Factors | Prevention | Prevention | Routine | PREVENT | self
PRV_10_3,PRV,रोकथाम एवं जोखिम कारक,Protective Factors,Family Member,Family Member,Adult / Any age,Any / Not specified,Prevention,Prevention,Routine,PREVENT,मेरे परिवार के एक सदस्य में बच्चों और युवाओं को नशे से बचाने वाले protective factors जानने की जरूरत होना। हम उसकी सुरक्षित और सही तरीके से मदद कैसे करें?,घर में एक व्यक्ति के साथ बच्चों और युवाओं को नशे से बचाने वाले protective factors जानने की जरूरत होना। हमें क्या करना चाहिए?,मेरे family member में बच्चों और युवाओं को नशे से बचाने वाले protective factors जानने की जरूरत होना। हम help कैसे करें और कब professional help लें?,हमारे घर में एक सदस्य के साथ बच्चों और युवाओं को नशे से बचाने वाले protective factors जानने की जरूरत होना; समझाने और इलाज के लिए क्या तरीका रखें?,"connected parenting, routines, purpose, peers और early dialogue बताना","बिना पर्याप्त जानकारी diagnosis न करें; moral judgement, stigma, shame या guaranteed cure जैसी भाषा से बचें।",No routine escalation,STANDARD,Recommended,Draft - Expert Review Required,PRV | Protective Factors | Prevention | Prevention | Routine | PREVENT | family
PRV_10_4,PRV,रोकथाम एवं जोखिम कारक,Protective Factors,Helper/Community Member,Other Person,Adult / Any age,Any / Not specified,Prevention,Prevention,Routine,PREVENT,"यदि किसी व्यक्ति में बच्चों और युवाओं को नशे से बचाने वाले protective factors जानने की जरूरत होना, तो उसे उचित सहायता तक कैसे पहुंचाया जाए?",किसी जानने वाले के साथ बच्चों और युवाओं को नशे से बचाने वाले protective factors जानने की जरूरत होना; उसकी मदद कैसे करें?,"अगर किसी person में बच्चों और युवाओं को नशे से बचाने वाले protective factors जानने की जरूरत होना, तो safe support और referral कैसे करें?","गांव/मोहल्ले में किसी के साथ बच्चों और युवाओं को नशे से बचाने वाले protective factors जानने की जरूरत होना, तो उसे बिना बदनाम किए मदद तक कैसे पहुंचाएं?","connected parenting, routines, purpose, peers और early dialogue बताना","बिना पर्याप्त जानकारी diagnosis न करें; moral judgement, stigma, shame या guaranteed cure जैसी भाषा से बचें।",No routine escalation,STANDARD,Recommended,Draft - Expert Review Required,PRV | Protective Factors | Prevention | Prevention | Routine | PREVENT | helper
YTH_01_1,YTH,किशोर एवं युवा,First Try,Youth/Student,Self,12–25 / Context dependent,Any / Not specified,Experimentation,Early Intervention,Moderate,PREVENT,मैं युवा हूं और मेरे साथ किसी किशोर या युवा का कहना कि उसने नशा सिर्फ एक बार try किया है। मुझे क्या करना चाहिए?,मेरे साथ किसी किशोर या युवा का कहना कि उसने नशा सिर्फ एक बार try किया है; दोस्तों के बीच इसे कैसे handle करूं?,मैं youth/student हूं और किसी किशोर या युवा का कहना कि उसने नशा सिर्फ एक बार try किया है। Safe next step क्या है?,"मैं जवान हूं, मेरे साथ किसी किशोर या युवा का कहना कि उसने नशा सिर्फ एक बार try किया है; घरवालों या किसी भरोसेमंद व्यक्ति से कैसे बात करूं?","बिना panic के risk, context, repetition और communication समझाना","बिना पर्याप्त जानकारी diagnosis न करें; moral judgement, stigma, shame या guaranteed cure जैसी भाषा से बचें।",Conditional,CLINICAL_ASSESSMENT_IF_NEEDED,Recommended,Draft - Expert Review Required,YTH | First Try | Early Intervention | Experimentation | Moderate | PREVENT | youth
YTH_01_2,YTH,किशोर एवं युवा,First Try,Friend/Peer,Friend,12–25 / Context dependent,Any / Not specified,Experimentation,Early Intervention,Moderate,PREVENT,मेरे एक मित्र के साथ किसी किशोर या युवा का कहना कि उसने नशा सिर्फ एक बार try किया है। मैं उसकी मदद कैसे करूं?,मेरा दोस्त किसी किशोर या युवा का कहना कि उसने नशा सिर्फ एक बार try किया है; मैं उसे क्या कहूं?,मेरे friend में किसी किशोर या युवा का कहना कि उसने नशा सिर्फ एक बार try किया है। मैं support कैसे करूं और कब adult/professional को बताऊं?,मेरा दोस्त ऐसी हालत में है कि किसी किशोर या युवा का कहना कि उसने नशा सिर्फ एक बार try किया है; मैं अकेले क्या कर सकता हूं और किसकी मदद लूं?,"बिना panic के risk, context, repetition और communication समझाना","बिना पर्याप्त जानकारी diagnosis न करें; moral judgement, stigma, shame या guaranteed cure जैसी भाषा से बचें।",Conditional,CLINICAL_ASSESSMENT_IF_NEEDED,Recommended,Draft - Expert Review Required,YTH | First Try | Early Intervention | Experimentation | Moderate | PREVENT | friend
YTH_01_3,YTH,किशोर एवं युवा,First Try,Parent,Child/Adolescent,12–25 / Context dependent,Any / Not specified,Experimentation,Early Intervention,Moderate,PREVENT,मेरे बच्चे में किसी किशोर या युवा का कहना कि उसने नशा सिर्फ एक बार try किया है। माता-पिता के रूप में मुझे क्या करना चाहिए?,"मेरे बेटे/बेटी के साथ किसी किशोर या युवा का कहना कि उसने नशा सिर्फ एक बार try किया है; डांटें, समझाएं या counselling लें?",मेरे child में किसी किशोर या युवा का कहना कि उसने नशा सिर्फ एक बार try किया है। Parent के तौर पर सही response क्या हो?,बच्चे में किसी किशोर या युवा का कहना कि उसने नशा सिर्फ एक बार try किया है; घर में कैसे बात करें और कब इलाज/काउंसलिंग कराएं?,"बिना panic के risk, context, repetition और communication समझाना","बिना पर्याप्त जानकारी diagnosis न करें; moral judgement, stigma, shame या guaranteed cure जैसी भाषा से बचें।",Conditional,CLINICAL_ASSESSMENT_IF_NEEDED,Recommended,Draft - Expert Review Required,YTH | First Try | Early Intervention | Experimentation | Moderate | PREVENT | parent
YTH_01_4,YTH,किशोर एवं युवा,First Try,Teacher,Student,12–25 / Context dependent,Any / Not specified,Experimentation,Early Intervention,Moderate,PREVENT,किसी विद्यार्थी में किसी किशोर या युवा का कहना कि उसने नशा सिर्फ एक बार try किया है। शिक्षक के रूप में उचित प्रतिक्रिया क्या होनी चाहिए?,एक student में किसी किशोर या युवा का कहना कि उसने नशा सिर्फ एक बार try किया है; teacher को क्या करना चाहिए?,"Student में किसी किशोर या युवा का कहना कि उसने नशा सिर्फ एक बार try किया है। Teacher को support, referral और safety कैसे handle करनी चाहिए?",स्कूल/कॉलेज के विद्यार्थी में किसी किशोर या युवा का कहना कि उसने नशा सिर्फ एक बार try किया है; शिक्षक किस तरह समझाए और किसे सूचित करे?,"बिना panic के risk, context, repetition और communication समझाना","बिना पर्याप्त जानकारी diagnosis न करें; moral judgement, stigma, shame या guaranteed cure जैसी भाषा से बचें।",Conditional,CLINICAL_ASSESSMENT_IF_NEEDED,Recommended,Draft - Expert Review Required,YTH | First Try | Early Intervention | Experimentation | Moderate | PREVENT | teacher
YTH_02_1,YTH,किशोर एवं युवा,Party Pressure,Youth/Student,Self,12–25 / Context dependent,Any / Not specified,Prevention,Refusal Skills,Routine,PREVENT,मैं युवा हूं और मेरे साथ party या social gathering में नशे से इनकार करने में कठिनाई होना। मुझे क्या करना चाहिए?,मेरे साथ party या social gathering में नशे से इनकार करने में कठिनाई होना; दोस्तों के बीच इसे कैसे handle करूं?,मैं youth/student हूं और party या social gathering में नशे से इनकार करने में कठिनाई होना। Safe next step क्या है?,"मैं जवान हूं, मेरे साथ party या social gathering में नशे से इनकार करने में कठिनाई होना; घरवालों या किसी भरोसेमंद व्यक्ति से कैसे बात करूं?",practical refusal scripts और exit strategies बताना,"बिना पर्याप्त जानकारी diagnosis न करें; moral judgement, stigma, shame या guaranteed cure जैसी भाषा से बचें।",No routine escalation,STANDARD,Recommended,Draft - Expert Review Required,YTH | Party Pressure | Refusal Skills | Prevention | Routine | PREVENT | youth
YTH_02_2,YTH,किशोर एवं युवा,Party Pressure,Friend/Peer,Friend,12–25 / Context dependent,Any / Not specified,Prevention,Refusal Skills,Routine,PREVENT,मेरे एक मित्र के साथ party या social gathering में नशे से इनकार करने में कठिनाई होना। मैं उसकी मदद कैसे करूं?,मेरा दोस्त party या social gathering में नशे से इनकार करने में कठिनाई होना; मैं उसे क्या कहूं?,मेरे friend में party या social gathering में नशे से इनकार करने में कठिनाई होना। मैं support कैसे करूं और कब adult/professional को बताऊं?,मेरा दोस्त ऐसी हालत में है कि party या social gathering में नशे से इनकार करने में कठिनाई होना; मैं अकेले क्या कर सकता हूं और किसकी मदद लूं?,practical refusal scripts और exit strategies बताना,"बिना पर्याप्त जानकारी diagnosis न करें; moral judgement, stigma, shame या guaranteed cure जैसी भाषा से बचें।",No routine escalation,STANDARD,Recommended,Draft - Expert Review Required,YTH | Party Pressure | Refusal Skills | Prevention | Routine | PREVENT | friend
YTH_02_3,YTH,किशोर एवं युवा,Party Pressure,Parent,Child/Adolescent,12–25 / Context dependent,Any / Not specified,Prevention,Refusal Skills,Routine,PREVENT,मेरे बच्चे में party या social gathering में नशे से इनकार करने में कठिनाई होना। माता-पिता के रूप में मुझे क्या करना चाहिए?,"मेरे बेटे/बेटी के साथ party या social gathering में नशे से इनकार करने में कठिनाई होना; डांटें, समझाएं या counselling लें?",मेरे child में party या social gathering में नशे से इनकार करने में कठिनाई होना। Parent के तौर पर सही response क्या हो?,बच्चे में party या social gathering में नशे से इनकार करने में कठिनाई होना; घर में कैसे बात करें और कब इलाज/काउंसलिंग कराएं?,practical refusal scripts और exit strategies बताना,"बिना पर्याप्त जानकारी diagnosis न करें; moral judgement, stigma, shame या guaranteed cure जैसी भाषा से बचें।",No routine escalation,STANDARD,Recommended,Draft - Expert Review Required,YTH | Party Pressure | Refusal Skills | Prevention | Routine | PREVENT | parent
YTH_02_4,YTH,किशोर एवं युवा,Party Pressure,Teacher,Student,12–25 / Context dependent,Any / Not specified,Prevention,Refusal Skills,Routine,PREVENT,किसी विद्यार्थी में party या social gathering में नशे से इनकार करने में कठिनाई होना। शिक्षक के रूप में उचित प्रतिक्रिया क्या होनी चाहिए?,एक student में party या social gathering में नशे से इनकार करने में कठिनाई होना; teacher को क्या करना चाहिए?,"Student में party या social gathering में नशे से इनकार करने में कठिनाई होना। Teacher को support, referral और safety कैसे handle करनी चाहिए?",स्कूल/कॉलेज के विद्यार्थी में party या social gathering में नशे से इनकार करने में कठिनाई होना; शिक्षक किस तरह समझाए और किसे सूचित करे?,practical refusal scripts और exit strategies बताना,"बिना पर्याप्त जानकारी diagnosis न करें; moral judgement, stigma, shame या guaranteed cure जैसी भाषा से बचें।",No routine escalation,STANDARD,Recommended,Draft - Expert Review Required,YTH | Party Pressure | Refusal Skills | Prevention | Routine | PREVENT | teacher
YTH_03_1,YTH,किशोर एवं युवा,Hostel Exposure,Youth/Student,Self,12–25 / Context dependent,Any / Not specified,Prevention,Prevention,Routine,PREVENT,मैं युवा हूं और मेरे साथ hostel में roommates या seniors के कारण नशे का exposure बढ़ना। मुझे क्या करना चाहिए?,मेरे साथ hostel में roommates या seniors के कारण नशे का exposure बढ़ना; दोस्तों के बीच इसे कैसे handle करूं?,मैं youth/student हूं और hostel में roommates या seniors के कारण नशे का exposure बढ़ना। Safe next step क्या है?,"मैं जवान हूं, मेरे साथ hostel में roommates या seniors के कारण नशे का exposure बढ़ना; घरवालों या किसी भरोसेमंद व्यक्ति से कैसे बात करूं?","peer boundaries, safe support और institutional help के विकल्प बताना","बिना पर्याप्त जानकारी diagnosis न करें; moral judgement, stigma, shame या guaranteed cure जैसी भाषा से बचें।",No routine escalation,STANDARD,Recommended,Draft - Expert Review Required,YTH | Hostel Exposure | Prevention | Prevention | Routine | PREVENT | youth
YTH_03_2,YTH,किशोर एवं युवा,Hostel Exposure,Friend/Peer,Friend,12–25 / Context dependent,Any / Not specified,Prevention,Prevention,Routine,PREVENT,मेरे एक मित्र के साथ hostel में roommates या seniors के कारण नशे का exposure बढ़ना। मैं उसकी मदद कैसे करूं?,मेरा दोस्त hostel में roommates या seniors के कारण नशे का exposure बढ़ना; मैं उसे क्या कहूं?,मेरे friend में hostel में roommates या seniors के कारण नशे का exposure बढ़ना। मैं support कैसे करूं और कब adult/professional को बताऊं?,मेरा दोस्त ऐसी हालत में है कि hostel में roommates या seniors के कारण नशे का exposure बढ़ना; मैं अकेले क्या कर सकता हूं और किसकी मदद लूं?,"peer boundaries, safe support और institutional help के विकल्प बताना","बिना पर्याप्त जानकारी diagnosis न करें; moral judgement, stigma, shame या guaranteed cure जैसी भाषा से बचें।",No routine escalation,STANDARD,Recommended,Draft - Expert Review Required,YTH | Hostel Exposure | Prevention | Prevention | Routine | PREVENT | friend
YTH_03_3,YTH,किशोर एवं युवा,Hostel Exposure,Parent,Child/Adolescent,12–25 / Context dependent,Any / Not specified,Prevention,Prevention,Routine,PREVENT,मेरे बच्चे में hostel में roommates या seniors के कारण नशे का exposure बढ़ना। माता-पिता के रूप में मुझे क्या करना चाहिए?,"मेरे बेटे/बेटी के साथ hostel में roommates या seniors के कारण नशे का exposure बढ़ना; डांटें, समझाएं या counselling लें?",मेरे child में hostel में roommates या seniors के कारण नशे का exposure बढ़ना। Parent के तौर पर सही response क्या हो?,बच्चे में hostel में roommates या seniors के कारण नशे का exposure बढ़ना; घर में कैसे बात करें और कब इलाज/काउंसलिंग कराएं?,"peer boundaries, safe support और institutional help के विकल्प बताना","बिना पर्याप्त जानकारी diagnosis न करें; moral judgement, stigma, shame या guaranteed cure जैसी भाषा से बचें।",No routine escalation,STANDARD,Recommended,Draft - Expert Review Required,YTH | Hostel Exposure | Prevention | Prevention | Routine | PREVENT | parent
YTH_03_4,YTH,किशोर एवं युवा,Hostel Exposure,Teacher,Student,12–25 / Context dependent,Any / Not specified,Prevention,Prevention,Routine,PREVENT,किसी विद्यार्थी में hostel में roommates या seniors के कारण नशे का exposure बढ़ना। शिक्षक के रूप में उचित प्रतिक्रिया क्या होनी चाहिए?,एक student में hostel में roommates या seniors के कारण नशे का exposure बढ़ना; teacher को क्या करना चाहिए?,"Student में hostel में roommates या seniors के कारण नशे का exposure बढ़ना। Teacher को support, referral और safety कैसे handle करनी चाहिए?",स्कूल/कॉलेज के विद्यार्थी में hostel में roommates या seniors के कारण नशे का exposure बढ़ना; शिक्षक किस तरह समझाए और किसे सूचित करे?,"peer boundaries, safe support और institutional help के विकल्प बताना","बिना पर्याप्त जानकारी diagnosis न करें; moral judgement, stigma, shame या guaranteed cure जैसी भाषा से बचें।",No routine escalation,STANDARD,Recommended,Draft - Expert Review Required,YTH | Hostel Exposure | Prevention | Prevention | Routine | PREVENT | teacher
YTH_04_1,YTH,किशोर एवं युवा,Study Stimulants,Youth/Student,Self,12–25 / Context dependent,Any / Not specified,Experimentation,Medication Misuse Prevention,High,PREVENT,मैं युवा हूं और मेरे साथ लंबे समय तक पढ़ने या जागने के लिए pills या stimulants लेने का विचार आना। मुझे क्या करना चाहिए?,मेरे साथ लंबे समय तक पढ़ने या जागने के लिए pills या stimulants लेने का विचार आना; दोस्तों के बीच इसे कैसे handle करूं?,मैं youth/student हूं और लंबे समय तक पढ़ने या जागने के लिए pills या stimulants लेने का विचार आना। Safe next step क्या है?,"मैं जवान हूं, मेरे साथ लंबे समय तक पढ़ने या जागने के लिए pills या stimulants लेने का विचार आना; घरवालों या किसी भरोसेमंद व्यक्ति से कैसे बात करूं?",unsupervised stimulant misuse से बचाव और safe study/sleep support बताना,"घर पर जोखिमपूर्ण detox, medication dosing या false reassurance न दें; urgent professional assessment को delay न करें।",Urgent,URGENT_ASSESSMENT,Yes,Draft - Expert Review Required,YTH | Study Stimulants | Medication Misuse Prevention | Experimentation | High | PREVENT | youth
YTH_04_2,YTH,किशोर एवं युवा,Study Stimulants,Friend/Peer,Friend,12–25 / Context dependent,Any / Not specified,Experimentation,Medication Misuse Prevention,High,PREVENT,मेरे एक मित्र के साथ लंबे समय तक पढ़ने या जागने के लिए pills या stimulants लेने का विचार आना। मैं उसकी मदद कैसे करूं?,मेरा दोस्त लंबे समय तक पढ़ने या जागने के लिए pills या stimulants लेने का विचार आना; मैं उसे क्या कहूं?,मेरे friend में लंबे समय तक पढ़ने या जागने के लिए pills या stimulants लेने का विचार आना। मैं support कैसे करूं और कब adult/professional को बताऊं?,मेरा दोस्त ऐसी हालत में है कि लंबे समय तक पढ़ने या जागने के लिए pills या stimulants लेने का विचार आना; मैं अकेले क्या कर सकता हूं और किसकी मदद लूं?,unsupervised stimulant misuse से बचाव और safe study/sleep support बताना,"घर पर जोखिमपूर्ण detox, medication dosing या false reassurance न दें; urgent professional assessment को delay न करें।",Urgent,URGENT_ASSESSMENT,Yes,Draft - Expert Review Required,YTH | Study Stimulants | Medication Misuse Prevention | Experimentation | High | PREVENT | friend
YTH_04_3,YTH,किशोर एवं युवा,Study Stimulants,Parent,Child/Adolescent,12–25 / Context dependent,Any / Not specified,Experimentation,Medication Misuse Prevention,High,PREVENT,मेरे बच्चे में लंबे समय तक पढ़ने या जागने के लिए pills या stimulants लेने का विचार आना। माता-पिता के रूप में मुझे क्या करना चाहिए?,"मेरे बेटे/बेटी के साथ लंबे समय तक पढ़ने या जागने के लिए pills या stimulants लेने का विचार आना; डांटें, समझाएं या counselling लें?",मेरे child में लंबे समय तक पढ़ने या जागने के लिए pills या stimulants लेने का विचार आना। Parent के तौर पर सही response क्या हो?,बच्चे में लंबे समय तक पढ़ने या जागने के लिए pills या stimulants लेने का विचार आना; घर में कैसे बात करें और कब इलाज/काउंसलिंग कराएं?,unsupervised stimulant misuse से बचाव और safe study/sleep support बताना,"घर पर जोखिमपूर्ण detox, medication dosing या false reassurance न दें; urgent professional assessment को delay न करें।",Urgent,URGENT_ASSESSMENT,Yes,Draft - Expert Review Required,YTH | Study Stimulants | Medication Misuse Prevention | Experimentation | High | PREVENT | parent
YTH_04_4,YTH,किशोर एवं युवा,Study Stimulants,Teacher,Student,12–25 / Context dependent,Any / Not specified,Experimentation,Medication Misuse Prevention,High,PREVENT,किसी विद्यार्थी में लंबे समय तक पढ़ने या जागने के लिए pills या stimulants लेने का विचार आना। शिक्षक के रूप में उचित प्रतिक्रिया क्या होनी चाहिए?,एक student में लंबे समय तक पढ़ने या जागने के लिए pills या stimulants लेने का विचार आना; teacher को क्या करना चाहिए?,"Student में लंबे समय तक पढ़ने या जागने के लिए pills या stimulants लेने का विचार आना। Teacher को support, referral और safety कैसे handle करनी चाहिए?",स्कूल/कॉलेज के विद्यार्थी में लंबे समय तक पढ़ने या जागने के लिए pills या stimulants लेने का विचार आना; शिक्षक किस तरह समझाए और किसे सूचित करे?,unsupervised stimulant misuse से बचाव और safe study/sleep support बताना,"घर पर जोखिमपूर्ण detox, medication dosing या false reassurance न दें; urgent professional assessment को delay न करें।",Urgent,URGENT_ASSESSMENT,Yes,Draft - Expert Review Required,YTH | Study Stimulants | Medication Misuse Prevention | Experimentation | High | PREVENT | teacher
YTH_05_1,YTH,किशोर एवं युवा,Breakup,Youth/Student,Self,12–25 / Context dependent,Any / Not specified,Occasional Use,Coping,Moderate,MOTIVATE,मैं युवा हूं और मेरे साथ breakup के बाद शराब या अन्य नशे का इस्तेमाल बढ़ना। मुझे क्या करना चाहिए?,मेरे साथ breakup के बाद शराब या अन्य नशे का इस्तेमाल बढ़ना; दोस्तों के बीच इसे कैसे handle करूं?,मैं youth/student हूं और breakup के बाद शराब या अन्य नशे का इस्तेमाल बढ़ना। Safe next step क्या है?,"मैं जवान हूं, मेरे साथ breakup के बाद शराब या अन्य नशे का इस्तेमाल बढ़ना; घरवालों या किसी भरोसेमंद व्यक्ति से कैसे बात करूं?",emotion-focused support और escalating use के संकेत बताना,"बिना पर्याप्त जानकारी diagnosis न करें; moral judgement, stigma, shame या guaranteed cure जैसी भाषा से बचें।",Conditional,CLINICAL_ASSESSMENT_IF_NEEDED,Recommended,Draft - Expert Review Required,YTH | Breakup | Coping | Occasional Use | Moderate | MOTIVATE | youth
YTH_05_2,YTH,किशोर एवं युवा,Breakup,Friend/Peer,Friend,12–25 / Context dependent,Any / Not specified,Occasional Use,Coping,Moderate,MOTIVATE,मेरे एक मित्र के साथ breakup के बाद शराब या अन्य नशे का इस्तेमाल बढ़ना। मैं उसकी मदद कैसे करूं?,मेरा दोस्त breakup के बाद शराब या अन्य नशे का इस्तेमाल बढ़ना; मैं उसे क्या कहूं?,मेरे friend में breakup के बाद शराब या अन्य नशे का इस्तेमाल बढ़ना। मैं support कैसे करूं और कब adult/professional को बताऊं?,मेरा दोस्त ऐसी हालत में है कि breakup के बाद शराब या अन्य नशे का इस्तेमाल बढ़ना; मैं अकेले क्या कर सकता हूं और किसकी मदद लूं?,emotion-focused support और escalating use के संकेत बताना,"बिना पर्याप्त जानकारी diagnosis न करें; moral judgement, stigma, shame या guaranteed cure जैसी भाषा से बचें।",Conditional,CLINICAL_ASSESSMENT_IF_NEEDED,Recommended,Draft - Expert Review Required,YTH | Breakup | Coping | Occasional Use | Moderate | MOTIVATE | friend
YTH_05_3,YTH,किशोर एवं युवा,Breakup,Parent,Child/Adolescent,12–25 / Context dependent,Any / Not specified,Occasional Use,Coping,Moderate,MOTIVATE,मेरे बच्चे में breakup के बाद शराब या अन्य नशे का इस्तेमाल बढ़ना। माता-पिता के रूप में मुझे क्या करना चाहिए?,"मेरे बेटे/बेटी के साथ breakup के बाद शराब या अन्य नशे का इस्तेमाल बढ़ना; डांटें, समझाएं या counselling लें?",मेरे child में breakup के बाद शराब या अन्य नशे का इस्तेमाल बढ़ना। Parent के तौर पर सही response क्या हो?,बच्चे में breakup के बाद शराब या अन्य नशे का इस्तेमाल बढ़ना; घर में कैसे बात करें और कब इलाज/काउंसलिंग कराएं?,emotion-focused support और escalating use के संकेत बताना,"बिना पर्याप्त जानकारी diagnosis न करें; moral judgement, stigma, shame या guaranteed cure जैसी भाषा से बचें।",Conditional,CLINICAL_ASSESSMENT_IF_NEEDED,Recommended,Draft - Expert Review Required,YTH | Breakup | Coping | Occasional Use | Moderate | MOTIVATE | parent
YTH_05_4,YTH,किशोर एवं युवा,Breakup,Teacher,Student,12–25 / Context dependent,Any / Not specified,Occasional Use,Coping,Moderate,MOTIVATE,किसी विद्यार्थी में breakup के बाद शराब या अन्य नशे का इस्तेमाल बढ़ना। शिक्षक के रूप में उचित प्रतिक्रिया क्या होनी चाहिए?,एक student में breakup के बाद शराब या अन्य नशे का इस्तेमाल बढ़ना; teacher को क्या करना चाहिए?,"Student में breakup के बाद शराब या अन्य नशे का इस्तेमाल बढ़ना। Teacher को support, referral और safety कैसे handle करनी चाहिए?",स्कूल/कॉलेज के विद्यार्थी में breakup के बाद शराब या अन्य नशे का इस्तेमाल बढ़ना; शिक्षक किस तरह समझाए और किसे सूचित करे?,emotion-focused support और escalating use के संकेत बताना,"बिना पर्याप्त जानकारी diagnosis न करें; moral judgement, stigma, shame या guaranteed cure जैसी भाषा से बचें।",Conditional,CLINICAL_ASSESSMENT_IF_NEEDED,Recommended,Draft - Expert Review Required,YTH | Breakup | Coping | Occasional Use | Moderate | MOTIVATE | teacher
YTH_06_1,YTH,किशोर एवं युवा,Friend Using,Youth/Student,Self,12–25 / Context dependent,Any / Not specified,Regular Use,Peer Support,Moderate,FAMILY,मैं युवा हूं और मेरे साथ करीबी दोस्त का नशा बढ़ना और उसे कैसे मदद करें यह समझ न आना। मुझे क्या करना चाहिए?,मेरे साथ करीबी दोस्त का नशा बढ़ना और उसे कैसे मदद करें यह समझ न आना; दोस्तों के बीच इसे कैसे handle करूं?,मैं youth/student हूं और करीबी दोस्त का नशा बढ़ना और उसे कैसे मदद करें यह समझ न आना। Safe next step क्या है?,"मैं जवान हूं, मेरे साथ करीबी दोस्त का नशा बढ़ना और उसे कैसे मदद करें यह समझ न आना; घरवालों या किसी भरोसेमंद व्यक्ति से कैसे बात करूं?","supportive conversation, boundaries और trusted adult/professional help की दिशा देना","बिना पर्याप्त जानकारी diagnosis न करें; moral judgement, stigma, shame या guaranteed cure जैसी भाषा से बचें।",Conditional,CLINICAL_ASSESSMENT_IF_NEEDED,Recommended,Draft - Expert Review Required,YTH | Friend Using | Peer Support | Regular Use | Moderate | FAMILY | youth
YTH_06_2,YTH,किशोर एवं युवा,Friend Using,Friend/Peer,Friend,12–25 / Context dependent,Any / Not specified,Regular Use,Peer Support,Moderate,FAMILY,मेरे एक मित्र के साथ करीबी दोस्त का नशा बढ़ना और उसे कैसे मदद करें यह समझ न आना। मैं उसकी मदद कैसे करूं?,मेरा दोस्त करीबी दोस्त का नशा बढ़ना और उसे कैसे मदद करें यह समझ न आना; मैं उसे क्या कहूं?,मेरे friend में करीबी दोस्त का नशा बढ़ना और उसे कैसे मदद करें यह समझ न आना। मैं support कैसे करूं और कब adult/professional को बताऊं?,मेरा दोस्त ऐसी हालत में है कि करीबी दोस्त का नशा बढ़ना और उसे कैसे मदद करें यह समझ न आना; मैं अकेले क्या कर सकता हूं और किसकी मदद लूं?,"supportive conversation, boundaries और trusted adult/professional help की दिशा देना","बिना पर्याप्त जानकारी diagnosis न करें; moral judgement, stigma, shame या guaranteed cure जैसी भाषा से बचें।",Conditional,CLINICAL_ASSESSMENT_IF_NEEDED,Recommended,Draft - Expert Review Required,YTH | Friend Using | Peer Support | Regular Use | Moderate | FAMILY | friend
YTH_06_3,YTH,किशोर एवं युवा,Friend Using,Parent,Child/Adolescent,12–25 / Context dependent,Any / Not specified,Regular Use,Peer Support,Moderate,FAMILY,मेरे बच्चे में करीबी दोस्त का नशा बढ़ना और उसे कैसे मदद करें यह समझ न आना। माता-पिता के रूप में मुझे क्या करना चाहिए?,"मेरे बेटे/बेटी के साथ करीबी दोस्त का नशा बढ़ना और उसे कैसे मदद करें यह समझ न आना; डांटें, समझाएं या counselling लें?",मेरे child में करीबी दोस्त का नशा बढ़ना और उसे कैसे मदद करें यह समझ न आना। Parent के तौर पर सही response क्या हो?,बच्चे में करीबी दोस्त का नशा बढ़ना और उसे कैसे मदद करें यह समझ न आना; घर में कैसे बात करें और कब इलाज/काउंसलिंग कराएं?,"supportive conversation, boundaries और trusted adult/professional help की दिशा देना","बिना पर्याप्त जानकारी diagnosis न करें; moral judgement, stigma, shame या guaranteed cure जैसी भाषा से बचें।",Conditional,CLINICAL_ASSESSMENT_IF_NEEDED,Recommended,Draft - Expert Review Required,YTH | Friend Using | Peer Support | Regular Use | Moderate | FAMILY | parent
YTH_06_4,YTH,किशोर एवं युवा,Friend Using,Teacher,Student,12–25 / Context dependent,Any / Not specified,Regular Use,Peer Support,Moderate,FAMILY,किसी विद्यार्थी में करीबी दोस्त का नशा बढ़ना और उसे कैसे मदद करें यह समझ न आना। शिक्षक के रूप में उचित प्रतिक्रिया क्या होनी चाहिए?,एक student में करीबी दोस्त का नशा बढ़ना और उसे कैसे मदद करें यह समझ न आना; teacher को क्या करना चाहिए?,"Student में करीबी दोस्त का नशा बढ़ना और उसे कैसे मदद करें यह समझ न आना। Teacher को support, referral और safety कैसे handle करनी चाहिए?",स्कूल/कॉलेज के विद्यार्थी में करीबी दोस्त का नशा बढ़ना और उसे कैसे मदद करें यह समझ न आना; शिक्षक किस तरह समझाए और किसे सूचित करे?,"supportive conversation, boundaries और trusted adult/professional help की दिशा देना","बिना पर्याप्त जानकारी diagnosis न करें; moral judgement, stigma, shame या guaranteed cure जैसी भाषा से बचें।",Conditional,CLINICAL_ASSESSMENT_IF_NEEDED,Recommended,Draft - Expert Review Required,YTH | Friend Using | Peer Support | Regular Use | Moderate | FAMILY | teacher
YTH_07_1,YTH,किशोर एवं युवा,Secret Help,Youth/Student,Self,12–25 / Context dependent,Any / Not specified,Regular Use,Help Seeking,Moderate,TREATMENT,मैं युवा हूं और मेरे साथ युवा का मदद चाहना लेकिन परिवार को बताने से डरना। मुझे क्या करना चाहिए?,मेरे साथ युवा का मदद चाहना लेकिन परिवार को बताने से डरना; दोस्तों के बीच इसे कैसे handle करूं?,मैं youth/student हूं और युवा का मदद चाहना लेकिन परिवार को बताने से डरना। Safe next step क्या है?,"मैं जवान हूं, मेरे साथ युवा का मदद चाहना लेकिन परिवार को बताने से डरना; घरवालों या किसी भरोसेमंद व्यक्ति से कैसे बात करूं?","confidential support, trusted adult और professional pathways समझाना",विशिष्ट prescription/dose न दें; बिना assessment diagnosis न करें; qualified professional referral को स्पष्ट रखें।,Conditional,CLINICAL_ASSESSMENT_IF_NEEDED,Recommended,Draft - Expert Review Required,YTH | Secret Help | Help Seeking | Regular Use | Moderate | TREATMENT | youth
YTH_07_2,YTH,किशोर एवं युवा,Secret Help,Friend/Peer,Friend,12–25 / Context dependent,Any / Not specified,Regular Use,Help Seeking,Moderate,TREATMENT,मेरे एक मित्र के साथ युवा का मदद चाहना लेकिन परिवार को बताने से डरना। मैं उसकी मदद कैसे करूं?,मेरा दोस्त युवा का मदद चाहना लेकिन परिवार को बताने से डरना; मैं उसे क्या कहूं?,मेरे friend में युवा का मदद चाहना लेकिन परिवार को बताने से डरना। मैं support कैसे करूं और कब adult/professional को बताऊं?,मेरा दोस्त ऐसी हालत में है कि युवा का मदद चाहना लेकिन परिवार को बताने से डरना; मैं अकेले क्या कर सकता हूं और किसकी मदद लूं?,"confidential support, trusted adult और professional pathways समझाना",विशिष्ट prescription/dose न दें; बिना assessment diagnosis न करें; qualified professional referral को स्पष्ट रखें।,Conditional,CLINICAL_ASSESSMENT_IF_NEEDED,Recommended,Draft - Expert Review Required,YTH | Secret Help | Help Seeking | Regular Use | Moderate | TREATMENT | friend
YTH_07_3,YTH,किशोर एवं युवा,Secret Help,Parent,Child/Adolescent,12–25 / Context dependent,Any / Not specified,Regular Use,Help Seeking,Moderate,TREATMENT,मेरे बच्चे में युवा का मदद चाहना लेकिन परिवार को बताने से डरना। माता-पिता के रूप में मुझे क्या करना चाहिए?,"मेरे बेटे/बेटी के साथ युवा का मदद चाहना लेकिन परिवार को बताने से डरना; डांटें, समझाएं या counselling लें?",मेरे child में युवा का मदद चाहना लेकिन परिवार को बताने से डरना। Parent के तौर पर सही response क्या हो?,बच्चे में युवा का मदद चाहना लेकिन परिवार को बताने से डरना; घर में कैसे बात करें और कब इलाज/काउंसलिंग कराएं?,"confidential support, trusted adult और professional pathways समझाना",विशिष्ट prescription/dose न दें; बिना assessment diagnosis न करें; qualified professional referral को स्पष्ट रखें।,Conditional,CLINICAL_ASSESSMENT_IF_NEEDED,Recommended,Draft - Expert Review Required,YTH | Secret Help | Help Seeking | Regular Use | Moderate | TREATMENT | parent
YTH_07_4,YTH,किशोर एवं युवा,Secret Help,Teacher,Student,12–25 / Context dependent,Any / Not specified,Regular Use,Help Seeking,Moderate,TREATMENT,किसी विद्यार्थी में युवा का मदद चाहना लेकिन परिवार को बताने से डरना। शिक्षक के रूप में उचित प्रतिक्रिया क्या होनी चाहिए?,एक student में युवा का मदद चाहना लेकिन परिवार को बताने से डरना; teacher को क्या करना चाहिए?,"Student में युवा का मदद चाहना लेकिन परिवार को बताने से डरना। Teacher को support, referral और safety कैसे handle करनी चाहिए?",स्कूल/कॉलेज के विद्यार्थी में युवा का मदद चाहना लेकिन परिवार को बताने से डरना; शिक्षक किस तरह समझाए और किसे सूचित करे?,"confidential support, trusted adult और professional pathways समझाना",विशिष्ट prescription/dose न दें; बिना assessment diagnosis न करें; qualified professional referral को स्पष्ट रखें।,Conditional,CLINICAL_ASSESSMENT_IF_NEEDED,Recommended,Draft - Expert Review Required,YTH | Secret Help | Help Seeking | Regular Use | Moderate | TREATMENT | teacher
YTH_08_1,YTH,किशोर एवं युवा,Sports/Gym,Youth/Student,Self,12–25 / Context dependent,Any / Not specified,Experimentation,Performance Substance Prevention,High,PREVENT,मैं युवा हूं और मेरे साथ gym या performance के लिए अनजान substances लेने का दबाव होना। मुझे क्या करना चाहिए?,मेरे साथ gym या performance के लिए अनजान substances लेने का दबाव होना; दोस्तों के बीच इसे कैसे handle करूं?,मैं youth/student हूं और gym या performance के लिए अनजान substances लेने का दबाव होना। Safe next step क्या है?,"मैं जवान हूं, मेरे साथ gym या performance के लिए अनजान substances लेने का दबाव होना; घरवालों या किसी भरोसेमंद व्यक्ति से कैसे बात करूं?",unknown/performance substances के जोखिम और qualified guidance की ओर route करना,"घर पर जोखिमपूर्ण detox, medication dosing या false reassurance न दें; urgent professional assessment को delay न करें।",Urgent,URGENT_ASSESSMENT,Yes,Draft - Expert Review Required,YTH | Sports/Gym | Performance Substance Prevention | Experimentation | High | PREVENT | youth
YTH_08_2,YTH,किशोर एवं युवा,Sports/Gym,Friend/Peer,Friend,12–25 / Context dependent,Any / Not specified,Experimentation,Performance Substance Prevention,High,PREVENT,मेरे एक मित्र के साथ gym या performance के लिए अनजान substances लेने का दबाव होना। मैं उसकी मदद कैसे करूं?,मेरा दोस्त gym या performance के लिए अनजान substances लेने का दबाव होना; मैं उसे क्या कहूं?,मेरे friend में gym या performance के लिए अनजान substances लेने का दबाव होना। मैं support कैसे करूं और कब adult/professional को बताऊं?,मेरा दोस्त ऐसी हालत में है कि gym या performance के लिए अनजान substances लेने का दबाव होना; मैं अकेले क्या कर सकता हूं और किसकी मदद लूं?,unknown/performance substances के जोखिम और qualified guidance की ओर route करना,"घर पर जोखिमपूर्ण detox, medication dosing या false reassurance न दें; urgent professional assessment को delay न करें।",Urgent,URGENT_ASSESSMENT,Yes,Draft - Expert Review Required,YTH | Sports/Gym | Performance Substance Prevention | Experimentation | High | PREVENT | friend
YTH_08_3,YTH,किशोर एवं युवा,Sports/Gym,Parent,Child/Adolescent,12–25 / Context dependent,Any / Not specified,Experimentation,Performance Substance Prevention,High,PREVENT,मेरे बच्चे में gym या performance के लिए अनजान substances लेने का दबाव होना। माता-पिता के रूप में मुझे क्या करना चाहिए?,"मेरे बेटे/बेटी के साथ gym या performance के लिए अनजान substances लेने का दबाव होना; डांटें, समझाएं या counselling लें?",मेरे child में gym या performance के लिए अनजान substances लेने का दबाव होना। Parent के तौर पर सही response क्या हो?,बच्चे में gym या performance के लिए अनजान substances लेने का दबाव होना; घर में कैसे बात करें और कब इलाज/काउंसलिंग कराएं?,unknown/performance substances के जोखिम और qualified guidance की ओर route करना,"घर पर जोखिमपूर्ण detox, medication dosing या false reassurance न दें; urgent professional assessment को delay न करें।",Urgent,URGENT_ASSESSMENT,Yes,Draft - Expert Review Required,YTH | Sports/Gym | Performance Substance Prevention | Experimentation | High | PREVENT | parent
YTH_08_4,YTH,किशोर एवं युवा,Sports/Gym,Teacher,Student,12–25 / Context dependent,Any / Not specified,Experimentation,Performance Substance Prevention,High,PREVENT,किसी विद्यार्थी में gym या performance के लिए अनजान substances लेने का दबाव होना। शिक्षक के रूप में उचित प्रतिक्रिया क्या होनी चाहिए?,एक student में gym या performance के लिए अनजान substances लेने का दबाव होना; teacher को क्या करना चाहिए?,"Student में gym या performance के लिए अनजान substances लेने का दबाव होना। Teacher को support, referral और safety कैसे handle करनी चाहिए?",स्कूल/कॉलेज के विद्यार्थी में gym या performance के लिए अनजान substances लेने का दबाव होना; शिक्षक किस तरह समझाए और किसे सूचित करे?,unknown/performance substances के जोखिम और qualified guidance की ओर route करना,"घर पर जोखिमपूर्ण detox, medication dosing या false reassurance न दें; urgent professional assessment को delay न करें।",Urgent,URGENT_ASSESSMENT,Yes,Draft - Expert Review Required,YTH | Sports/Gym | Performance Substance Prevention | Experimentation | High | PREVENT | teacher
YTH_09_1,YTH,किशोर एवं युवा,Driving/Riding,Youth/Student,Self,12–25 / Context dependent,Any / Not specified,Occasional Use,Safety,High,ACTION,मैं युवा हूं और मेरे साथ दोस्तों के साथ नशे के बाद बाइक या कार चलाने की योजना बनना। मुझे क्या करना चाहिए?,मेरे साथ दोस्तों के साथ नशे के बाद बाइक या कार चलाने की योजना बनना; दोस्तों के बीच इसे कैसे handle करूं?,मैं youth/student हूं और दोस्तों के साथ नशे के बाद बाइक या कार चलाने की योजना बनना। Safe next step क्या है?,"मैं जवान हूं, मेरे साथ दोस्तों के साथ नशे के बाद बाइक या कार चलाने की योजना बनना; घरवालों या किसी भरोसेमंद व्यक्ति से कैसे बात करूं?","driving रोकना, safe transport और immediate harm reduction पर जोर देना","घर पर जोखिमपूर्ण detox, medication dosing या false reassurance न दें; urgent professional assessment को delay न करें।",Urgent,URGENT_ASSESSMENT,Yes,Draft - Expert Review Required,YTH | Driving/Riding | Safety | Occasional Use | High | ACTION | youth
YTH_09_2,YTH,किशोर एवं युवा,Driving/Riding,Friend/Peer,Friend,12–25 / Context dependent,Any / Not specified,Occasional Use,Safety,High,ACTION,मेरे एक मित्र के साथ दोस्तों के साथ नशे के बाद बाइक या कार चलाने की योजना बनना। मैं उसकी मदद कैसे करूं?,मेरा दोस्त दोस्तों के साथ नशे के बाद बाइक या कार चलाने की योजना बनना; मैं उसे क्या कहूं?,मेरे friend में दोस्तों के साथ नशे के बाद बाइक या कार चलाने की योजना बनना। मैं support कैसे करूं और कब adult/professional को बताऊं?,मेरा दोस्त ऐसी हालत में है कि दोस्तों के साथ नशे के बाद बाइक या कार चलाने की योजना बनना; मैं अकेले क्या कर सकता हूं और किसकी मदद लूं?,"driving रोकना, safe transport और immediate harm reduction पर जोर देना","घर पर जोखिमपूर्ण detox, medication dosing या false reassurance न दें; urgent professional assessment को delay न करें।",Urgent,URGENT_ASSESSMENT,Yes,Draft - Expert Review Required,YTH | Driving/Riding | Safety | Occasional Use | High | ACTION | friend
YTH_09_3,YTH,किशोर एवं युवा,Driving/Riding,Parent,Child/Adolescent,12–25 / Context dependent,Any / Not specified,Occasional Use,Safety,High,ACTION,मेरे बच्चे में दोस्तों के साथ नशे के बाद बाइक या कार चलाने की योजना बनना। माता-पिता के रूप में मुझे क्या करना चाहिए?,"मेरे बेटे/बेटी के साथ दोस्तों के साथ नशे के बाद बाइक या कार चलाने की योजना बनना; डांटें, समझाएं या counselling लें?",मेरे child में दोस्तों के साथ नशे के बाद बाइक या कार चलाने की योजना बनना। Parent के तौर पर सही response क्या हो?,बच्चे में दोस्तों के साथ नशे के बाद बाइक या कार चलाने की योजना बनना; घर में कैसे बात करें और कब इलाज/काउंसलिंग कराएं?,"driving रोकना, safe transport और immediate harm reduction पर जोर देना","घर पर जोखिमपूर्ण detox, medication dosing या false reassurance न दें; urgent professional assessment को delay न करें।",Urgent,URGENT_ASSESSMENT,Yes,Draft - Expert Review Required,YTH | Driving/Riding | Safety | Occasional Use | High | ACTION | parent
YTH_09_4,YTH,किशोर एवं युवा,Driving/Riding,Teacher,Student,12–25 / Context dependent,Any / Not specified,Occasional Use,Safety,High,ACTION,किसी विद्यार्थी में दोस्तों के साथ नशे के बाद बाइक या कार चलाने की योजना बनना। शिक्षक के रूप में उचित प्रतिक्रिया क्या होनी चाहिए?,एक student में दोस्तों के साथ नशे के बाद बाइक या कार चलाने की योजना बनना; teacher को क्या करना चाहिए?,"Student में दोस्तों के साथ नशे के बाद बाइक या कार चलाने की योजना बनना। Teacher को support, referral और safety कैसे handle करनी चाहिए?",स्कूल/कॉलेज के विद्यार्थी में दोस्तों के साथ नशे के बाद बाइक या कार चलाने की योजना बनना; शिक्षक किस तरह समझाए और किसे सूचित करे?,"driving रोकना, safe transport और immediate harm reduction पर जोर देना","घर पर जोखिमपूर्ण detox, medication dosing या false reassurance न दें; urgent professional assessment को delay न करें।",Urgent,URGENT_ASSESSMENT,Yes,Draft - Expert Review Required,YTH | Driving/Riding | Safety | Occasional Use | High | ACTION | teacher
YTH_10_1,YTH,किशोर एवं युवा,Online Purchase,Youth/Student,Self,12–25 / Context dependent,Any / Not specified,Experimentation,Prevention,High,PREVENT,मैं युवा हूं और मेरे साथ युवा का online माध्यम से अज्ञात pills या substances खरीदने पर विचार करना। मुझे क्या करना चाहिए?,मेरे साथ युवा का online माध्यम से अज्ञात pills या substances खरीदने पर विचार करना; दोस्तों के बीच इसे कैसे handle करूं?,मैं youth/student हूं और युवा का online माध्यम से अज्ञात pills या substances खरीदने पर विचार करना। Safe next step क्या है?,"मैं जवान हूं, मेरे साथ युवा का online माध्यम से अज्ञात pills या substances खरीदने पर विचार करना; घरवालों या किसी भरोसेमंद व्यक्ति से कैसे बात करूं?","unknown substance risk, legality/safety और trusted help की दिशा देना","घर पर जोखिमपूर्ण detox, medication dosing या false reassurance न दें; urgent professional assessment को delay न करें।",Urgent,URGENT_ASSESSMENT,Yes,Draft - Expert Review Required,YTH | Online Purchase | Prevention | Experimentation | High | PREVENT | youth
YTH_10_2,YTH,किशोर एवं युवा,Online Purchase,Friend/Peer,Friend,12–25 / Context dependent,Any / Not specified,Experimentation,Prevention,High,PREVENT,मेरे एक मित्र के साथ युवा का online माध्यम से अज्ञात pills या substances खरीदने पर विचार करना। मैं उसकी मदद कैसे करूं?,मेरा दोस्त युवा का online माध्यम से अज्ञात pills या substances खरीदने पर विचार करना; मैं उसे क्या कहूं?,मेरे friend में युवा का online माध्यम से अज्ञात pills या substances खरीदने पर विचार करना। मैं support कैसे करूं और कब adult/professional को बताऊं?,मेरा दोस्त ऐसी हालत में है कि युवा का online माध्यम से अज्ञात pills या substances खरीदने पर विचार करना; मैं अकेले क्या कर सकता हूं और किसकी मदद लूं?,"unknown substance risk, legality/safety और trusted help की दिशा देना","घर पर जोखिमपूर्ण detox, medication dosing या false reassurance न दें; urgent professional assessment को delay न करें।",Urgent,URGENT_ASSESSMENT,Yes,Draft - Expert Review Required,YTH | Online Purchase | Prevention | Experimentation | High | PREVENT | friend
YTH_10_3,YTH,किशोर एवं युवा,Online Purchase,Parent,Child/Adolescent,12–25 / Context dependent,Any / Not specified,Experimentation,Prevention,High,PREVENT,मेरे बच्चे में युवा का online माध्यम से अज्ञात pills या substances खरीदने पर विचार करना। माता-पिता के रूप में मुझे क्या करना चाहिए?,"मेरे बेटे/बेटी के साथ युवा का online माध्यम से अज्ञात pills या substances खरीदने पर विचार करना; डांटें, समझाएं या counselling लें?",मेरे child में युवा का online माध्यम से अज्ञात pills या substances खरीदने पर विचार करना। Parent के तौर पर सही response क्या हो?,बच्चे में युवा का online माध्यम से अज्ञात pills या substances खरीदने पर विचार करना; घर में कैसे बात करें और कब इलाज/काउंसलिंग कराएं?,"unknown substance risk, legality/safety और trusted help की दिशा देना","घर पर जोखिमपूर्ण detox, medication dosing या false reassurance न दें; urgent professional assessment को delay न करें।",Urgent,URGENT_ASSESSMENT,Yes,Draft - Expert Review Required,YTH | Online Purchase | Prevention | Experimentation | High | PREVENT | parent
YTH_10_4,YTH,किशोर एवं युवा,Online Purchase,Teacher,Student,12–25 / Context dependent,Any / Not specified,Experimentation,Prevention,High,PREVENT,किसी विद्यार्थी में युवा का online माध्यम से अज्ञात pills या substances खरीदने पर विचार करना। शिक्षक के रूप में उचित प्रतिक्रिया क्या होनी चाहिए?,एक student में युवा का online माध्यम से अज्ञात pills या substances खरीदने पर विचार करना; teacher को क्या करना चाहिए?,"Student में युवा का online माध्यम से अज्ञात pills या substances खरीदने पर विचार करना। Teacher को support, referral और safety कैसे handle करनी चाहिए?",स्कूल/कॉलेज के विद्यार्थी में युवा का online माध्यम से अज्ञात pills या substances खरीदने पर विचार करना; शिक्षक किस तरह समझाए और किसे सूचित करे?,"unknown substance risk, legality/safety और trusted help की दिशा देना","घर पर जोखिमपूर्ण detox, medication dosing या false reassurance न दें; urgent professional assessment को delay न करें।",Urgent,URGENT_ASSESSMENT,Yes,Draft - Expert Review Required,YTH | Online Purchase | Prevention | Experimentation | High | PREVENT | teacher
PAR_01_1,PAR,Parenting एवं परिवार,Suspected Child Use,Parent,Child/Adolescent,12–25 / Context dependent,Any / Not specified,Suspected Use,Identification,Moderate,FAMILY,मेरे बच्चे में बच्चे के व्यवहार में बदलाव के कारण नशे की आशंका होना। माता-पिता के रूप में मुझे क्या करना चाहिए?,"मेरे बेटे/बेटी के साथ बच्चे के व्यवहार में बदलाव के कारण नशे की आशंका होना; डांटें, समझाएं या counselling लें?",मेरे child में बच्चे के व्यवहार में बदलाव के कारण नशे की आशंका होना। Parent के तौर पर सही response क्या हो?,बच्चे में बच्चे के व्यवहार में बदलाव के कारण नशे की आशंका होना; घर में कैसे बात करें और कब इलाज/काउंसलिंग कराएं?,"warning signs, non-accusatory conversation और assessment बताना","बिना पर्याप्त जानकारी diagnosis न करें; moral judgement, stigma, shame या guaranteed cure जैसी भाषा से बचें।",Conditional,CLINICAL_ASSESSMENT_IF_NEEDED,Recommended,Draft - Expert Review Required,PAR | Suspected Child Use | Identification | Suspected Use | Moderate | FAMILY | parent
PAR_01_2,PAR,Parenting एवं परिवार,Suspected Child Use,Spouse,Spouse,Adult / Any age,Any / Not specified,Suspected Use,Identification,Moderate,FAMILY,मेरे जीवनसाथी में बच्चे के व्यवहार में बदलाव के कारण नशे की आशंका होना। मैं किस तरह मदद करूं और अपनी सीमाएं कैसे तय करूं?,मेरे पति/पत्नी के साथ बच्चे के व्यवहार में बदलाव के कारण नशे की आशंका होना; मैं क्या करूं?,मेरे spouse में बच्चे के व्यवहार में बदलाव के कारण नशे की आशंका होना। Support और boundaries कैसे रखें?,जीवनसाथी के साथ बच्चे के व्यवहार में बदलाव के कारण नशे की आशंका होना; समझाने और घर की सुरक्षा के लिए क्या करें?,"warning signs, non-accusatory conversation और assessment बताना","बिना पर्याप्त जानकारी diagnosis न करें; moral judgement, stigma, shame या guaranteed cure जैसी भाषा से बचें।",Conditional,CLINICAL_ASSESSMENT_IF_NEEDED,Recommended,Draft - Expert Review Required,PAR | Suspected Child Use | Identification | Suspected Use | Moderate | FAMILY | spouse
PAR_01_3,PAR,Parenting एवं परिवार,Suspected Child Use,Sibling,Sibling,Adult / Any age,Any / Not specified,Suspected Use,Identification,Moderate,FAMILY,मेरे भाई/बहन में बच्चे के व्यवहार में बदलाव के कारण नशे की आशंका होना। परिवार के सदस्य के रूप में मैं कैसे मदद करूं?,मेरे भाई/बहन के साथ बच्चे के व्यवहार में बदलाव के कारण नशे की आशंका होना; उसे कैसे समझाएं?,Sibling में बच्चे के व्यवहार में बदलाव के कारण नशे की आशंका होना। Help और treatment के लिए next step क्या हो?,भाई/बहन में बच्चे के व्यवहार में बदलाव के कारण नशे की आशंका होना; घर के लोग मिलकर क्या करें?,"warning signs, non-accusatory conversation और assessment बताना","बिना पर्याप्त जानकारी diagnosis न करें; moral judgement, stigma, shame या guaranteed cure जैसी भाषा से बचें।",Conditional,CLINICAL_ASSESSMENT_IF_NEEDED,Recommended,Draft - Expert Review Required,PAR | Suspected Child Use | Identification | Suspected Use | Moderate | FAMILY | sibling
PAR_01_4,PAR,Parenting एवं परिवार,Suspected Child Use,Family Member,Family Member,Adult / Any age,Any / Not specified,Suspected Use,Identification,Moderate,FAMILY,मेरे परिवार के एक सदस्य में बच्चे के व्यवहार में बदलाव के कारण नशे की आशंका होना। हम उसकी सुरक्षित और सही तरीके से मदद कैसे करें?,घर में एक व्यक्ति के साथ बच्चे के व्यवहार में बदलाव के कारण नशे की आशंका होना। हमें क्या करना चाहिए?,मेरे family member में बच्चे के व्यवहार में बदलाव के कारण नशे की आशंका होना। हम help कैसे करें और कब professional help लें?,हमारे घर में एक सदस्य के साथ बच्चे के व्यवहार में बदलाव के कारण नशे की आशंका होना; समझाने और इलाज के लिए क्या तरीका रखें?,"warning signs, non-accusatory conversation और assessment बताना","बिना पर्याप्त जानकारी diagnosis न करें; moral judgement, stigma, shame या guaranteed cure जैसी भाषा से बचें।",Conditional,CLINICAL_ASSESSMENT_IF_NEEDED,Recommended,Draft - Expert Review Required,PAR | Suspected Child Use | Identification | Suspected Use | Moderate | FAMILY | family
PAR_02_1,PAR,Parenting एवं परिवार,Child Denial,Parent,Child/Adolescent,12–25 / Context dependent,Any / Not specified,Suspected Use,Communication,Moderate,FAMILY,मेरे बच्चे में बच्चे के नशा करने के संकेत हों लेकिन वह पूरी तरह इनकार करे। माता-पिता के रूप में मुझे क्या करना चाहिए?,"मेरे बेटे/बेटी के साथ बच्चे के नशा करने के संकेत हों लेकिन वह पूरी तरह इनकार करे; डांटें, समझाएं या counselling लें?",मेरे child में बच्चे के नशा करने के संकेत हों लेकिन वह पूरी तरह इनकार करे। Parent के तौर पर सही response क्या हो?,बच्चे में बच्चे के नशा करने के संकेत हों लेकिन वह पूरी तरह इनकार करे; घर में कैसे बात करें और कब इलाज/काउंसलिंग कराएं?,"संवाद, evidence handling और trusted professional involvement बताना","बिना पर्याप्त जानकारी diagnosis न करें; moral judgement, stigma, shame या guaranteed cure जैसी भाषा से बचें।",Conditional,CLINICAL_ASSESSMENT_IF_NEEDED,Recommended,Draft - Expert Review Required,PAR | Child Denial | Communication | Suspected Use | Moderate | FAMILY | parent
PAR_02_2,PAR,Parenting एवं परिवार,Child Denial,Spouse,Spouse,Adult / Any age,Any / Not specified,Suspected Use,Communication,Moderate,FAMILY,मेरे जीवनसाथी में बच्चे के नशा करने के संकेत हों लेकिन वह पूरी तरह इनकार करे। मैं किस तरह मदद करूं और अपनी सीमाएं कैसे तय करूं?,मेरे पति/पत्नी के साथ बच्चे के नशा करने के संकेत हों लेकिन वह पूरी तरह इनकार करे; मैं क्या करूं?,मेरे spouse में बच्चे के नशा करने के संकेत हों लेकिन वह पूरी तरह इनकार करे। Support और boundaries कैसे रखें?,जीवनसाथी के साथ बच्चे के नशा करने के संकेत हों लेकिन वह पूरी तरह इनकार करे; समझाने और घर की सुरक्षा के लिए क्या करें?,"संवाद, evidence handling और trusted professional involvement बताना","बिना पर्याप्त जानकारी diagnosis न करें; moral judgement, stigma, shame या guaranteed cure जैसी भाषा से बचें।",Conditional,CLINICAL_ASSESSMENT_IF_NEEDED,Recommended,Draft - Expert Review Required,PAR | Child Denial | Communication | Suspected Use | Moderate | FAMILY | spouse
PAR_02_3,PAR,Parenting एवं परिवार,Child Denial,Sibling,Sibling,Adult / Any age,Any / Not specified,Suspected Use,Communication,Moderate,FAMILY,मेरे भाई/बहन में बच्चे के नशा करने के संकेत हों लेकिन वह पूरी तरह इनकार करे। परिवार के सदस्य के रूप में मैं कैसे मदद करूं?,मेरे भाई/बहन के साथ बच्चे के नशा करने के संकेत हों लेकिन वह पूरी तरह इनकार करे; उसे कैसे समझाएं?,Sibling में बच्चे के नशा करने के संकेत हों लेकिन वह पूरी तरह इनकार करे। Help और treatment के लिए next step क्या हो?,भाई/बहन में बच्चे के नशा करने के संकेत हों लेकिन वह पूरी तरह इनकार करे; घर के लोग मिलकर क्या करें?,"संवाद, evidence handling और trusted professional involvement बताना","बिना पर्याप्त जानकारी diagnosis न करें; moral judgement, stigma, shame या guaranteed cure जैसी भाषा से बचें।",Conditional,CLINICAL_ASSESSMENT_IF_NEEDED,Recommended,Draft - Expert Review Required,PAR | Child Denial | Communication | Suspected Use | Moderate | FAMILY | sibling
PAR_02_4,PAR,Parenting एवं परिवार,Child Denial,Family Member,Family Member,Adult / Any age,Any / Not specified,Suspected Use,Communication,Moderate,FAMILY,मेरे परिवार के एक सदस्य में बच्चे के नशा करने के संकेत हों लेकिन वह पूरी तरह इनकार करे। हम उसकी सुरक्षित और सही तरीके से मदद कैसे करें?,घर में एक व्यक्ति के साथ बच्चे के नशा करने के संकेत हों लेकिन वह पूरी तरह इनकार करे। हमें क्या करना चाहिए?,मेरे family member में बच्चे के नशा करने के संकेत हों लेकिन वह पूरी तरह इनकार करे। हम help कैसे करें और कब professional help लें?,हमारे घर में एक सदस्य के साथ बच्चे के नशा करने के संकेत हों लेकिन वह पूरी तरह इनकार करे; समझाने और इलाज के लिए क्या तरीका रखें?,"संवाद, evidence handling और trusted professional involvement बताना","बिना पर्याप्त जानकारी diagnosis न करें; moral judgement, stigma, shame या guaranteed cure जैसी भाषा से बचें।",Conditional,CLINICAL_ASSESSMENT_IF_NEEDED,Recommended,Draft - Expert Review Required,PAR | Child Denial | Communication | Suspected Use | Moderate | FAMILY | family
PAR_03_1,PAR,Parenting एवं परिवार,Money Requests,Parent,Child/Adolescent,12–25 / Context dependent,Any / Not specified,Regular Use,Boundaries,Moderate,FAMILY,मेरे बच्चे में परिवार के सदस्य का बार-बार पैसे मांगना और पैसे न देने पर झगड़ा करना। माता-पिता के रूप में मुझे क्या करना चाहिए?,"मेरे बेटे/बेटी के साथ परिवार के सदस्य का बार-बार पैसे मांगना और पैसे न देने पर झगड़ा करना; डांटें, समझाएं या counselling लें?",मेरे child में परिवार के सदस्य का बार-बार पैसे मांगना और पैसे न देने पर झगड़ा करना। Parent के तौर पर सही response क्या हो?,बच्चे में परिवार के सदस्य का बार-बार पैसे मांगना और पैसे न देने पर झगड़ा करना; घर में कैसे बात करें और कब इलाज/काउंसलिंग कराएं?,"financial boundaries, safety और enabling से बचाव बताना","बिना पर्याप्त जानकारी diagnosis न करें; moral judgement, stigma, shame या guaranteed cure जैसी भाषा से बचें।",Conditional,CLINICAL_ASSESSMENT_IF_NEEDED,Recommended,Draft - Expert Review Required,PAR | Money Requests | Boundaries | Regular Use | Moderate | FAMILY | parent
PAR_03_2,PAR,Parenting एवं परिवार,Money Requests,Spouse,Spouse,Adult / Any age,Any / Not specified,Regular Use,Boundaries,Moderate,FAMILY,मेरे जीवनसाथी में परिवार के सदस्य का बार-बार पैसे मांगना और पैसे न देने पर झगड़ा करना। मैं किस तरह मदद करूं और अपनी सीमाएं कैसे तय करूं?,मेरे पति/पत्नी के साथ परिवार के सदस्य का बार-बार पैसे मांगना और पैसे न देने पर झगड़ा करना; मैं क्या करूं?,मेरे spouse में परिवार के सदस्य का बार-बार पैसे मांगना और पैसे न देने पर झगड़ा करना। Support और boundaries कैसे रखें?,जीवनसाथी के साथ परिवार के सदस्य का बार-बार पैसे मांगना और पैसे न देने पर झगड़ा करना; समझाने और घर की सुरक्षा के लिए क्या करें?,"financial boundaries, safety और enabling से बचाव बताना","बिना पर्याप्त जानकारी diagnosis न करें; moral judgement, stigma, shame या guaranteed cure जैसी भाषा से बचें।",Conditional,CLINICAL_ASSESSMENT_IF_NEEDED,Recommended,Draft - Expert Review Required,PAR | Money Requests | Boundaries | Regular Use | Moderate | FAMILY | spouse
PAR_03_3,PAR,Parenting एवं परिवार,Money Requests,Sibling,Sibling,Adult / Any age,Any / Not specified,Regular Use,Boundaries,Moderate,FAMILY,मेरे भाई/बहन में परिवार के सदस्य का बार-बार पैसे मांगना और पैसे न देने पर झगड़ा करना। परिवार के सदस्य के रूप में मैं कैसे मदद करूं?,मेरे भाई/बहन के साथ परिवार के सदस्य का बार-बार पैसे मांगना और पैसे न देने पर झगड़ा करना; उसे कैसे समझाएं?,Sibling में परिवार के सदस्य का बार-बार पैसे मांगना और पैसे न देने पर झगड़ा करना। Help और treatment के लिए next step क्या हो?,भाई/बहन में परिवार के सदस्य का बार-बार पैसे मांगना और पैसे न देने पर झगड़ा करना; घर के लोग मिलकर क्या करें?,"financial boundaries, safety और enabling से बचाव बताना","बिना पर्याप्त जानकारी diagnosis न करें; moral judgement, stigma, shame या guaranteed cure जैसी भाषा से बचें।",Conditional,CLINICAL_ASSESSMENT_IF_NEEDED,Recommended,Draft - Expert Review Required,PAR | Money Requests | Boundaries | Regular Use | Moderate | FAMILY | sibling
PAR_03_4,PAR,Parenting एवं परिवार,Money Requests,Family Member,Family Member,Adult / Any age,Any / Not specified,Regular Use,Boundaries,Moderate,FAMILY,मेरे परिवार के एक सदस्य में परिवार के सदस्य का बार-बार पैसे मांगना और पैसे न देने पर झगड़ा करना। हम उसकी सुरक्षित और सही तरीके से मदद कैसे करें?,घर में एक व्यक्ति के साथ परिवार के सदस्य का बार-बार पैसे मांगना और पैसे न देने पर झगड़ा करना। हमें क्या करना चाहिए?,मेरे family member में परिवार के सदस्य का बार-बार पैसे मांगना और पैसे न देने पर झगड़ा करना। हम help कैसे करें और कब professional help लें?,हमारे घर में एक सदस्य के साथ परिवार के सदस्य का बार-बार पैसे मांगना और पैसे न देने पर झगड़ा करना; समझाने और इलाज के लिए क्या तरीका रखें?,"financial boundaries, safety और enabling से बचाव बताना","बिना पर्याप्त जानकारी diagnosis न करें; moral judgement, stigma, shame या guaranteed cure जैसी भाषा से बचें।",Conditional,CLINICAL_ASSESSMENT_IF_NEEDED,Recommended,Draft - Expert Review Required,PAR | Money Requests | Boundaries | Regular Use | Moderate | FAMILY | family
PAR_04_1,PAR,Parenting एवं परिवार,Spouse Drinking,Parent,Child/Adolescent,12–25 / Context dependent,Any / Not specified,Dependence,Treatment Motivation,Moderate,FAMILY,मेरे बच्चे में पति या पत्नी का नियमित नशा करना लेकिन treatment से इनकार करना। माता-पिता के रूप में मुझे क्या करना चाहिए?,"मेरे बेटे/बेटी के साथ पति या पत्नी का नियमित नशा करना लेकिन treatment से इनकार करना; डांटें, समझाएं या counselling लें?",मेरे child में पति या पत्नी का नियमित नशा करना लेकिन treatment से इनकार करना। Parent के तौर पर सही response क्या हो?,बच्चे में पति या पत्नी का नियमित नशा करना लेकिन treatment से इनकार करना; घर में कैसे बात करें और कब इलाज/काउंसलिंग कराएं?,"motivational conversation, boundaries और family support बताना","बिना पर्याप्त जानकारी diagnosis न करें; moral judgement, stigma, shame या guaranteed cure जैसी भाषा से बचें।",Conditional,CLINICAL_ASSESSMENT_IF_NEEDED,Recommended,Draft - Expert Review Required,PAR | Spouse Drinking | Treatment Motivation | Dependence | Moderate | FAMILY | parent
PAR_04_2,PAR,Parenting एवं परिवार,Spouse Drinking,Spouse,Spouse,Adult / Any age,Any / Not specified,Dependence,Treatment Motivation,Moderate,FAMILY,मेरे जीवनसाथी में पति या पत्नी का नियमित नशा करना लेकिन treatment से इनकार करना। मैं किस तरह मदद करूं और अपनी सीमाएं कैसे तय करूं?,मेरे पति/पत्नी के साथ पति या पत्नी का नियमित नशा करना लेकिन treatment से इनकार करना; मैं क्या करूं?,मेरे spouse में पति या पत्नी का नियमित नशा करना लेकिन treatment से इनकार करना। Support और boundaries कैसे रखें?,जीवनसाथी के साथ पति या पत्नी का नियमित नशा करना लेकिन treatment से इनकार करना; समझाने और घर की सुरक्षा के लिए क्या करें?,"motivational conversation, boundaries और family support बताना","बिना पर्याप्त जानकारी diagnosis न करें; moral judgement, stigma, shame या guaranteed cure जैसी भाषा से बचें।",Conditional,CLINICAL_ASSESSMENT_IF_NEEDED,Recommended,Draft - Expert Review Required,PAR | Spouse Drinking | Treatment Motivation | Dependence | Moderate | FAMILY | spouse
PAR_04_3,PAR,Parenting एवं परिवार,Spouse Drinking,Sibling,Sibling,Adult / Any age,Any / Not specified,Dependence,Treatment Motivation,Moderate,FAMILY,मेरे भाई/बहन में पति या पत्नी का नियमित नशा करना लेकिन treatment से इनकार करना। परिवार के सदस्य के रूप में मैं कैसे मदद करूं?,मेरे भाई/बहन के साथ पति या पत्नी का नियमित नशा करना लेकिन treatment से इनकार करना; उसे कैसे समझाएं?,Sibling में पति या पत्नी का नियमित नशा करना लेकिन treatment से इनकार करना। Help और treatment के लिए next step क्या हो?,भाई/बहन में पति या पत्नी का नियमित नशा करना लेकिन treatment से इनकार करना; घर के लोग मिलकर क्या करें?,"motivational conversation, boundaries और family support बताना","बिना पर्याप्त जानकारी diagnosis न करें; moral judgement, stigma, shame या guaranteed cure जैसी भाषा से बचें।",Conditional,CLINICAL_ASSESSMENT_IF_NEEDED,Recommended,Draft - Expert Review Required,PAR | Spouse Drinking | Treatment Motivation | Dependence | Moderate | FAMILY | sibling
PAR_04_4,PAR,Parenting एवं परिवार,Spouse Drinking,Family Member,Family Member,Adult / Any age,Any / Not specified,Dependence,Treatment Motivation,Moderate,FAMILY,मेरे परिवार के एक सदस्य में पति या पत्नी का नियमित नशा करना लेकिन treatment से इनकार करना। हम उसकी सुरक्षित और सही तरीके से मदद कैसे करें?,घर में एक व्यक्ति के साथ पति या पत्नी का नियमित नशा करना लेकिन treatment से इनकार करना। हमें क्या करना चाहिए?,मेरे family member में पति या पत्नी का नियमित नशा करना लेकिन treatment से इनकार करना। हम help कैसे करें और कब professional help लें?,हमारे घर में एक सदस्य के साथ पति या पत्नी का नियमित नशा करना लेकिन treatment से इनकार करना; समझाने और इलाज के लिए क्या तरीका रखें?,"motivational conversation, boundaries और family support बताना","बिना पर्याप्त जानकारी diagnosis न करें; moral judgement, stigma, shame या guaranteed cure जैसी भाषा से बचें।",Conditional,CLINICAL_ASSESSMENT_IF_NEEDED,Recommended,Draft - Expert Review Required,PAR | Spouse Drinking | Treatment Motivation | Dependence | Moderate | FAMILY | family
PAR_05_1,PAR,Parenting एवं परिवार,Children Witnessing,Parent,Child/Adolescent,12–25 / Context dependent,Any / Not specified,Regular Use,Family Safety,High,FAMILY,मेरे बच्चे में नशे और घरेलू झगड़े का बच्चों पर असर पड़ना। माता-पिता के रूप में मुझे क्या करना चाहिए?,"मेरे बेटे/बेटी के साथ नशे और घरेलू झगड़े का बच्चों पर असर पड़ना; डांटें, समझाएं या counselling लें?",मेरे child में नशे और घरेलू झगड़े का बच्चों पर असर पड़ना। Parent के तौर पर सही response क्या हो?,बच्चे में नशे और घरेलू झगड़े का बच्चों पर असर पड़ना; घर में कैसे बात करें और कब इलाज/काउंसलिंग कराएं?,"child safety, emotional support और violence escalation की पहचान बताना","घर पर जोखिमपूर्ण detox, medication dosing या false reassurance न दें; urgent professional assessment को delay न करें।",Urgent,URGENT_ASSESSMENT,Yes,Draft - Expert Review Required,PAR | Children Witnessing | Family Safety | Regular Use | High | FAMILY | parent
PAR_05_2,PAR,Parenting एवं परिवार,Children Witnessing,Spouse,Spouse,Adult / Any age,Any / Not specified,Regular Use,Family Safety,High,FAMILY,मेरे जीवनसाथी में नशे और घरेलू झगड़े का बच्चों पर असर पड़ना। मैं किस तरह मदद करूं और अपनी सीमाएं कैसे तय करूं?,मेरे पति/पत्नी के साथ नशे और घरेलू झगड़े का बच्चों पर असर पड़ना; मैं क्या करूं?,मेरे spouse में नशे और घरेलू झगड़े का बच्चों पर असर पड़ना। Support और boundaries कैसे रखें?,जीवनसाथी के साथ नशे और घरेलू झगड़े का बच्चों पर असर पड़ना; समझाने और घर की सुरक्षा के लिए क्या करें?,"child safety, emotional support और violence escalation की पहचान बताना","घर पर जोखिमपूर्ण detox, medication dosing या false reassurance न दें; urgent professional assessment को delay न करें।",Urgent,URGENT_ASSESSMENT,Yes,Draft - Expert Review Required,PAR | Children Witnessing | Family Safety | Regular Use | High | FAMILY | spouse
PAR_05_3,PAR,Parenting एवं परिवार,Children Witnessing,Sibling,Sibling,Adult / Any age,Any / Not specified,Regular Use,Family Safety,High,FAMILY,मेरे भाई/बहन में नशे और घरेलू झगड़े का बच्चों पर असर पड़ना। परिवार के सदस्य के रूप में मैं कैसे मदद करूं?,मेरे भाई/बहन के साथ नशे और घरेलू झगड़े का बच्चों पर असर पड़ना; उसे कैसे समझाएं?,Sibling में नशे और घरेलू झगड़े का बच्चों पर असर पड़ना। Help और treatment के लिए next step क्या हो?,भाई/बहन में नशे और घरेलू झगड़े का बच्चों पर असर पड़ना; घर के लोग मिलकर क्या करें?,"child safety, emotional support और violence escalation की पहचान बताना","घर पर जोखिमपूर्ण detox, medication dosing या false reassurance न दें; urgent professional assessment को delay न करें।",Urgent,URGENT_ASSESSMENT,Yes,Draft - Expert Review Required,PAR | Children Witnessing | Family Safety | Regular Use | High | FAMILY | sibling
PAR_05_4,PAR,Parenting एवं परिवार,Children Witnessing,Family Member,Family Member,Adult / Any age,Any / Not specified,Regular Use,Family Safety,High,FAMILY,मेरे परिवार के एक सदस्य में नशे और घरेलू झगड़े का बच्चों पर असर पड़ना। हम उसकी सुरक्षित और सही तरीके से मदद कैसे करें?,घर में एक व्यक्ति के साथ नशे और घरेलू झगड़े का बच्चों पर असर पड़ना। हमें क्या करना चाहिए?,मेरे family member में नशे और घरेलू झगड़े का बच्चों पर असर पड़ना। हम help कैसे करें और कब professional help लें?,हमारे घर में एक सदस्य के साथ नशे और घरेलू झगड़े का बच्चों पर असर पड़ना; समझाने और इलाज के लिए क्या तरीका रखें?,"child safety, emotional support और violence escalation की पहचान बताना","घर पर जोखिमपूर्ण detox, medication dosing या false reassurance न दें; urgent professional assessment को delay न करें।",Urgent,URGENT_ASSESSMENT,Yes,Draft - Expert Review Required,PAR | Children Witnessing | Family Safety | Regular Use | High | FAMILY | family
PAR_06_1,PAR,Parenting एवं परिवार,Trust After Recovery,Parent,Child/Adolescent,12–25 / Context dependent,Any / Not specified,Recovery,Recovery Support,Routine,FAMILY,मेरे बच्चे में नशा छोड़ने के बाद परिवार का विश्वास वापस न बन पाना। माता-पिता के रूप में मुझे क्या करना चाहिए?,"मेरे बेटे/बेटी के साथ नशा छोड़ने के बाद परिवार का विश्वास वापस न बन पाना; डांटें, समझाएं या counselling लें?",मेरे child में नशा छोड़ने के बाद परिवार का विश्वास वापस न बन पाना। Parent के तौर पर सही response क्या हो?,बच्चे में नशा छोड़ने के बाद परिवार का विश्वास वापस न बन पाना; घर में कैसे बात करें और कब इलाज/काउंसलिंग कराएं?,"trust rebuilding, boundaries और gradual autonomy समझाना","बिना पर्याप्त जानकारी diagnosis न करें; moral judgement, stigma, shame या guaranteed cure जैसी भाषा से बचें।",No routine escalation,STANDARD,Recommended,Draft - Expert Review Required,PAR | Trust After Recovery | Recovery Support | Recovery | Routine | FAMILY | parent
PAR_06_2,PAR,Parenting एवं परिवार,Trust After Recovery,Spouse,Spouse,Adult / Any age,Any / Not specified,Recovery,Recovery Support,Routine,FAMILY,मेरे जीवनसाथी में नशा छोड़ने के बाद परिवार का विश्वास वापस न बन पाना। मैं किस तरह मदद करूं और अपनी सीमाएं कैसे तय करूं?,मेरे पति/पत्नी के साथ नशा छोड़ने के बाद परिवार का विश्वास वापस न बन पाना; मैं क्या करूं?,मेरे spouse में नशा छोड़ने के बाद परिवार का विश्वास वापस न बन पाना। Support और boundaries कैसे रखें?,जीवनसाथी के साथ नशा छोड़ने के बाद परिवार का विश्वास वापस न बन पाना; समझाने और घर की सुरक्षा के लिए क्या करें?,"trust rebuilding, boundaries और gradual autonomy समझाना","बिना पर्याप्त जानकारी diagnosis न करें; moral judgement, stigma, shame या guaranteed cure जैसी भाषा से बचें।",No routine escalation,STANDARD,Recommended,Draft - Expert Review Required,PAR | Trust After Recovery | Recovery Support | Recovery | Routine | FAMILY | spouse
PAR_06_3,PAR,Parenting एवं परिवार,Trust After Recovery,Sibling,Sibling,Adult / Any age,Any / Not specified,Recovery,Recovery Support,Routine,FAMILY,मेरे भाई/बहन में नशा छोड़ने के बाद परिवार का विश्वास वापस न बन पाना। परिवार के सदस्य के रूप में मैं कैसे मदद करूं?,मेरे भाई/बहन के साथ नशा छोड़ने के बाद परिवार का विश्वास वापस न बन पाना; उसे कैसे समझाएं?,Sibling में नशा छोड़ने के बाद परिवार का विश्वास वापस न बन पाना। Help और treatment के लिए next step क्या हो?,भाई/बहन में नशा छोड़ने के बाद परिवार का विश्वास वापस न बन पाना; घर के लोग मिलकर क्या करें?,"trust rebuilding, boundaries और gradual autonomy समझाना","बिना पर्याप्त जानकारी diagnosis न करें; moral judgement, stigma, shame या guaranteed cure जैसी भाषा से बचें।",No routine escalation,STANDARD,Recommended,Draft - Expert Review Required,PAR | Trust After Recovery | Recovery Support | Recovery | Routine | FAMILY | sibling
PAR_06_4,PAR,Parenting एवं परिवार,Trust After Recovery,Family Member,Family Member,Adult / Any age,Any / Not specified,Recovery,Recovery Support,Routine,FAMILY,मेरे परिवार के एक सदस्य में नशा छोड़ने के बाद परिवार का विश्वास वापस न बन पाना। हम उसकी सुरक्षित और सही तरीके से मदद कैसे करें?,घर में एक व्यक्ति के साथ नशा छोड़ने के बाद परिवार का विश्वास वापस न बन पाना। हमें क्या करना चाहिए?,मेरे family member में नशा छोड़ने के बाद परिवार का विश्वास वापस न बन पाना। हम help कैसे करें और कब professional help लें?,हमारे घर में एक सदस्य के साथ नशा छोड़ने के बाद परिवार का विश्वास वापस न बन पाना; समझाने और इलाज के लिए क्या तरीका रखें?,"trust rebuilding, boundaries और gradual autonomy समझाना","बिना पर्याप्त जानकारी diagnosis न करें; moral judgement, stigma, shame या guaranteed cure जैसी भाषा से बचें।",No routine escalation,STANDARD,Recommended,Draft - Expert Review Required,PAR | Trust After Recovery | Recovery Support | Recovery | Routine | FAMILY | family
PAR_07_1,PAR,Parenting एवं परिवार,Enabling,Parent,Child/Adolescent,12–25 / Context dependent,Any / Not specified,Regular Use,Family Education,Moderate,FAMILY,मेरे बच्चे में मदद के नाम पर परिवार का नशे के लिए पैसे या excuses देना। माता-पिता के रूप में मुझे क्या करना चाहिए?,"मेरे बेटे/बेटी के साथ मदद के नाम पर परिवार का नशे के लिए पैसे या excuses देना; डांटें, समझाएं या counselling लें?",मेरे child में मदद के नाम पर परिवार का नशे के लिए पैसे या excuses देना। Parent के तौर पर सही response क्या हो?,बच्चे में मदद के नाम पर परिवार का नशे के लिए पैसे या excuses देना; घर में कैसे बात करें और कब इलाज/काउंसलिंग कराएं?,support और enabling का फर्क समझाना,"बिना पर्याप्त जानकारी diagnosis न करें; moral judgement, stigma, shame या guaranteed cure जैसी भाषा से बचें।",Conditional,CLINICAL_ASSESSMENT_IF_NEEDED,Recommended,Draft - Expert Review Required,PAR | Enabling | Family Education | Regular Use | Moderate | FAMILY | parent
PAR_07_2,PAR,Parenting एवं परिवार,Enabling,Spouse,Spouse,Adult / Any age,Any / Not specified,Regular Use,Family Education,Moderate,FAMILY,मेरे जीवनसाथी में मदद के नाम पर परिवार का नशे के लिए पैसे या excuses देना। मैं किस तरह मदद करूं और अपनी सीमाएं कैसे तय करूं?,मेरे पति/पत्नी के साथ मदद के नाम पर परिवार का नशे के लिए पैसे या excuses देना; मैं क्या करूं?,मेरे spouse में मदद के नाम पर परिवार का नशे के लिए पैसे या excuses देना। Support और boundaries कैसे रखें?,जीवनसाथी के साथ मदद के नाम पर परिवार का नशे के लिए पैसे या excuses देना; समझाने और घर की सुरक्षा के लिए क्या करें?,support और enabling का फर्क समझाना,"बिना पर्याप्त जानकारी diagnosis न करें; moral judgement, stigma, shame या guaranteed cure जैसी भाषा से बचें।",Conditional,CLINICAL_ASSESSMENT_IF_NEEDED,Recommended,Draft - Expert Review Required,PAR | Enabling | Family Education | Regular Use | Moderate | FAMILY | spouse
PAR_07_3,PAR,Parenting एवं परिवार,Enabling,Sibling,Sibling,Adult / Any age,Any / Not specified,Regular Use,Family Education,Moderate,FAMILY,मेरे भाई/बहन में मदद के नाम पर परिवार का नशे के लिए पैसे या excuses देना। परिवार के सदस्य के रूप में मैं कैसे मदद करूं?,मेरे भाई/बहन के साथ मदद के नाम पर परिवार का नशे के लिए पैसे या excuses देना; उसे कैसे समझाएं?,Sibling में मदद के नाम पर परिवार का नशे के लिए पैसे या excuses देना। Help और treatment के लिए next step क्या हो?,भाई/बहन में मदद के नाम पर परिवार का नशे के लिए पैसे या excuses देना; घर के लोग मिलकर क्या करें?,support और enabling का फर्क समझाना,"बिना पर्याप्त जानकारी diagnosis न करें; moral judgement, stigma, shame या guaranteed cure जैसी भाषा से बचें।",Conditional,CLINICAL_ASSESSMENT_IF_NEEDED,Recommended,Draft - Expert Review Required,PAR | Enabling | Family Education | Regular Use | Moderate | FAMILY | sibling
PAR_07_4,PAR,Parenting एवं परिवार,Enabling,Family Member,Family Member,Adult / Any age,Any / Not specified,Regular Use,Family Education,Moderate,FAMILY,मेरे परिवार के एक सदस्य में मदद के नाम पर परिवार का नशे के लिए पैसे या excuses देना। हम उसकी सुरक्षित और सही तरीके से मदद कैसे करें?,घर में एक व्यक्ति के साथ मदद के नाम पर परिवार का नशे के लिए पैसे या excuses देना। हमें क्या करना चाहिए?,मेरे family member में मदद के नाम पर परिवार का नशे के लिए पैसे या excuses देना। हम help कैसे करें और कब professional help लें?,हमारे घर में एक सदस्य के साथ मदद के नाम पर परिवार का नशे के लिए पैसे या excuses देना; समझाने और इलाज के लिए क्या तरीका रखें?,support और enabling का फर्क समझाना,"बिना पर्याप्त जानकारी diagnosis न करें; moral judgement, stigma, shame या guaranteed cure जैसी भाषा से बचें।",Conditional,CLINICAL_ASSESSMENT_IF_NEEDED,Recommended,Draft - Expert Review Required,PAR | Enabling | Family Education | Regular Use | Moderate | FAMILY | family
PAR_08_1,PAR,Parenting एवं परिवार,Secrecy,Parent,Child/Adolescent,12–25 / Context dependent,Any / Not specified,Regular Use,Stigma Reduction,Moderate,FAMILY,मेरे बच्चे में परिवार का सामाजिक बदनामी के डर से नशे की समस्या छिपाना। माता-पिता के रूप में मुझे क्या करना चाहिए?,"मेरे बेटे/बेटी के साथ परिवार का सामाजिक बदनामी के डर से नशे की समस्या छिपाना; डांटें, समझाएं या counselling लें?",मेरे child में परिवार का सामाजिक बदनामी के डर से नशे की समस्या छिपाना। Parent के तौर पर सही response क्या हो?,बच्चे में परिवार का सामाजिक बदनामी के डर से नशे की समस्या छिपाना; घर में कैसे बात करें और कब इलाज/काउंसलिंग कराएं?,privacy रखते हुए timely help seeking को बढ़ावा देना,"बिना पर्याप्त जानकारी diagnosis न करें; moral judgement, stigma, shame या guaranteed cure जैसी भाषा से बचें।",Conditional,CLINICAL_ASSESSMENT_IF_NEEDED,Recommended,Draft - Expert Review Required,PAR | Secrecy | Stigma Reduction | Regular Use | Moderate | FAMILY | parent
PAR_08_2,PAR,Parenting एवं परिवार,Secrecy,Spouse,Spouse,Adult / Any age,Any / Not specified,Regular Use,Stigma Reduction,Moderate,FAMILY,मेरे जीवनसाथी में परिवार का सामाजिक बदनामी के डर से नशे की समस्या छिपाना। मैं किस तरह मदद करूं और अपनी सीमाएं कैसे तय करूं?,मेरे पति/पत्नी के साथ परिवार का सामाजिक बदनामी के डर से नशे की समस्या छिपाना; मैं क्या करूं?,मेरे spouse में परिवार का सामाजिक बदनामी के डर से नशे की समस्या छिपाना। Support और boundaries कैसे रखें?,जीवनसाथी के साथ परिवार का सामाजिक बदनामी के डर से नशे की समस्या छिपाना; समझाने और घर की सुरक्षा के लिए क्या करें?,privacy रखते हुए timely help seeking को बढ़ावा देना,"बिना पर्याप्त जानकारी diagnosis न करें; moral judgement, stigma, shame या guaranteed cure जैसी भाषा से बचें।",Conditional,CLINICAL_ASSESSMENT_IF_NEEDED,Recommended,Draft - Expert Review Required,PAR | Secrecy | Stigma Reduction | Regular Use | Moderate | FAMILY | spouse
PAR_08_3,PAR,Parenting एवं परिवार,Secrecy,Sibling,Sibling,Adult / Any age,Any / Not specified,Regular Use,Stigma Reduction,Moderate,FAMILY,मेरे भाई/बहन में परिवार का सामाजिक बदनामी के डर से नशे की समस्या छिपाना। परिवार के सदस्य के रूप में मैं कैसे मदद करूं?,मेरे भाई/बहन के साथ परिवार का सामाजिक बदनामी के डर से नशे की समस्या छिपाना; उसे कैसे समझाएं?,Sibling में परिवार का सामाजिक बदनामी के डर से नशे की समस्या छिपाना। Help और treatment के लिए next step क्या हो?,भाई/बहन में परिवार का सामाजिक बदनामी के डर से नशे की समस्या छिपाना; घर के लोग मिलकर क्या करें?,privacy रखते हुए timely help seeking को बढ़ावा देना,"बिना पर्याप्त जानकारी diagnosis न करें; moral judgement, stigma, shame या guaranteed cure जैसी भाषा से बचें।",Conditional,CLINICAL_ASSESSMENT_IF_NEEDED,Recommended,Draft - Expert Review Required,PAR | Secrecy | Stigma Reduction | Regular Use | Moderate | FAMILY | sibling
PAR_08_4,PAR,Parenting एवं परिवार,Secrecy,Family Member,Family Member,Adult / Any age,Any / Not specified,Regular Use,Stigma Reduction,Moderate,FAMILY,मेरे परिवार के एक सदस्य में परिवार का सामाजिक बदनामी के डर से नशे की समस्या छिपाना। हम उसकी सुरक्षित और सही तरीके से मदद कैसे करें?,घर में एक व्यक्ति के साथ परिवार का सामाजिक बदनामी के डर से नशे की समस्या छिपाना। हमें क्या करना चाहिए?,मेरे family member में परिवार का सामाजिक बदनामी के डर से नशे की समस्या छिपाना। हम help कैसे करें और कब professional help लें?,हमारे घर में एक सदस्य के साथ परिवार का सामाजिक बदनामी के डर से नशे की समस्या छिपाना; समझाने और इलाज के लिए क्या तरीका रखें?,privacy रखते हुए timely help seeking को बढ़ावा देना,"बिना पर्याप्त जानकारी diagnosis न करें; moral judgement, stigma, shame या guaranteed cure जैसी भाषा से बचें।",Conditional,CLINICAL_ASSESSMENT_IF_NEEDED,Recommended,Draft - Expert Review Required,PAR | Secrecy | Stigma Reduction | Regular Use | Moderate | FAMILY | family
PAR_09_1,PAR,Parenting एवं परिवार,Treatment Conflict,Parent,Child/Adolescent,12–25 / Context dependent,Any / Not specified,Treatment,Care Planning,Moderate,FAMILY,मेरे बच्चे में परिवार के सदस्यों में इलाज के तरीके को लेकर मतभेद होना। माता-पिता के रूप में मुझे क्या करना चाहिए?,"मेरे बेटे/बेटी के साथ परिवार के सदस्यों में इलाज के तरीके को लेकर मतभेद होना; डांटें, समझाएं या counselling लें?",मेरे child में परिवार के सदस्यों में इलाज के तरीके को लेकर मतभेद होना। Parent के तौर पर सही response क्या हो?,बच्चे में परिवार के सदस्यों में इलाज के तरीके को लेकर मतभेद होना; घर में कैसे बात करें और कब इलाज/काउंसलिंग कराएं?,"shared plan, qualified assessment और consistent boundaries बताना","बिना पर्याप्त जानकारी diagnosis न करें; moral judgement, stigma, shame या guaranteed cure जैसी भाषा से बचें।",Conditional,CLINICAL_ASSESSMENT_IF_NEEDED,Recommended,Draft - Expert Review Required,PAR | Treatment Conflict | Care Planning | Treatment | Moderate | FAMILY | parent
PAR_09_2,PAR,Parenting एवं परिवार,Treatment Conflict,Spouse,Spouse,Adult / Any age,Any / Not specified,Treatment,Care Planning,Moderate,FAMILY,मेरे जीवनसाथी में परिवार के सदस्यों में इलाज के तरीके को लेकर मतभेद होना। मैं किस तरह मदद करूं और अपनी सीमाएं कैसे तय करूं?,मेरे पति/पत्नी के साथ परिवार के सदस्यों में इलाज के तरीके को लेकर मतभेद होना; मैं क्या करूं?,मेरे spouse में परिवार के सदस्यों में इलाज के तरीके को लेकर मतभेद होना। Support और boundaries कैसे रखें?,जीवनसाथी के साथ परिवार के सदस्यों में इलाज के तरीके को लेकर मतभेद होना; समझाने और घर की सुरक्षा के लिए क्या करें?,"shared plan, qualified assessment और consistent boundaries बताना","बिना पर्याप्त जानकारी diagnosis न करें; moral judgement, stigma, shame या guaranteed cure जैसी भाषा से बचें।",Conditional,CLINICAL_ASSESSMENT_IF_NEEDED,Recommended,Draft - Expert Review Required,PAR | Treatment Conflict | Care Planning | Treatment | Moderate | FAMILY | spouse
PAR_09_3,PAR,Parenting एवं परिवार,Treatment Conflict,Sibling,Sibling,Adult / Any age,Any / Not specified,Treatment,Care Planning,Moderate,FAMILY,मेरे भाई/बहन में परिवार के सदस्यों में इलाज के तरीके को लेकर मतभेद होना। परिवार के सदस्य के रूप में मैं कैसे मदद करूं?,मेरे भाई/बहन के साथ परिवार के सदस्यों में इलाज के तरीके को लेकर मतभेद होना; उसे कैसे समझाएं?,Sibling में परिवार के सदस्यों में इलाज के तरीके को लेकर मतभेद होना। Help और treatment के लिए next step क्या हो?,भाई/बहन में परिवार के सदस्यों में इलाज के तरीके को लेकर मतभेद होना; घर के लोग मिलकर क्या करें?,"shared plan, qualified assessment और consistent boundaries बताना","बिना पर्याप्त जानकारी diagnosis न करें; moral judgement, stigma, shame या guaranteed cure जैसी भाषा से बचें।",Conditional,CLINICAL_ASSESSMENT_IF_NEEDED,Recommended,Draft - Expert Review Required,PAR | Treatment Conflict | Care Planning | Treatment | Moderate | FAMILY | sibling
PAR_09_4,PAR,Parenting एवं परिवार,Treatment Conflict,Family Member,Family Member,Adult / Any age,Any / Not specified,Treatment,Care Planning,Moderate,FAMILY,मेरे परिवार के एक सदस्य में परिवार के सदस्यों में इलाज के तरीके को लेकर मतभेद होना। हम उसकी सुरक्षित और सही तरीके से मदद कैसे करें?,घर में एक व्यक्ति के साथ परिवार के सदस्यों में इलाज के तरीके को लेकर मतभेद होना। हमें क्या करना चाहिए?,मेरे family member में परिवार के सदस्यों में इलाज के तरीके को लेकर मतभेद होना। हम help कैसे करें और कब professional help लें?,हमारे घर में एक सदस्य के साथ परिवार के सदस्यों में इलाज के तरीके को लेकर मतभेद होना; समझाने और इलाज के लिए क्या तरीका रखें?,"shared plan, qualified assessment और consistent boundaries बताना","बिना पर्याप्त जानकारी diagnosis न करें; moral judgement, stigma, shame या guaranteed cure जैसी भाषा से बचें।",Conditional,CLINICAL_ASSESSMENT_IF_NEEDED,Recommended,Draft - Expert Review Required,PAR | Treatment Conflict | Care Planning | Treatment | Moderate | FAMILY | family
PAR_10_1,PAR,Parenting एवं परिवार,Relapse Reaction,Parent,Child/Adolescent,12–25 / Context dependent,Any / Not specified,Relapse,Relapse Support,Moderate,RELAPSE,"मेरे बच्चे में relapse के बाद परिवार का गुस्सा, निराशा या अविश्वास बहुत बढ़ जाना। माता-पिता के रूप में मुझे क्या करना चाहिए?","मेरे बेटे/बेटी के साथ relapse के बाद परिवार का गुस्सा, निराशा या अविश्वास बहुत बढ़ जाना; डांटें, समझाएं या counselling लें?","मेरे child में relapse के बाद परिवार का गुस्सा, निराशा या अविश्वास बहुत बढ़ जाना। Parent के तौर पर सही response क्या हो?","बच्चे में relapse के बाद परिवार का गुस्सा, निराशा या अविश्वास बहुत बढ़ जाना; घर में कैसे बात करें और कब इलाज/काउंसलिंग कराएं?",relapse को गंभीर लेकिन treatable setback की तरह handle करना बताना,"बिना पर्याप्त जानकारी diagnosis न करें; moral judgement, stigma, shame या guaranteed cure जैसी भाषा से बचें।",Conditional,CLINICAL_ASSESSMENT_IF_NEEDED,Recommended,Draft - Expert Review Required,PAR | Relapse Reaction | Relapse Support | Relapse | Moderate | RELAPSE | parent
PAR_10_2,PAR,Parenting एवं परिवार,Relapse Reaction,Spouse,Spouse,Adult / Any age,Any / Not specified,Relapse,Relapse Support,Moderate,RELAPSE,"मेरे जीवनसाथी में relapse के बाद परिवार का गुस्सा, निराशा या अविश्वास बहुत बढ़ जाना। मैं किस तरह मदद करूं और अपनी सीमाएं कैसे तय करूं?","मेरे पति/पत्नी के साथ relapse के बाद परिवार का गुस्सा, निराशा या अविश्वास बहुत बढ़ जाना; मैं क्या करूं?","मेरे spouse में relapse के बाद परिवार का गुस्सा, निराशा या अविश्वास बहुत बढ़ जाना। Support और boundaries कैसे रखें?","जीवनसाथी के साथ relapse के बाद परिवार का गुस्सा, निराशा या अविश्वास बहुत बढ़ जाना; समझाने और घर की सुरक्षा के लिए क्या करें?",relapse को गंभीर लेकिन treatable setback की तरह handle करना बताना,"बिना पर्याप्त जानकारी diagnosis न करें; moral judgement, stigma, shame या guaranteed cure जैसी भाषा से बचें।",Conditional,CLINICAL_ASSESSMENT_IF_NEEDED,Recommended,Draft - Expert Review Required,PAR | Relapse Reaction | Relapse Support | Relapse | Moderate | RELAPSE | spouse
PAR_10_3,PAR,Parenting एवं परिवार,Relapse Reaction,Sibling,Sibling,Adult / Any age,Any / Not specified,Relapse,Relapse Support,Moderate,RELAPSE,"मेरे भाई/बहन में relapse के बाद परिवार का गुस्सा, निराशा या अविश्वास बहुत बढ़ जाना। परिवार के सदस्य के रूप में मैं कैसे मदद करूं?","मेरे भाई/बहन के साथ relapse के बाद परिवार का गुस्सा, निराशा या अविश्वास बहुत बढ़ जाना; उसे कैसे समझाएं?","Sibling में relapse के बाद परिवार का गुस्सा, निराशा या अविश्वास बहुत बढ़ जाना। Help और treatment के लिए next step क्या हो?","भाई/बहन में relapse के बाद परिवार का गुस्सा, निराशा या अविश्वास बहुत बढ़ जाना; घर के लोग मिलकर क्या करें?",relapse को गंभीर लेकिन treatable setback की तरह handle करना बताना,"बिना पर्याप्त जानकारी diagnosis न करें; moral judgement, stigma, shame या guaranteed cure जैसी भाषा से बचें।",Conditional,CLINICAL_ASSESSMENT_IF_NEEDED,Recommended,Draft - Expert Review Required,PAR | Relapse Reaction | Relapse Support | Relapse | Moderate | RELAPSE | sibling
PAR_10_4,PAR,Parenting एवं परिवार,Relapse Reaction,Family Member,Family Member,Adult / Any age,Any / Not specified,Relapse,Relapse Support,Moderate,RELAPSE,"मेरे परिवार के एक सदस्य में relapse के बाद परिवार का गुस्सा, निराशा या अविश्वास बहुत बढ़ जाना। हम उसकी सुरक्षित और सही तरीके से मदद कैसे करें?","घर में एक व्यक्ति के साथ relapse के बाद परिवार का गुस्सा, निराशा या अविश्वास बहुत बढ़ जाना। हमें क्या करना चाहिए?","मेरे family member में relapse के बाद परिवार का गुस्सा, निराशा या अविश्वास बहुत बढ़ जाना। हम help कैसे करें और कब professional help लें?","हमारे घर में एक सदस्य के साथ relapse के बाद परिवार का गुस्सा, निराशा या अविश्वास बहुत बढ़ जाना; समझाने और इलाज के लिए क्या तरीका रखें?",relapse को गंभीर लेकिन treatable setback की तरह handle करना बताना,"बिना पर्याप्त जानकारी diagnosis न करें; moral judgement, stigma, shame या guaranteed cure जैसी भाषा से बचें।",Conditional,CLINICAL_ASSESSMENT_IF_NEEDED,Recommended,Draft - Expert Review Required,PAR | Relapse Reaction | Relapse Support | Relapse | Moderate | RELAPSE | family
ALC_01_1,ALC,शराब,Daily Drinking,Self,Self,Adult / Any age,Alcohol,Regular Use,Screening,Moderate,SCREEN,मेरे साथ रोज शराब पीना और इसे सामान्य routine मान लेना। मुझे अब क्या करना चाहिए?,मेरे साथ यह हो रहा है कि रोज शराब पीना और इसे सामान्य routine मान लेना। मैं कैसे संभालूं?,मेरे case में रोज शराब पीना और इसे सामान्य routine मान लेना। मुझे अभी क्या next step लेना चाहिए?,मुझसे यह दिक्कत हो रही है कि रोज शराब पीना और इसे सामान्य routine मान लेना; मैं इसे कैसे छोड़ूं या संभालूं?,"pattern, quantity, control और consequences की screening समझाना","बिना पर्याप्त जानकारी diagnosis न करें; moral judgement, stigma, shame या guaranteed cure जैसी भाषा से बचें।",Conditional,CLINICAL_ASSESSMENT_IF_NEEDED,Yes,Draft - Expert Review Required,ALC | Daily Drinking | Screening | Regular Use | Moderate | SCREEN | self
ALC_01_2,ALC,शराब,Daily Drinking,Family Member,Family Member,Adult / Any age,Alcohol,Regular Use,Screening,Moderate,SCREEN,मेरे परिवार के एक सदस्य में रोज शराब पीना और इसे सामान्य routine मान लेना। हम उसकी सुरक्षित और सही तरीके से मदद कैसे करें?,घर में एक व्यक्ति के साथ रोज शराब पीना और इसे सामान्य routine मान लेना। हमें क्या करना चाहिए?,मेरे family member में रोज शराब पीना और इसे सामान्य routine मान लेना। हम help कैसे करें और कब professional help लें?,हमारे घर में एक सदस्य के साथ रोज शराब पीना और इसे सामान्य routine मान लेना; समझाने और इलाज के लिए क्या तरीका रखें?,"pattern, quantity, control और consequences की screening समझाना","बिना पर्याप्त जानकारी diagnosis न करें; moral judgement, stigma, shame या guaranteed cure जैसी भाषा से बचें।",Conditional,CLINICAL_ASSESSMENT_IF_NEEDED,Yes,Draft - Expert Review Required,ALC | Daily Drinking | Screening | Regular Use | Moderate | SCREEN | family
ALC_01_3,ALC,शराब,Daily Drinking,General Public,Person with possible substance-use concern,Adult / Any age,Alcohol,Regular Use,Screening,Moderate,SCREEN,"यदि रोज शराब पीना और इसे सामान्य routine मान लेना, तो इसका क्या अर्थ हो सकता है और सही अगला कदम क्या होना चाहिए?","अगर रोज शराब पीना और इसे सामान्य routine मान लेना, तो इसे कितना serious मानें और क्या करें?","अगर रोज शराब पीना और इसे सामान्य routine मान लेना, तो क्या यह addiction/problem का sign है और next step क्या होना चाहिए?","अगर ऐसी हालत हो कि रोज शराब पीना और इसे सामान्य routine मान लेना, तो घर वाले क्या समझें और क्या कदम उठाएं?","pattern, quantity, control और consequences की screening समझाना","बिना पर्याप्त जानकारी diagnosis न करें; moral judgement, stigma, shame या guaranteed cure जैसी भाषा से बचें।",Conditional,CLINICAL_ASSESSMENT_IF_NEEDED,Yes,Draft - Expert Review Required,ALC | Daily Drinking | Screening | Regular Use | Moderate | SCREEN | general
ALC_01_4,ALC,शराब,Daily Drinking,Helper/Community Member,Other Person,Adult / Any age,Alcohol,Regular Use,Screening,Moderate,SCREEN,"यदि किसी व्यक्ति में रोज शराब पीना और इसे सामान्य routine मान लेना, तो उसे उचित सहायता तक कैसे पहुंचाया जाए?",किसी जानने वाले के साथ रोज शराब पीना और इसे सामान्य routine मान लेना; उसकी मदद कैसे करें?,"अगर किसी person में रोज शराब पीना और इसे सामान्य routine मान लेना, तो safe support और referral कैसे करें?","गांव/मोहल्ले में किसी के साथ रोज शराब पीना और इसे सामान्य routine मान लेना, तो उसे बिना बदनाम किए मदद तक कैसे पहुंचाएं?","pattern, quantity, control और consequences की screening समझाना","बिना पर्याप्त जानकारी diagnosis न करें; moral judgement, stigma, shame या guaranteed cure जैसी भाषा से बचें।",Conditional,CLINICAL_ASSESSMENT_IF_NEEDED,Yes,Draft - Expert Review Required,ALC | Daily Drinking | Screening | Regular Use | Moderate | SCREEN | helper
ALC_02_1,ALC,शराब,Binge Drinking,Self,Self,Adult / Any age,Alcohol,Occasional Use,Education,Moderate,INFO,मेरे साथ सप्ताह में एक-दो बार बहुत अधिक शराब पीना। मुझे अब क्या करना चाहिए?,मेरे साथ यह हो रहा है कि सप्ताह में एक-दो बार बहुत अधिक शराब पीना। मैं कैसे संभालूं?,मेरे case में सप्ताह में एक-दो बार बहुत अधिक शराब पीना। मुझे अभी क्या next step लेना चाहिए?,मुझसे यह दिक्कत हो रही है कि सप्ताह में एक-दो बार बहुत अधिक शराब पीना; मैं इसे कैसे छोड़ूं या संभालूं?,binge pattern और acute harms समझाना,"बिना पर्याप्त जानकारी diagnosis न करें; moral judgement, stigma, shame या guaranteed cure जैसी भाषा से बचें।",Conditional,CLINICAL_ASSESSMENT_IF_NEEDED,Yes,Draft - Expert Review Required,ALC | Binge Drinking | Education | Occasional Use | Moderate | INFO | self
ALC_02_2,ALC,शराब,Binge Drinking,Family Member,Family Member,Adult / Any age,Alcohol,Occasional Use,Education,Moderate,INFO,मेरे परिवार के एक सदस्य में सप्ताह में एक-दो बार बहुत अधिक शराब पीना। हम उसकी सुरक्षित और सही तरीके से मदद कैसे करें?,घर में एक व्यक्ति के साथ सप्ताह में एक-दो बार बहुत अधिक शराब पीना। हमें क्या करना चाहिए?,मेरे family member में सप्ताह में एक-दो बार बहुत अधिक शराब पीना। हम help कैसे करें और कब professional help लें?,हमारे घर में एक सदस्य के साथ सप्ताह में एक-दो बार बहुत अधिक शराब पीना; समझाने और इलाज के लिए क्या तरीका रखें?,binge pattern और acute harms समझाना,"बिना पर्याप्त जानकारी diagnosis न करें; moral judgement, stigma, shame या guaranteed cure जैसी भाषा से बचें।",Conditional,CLINICAL_ASSESSMENT_IF_NEEDED,Yes,Draft - Expert Review Required,ALC | Binge Drinking | Education | Occasional Use | Moderate | INFO | family
ALC_02_3,ALC,शराब,Binge Drinking,General Public,Person with possible substance-use concern,Adult / Any age,Alcohol,Occasional Use,Education,Moderate,INFO,"यदि सप्ताह में एक-दो बार बहुत अधिक शराब पीना, तो इसका क्या अर्थ हो सकता है और सही अगला कदम क्या होना चाहिए?","अगर सप्ताह में एक-दो बार बहुत अधिक शराब पीना, तो इसे कितना serious मानें और क्या करें?","अगर सप्ताह में एक-दो बार बहुत अधिक शराब पीना, तो क्या यह addiction/problem का sign है और next step क्या होना चाहिए?","अगर ऐसी हालत हो कि सप्ताह में एक-दो बार बहुत अधिक शराब पीना, तो घर वाले क्या समझें और क्या कदम उठाएं?",binge pattern और acute harms समझाना,"बिना पर्याप्त जानकारी diagnosis न करें; moral judgement, stigma, shame या guaranteed cure जैसी भाषा से बचें।",Conditional,CLINICAL_ASSESSMENT_IF_NEEDED,Yes,Draft - Expert Review Required,ALC | Binge Drinking | Education | Occasional Use | Moderate | INFO | general
ALC_02_4,ALC,शराब,Binge Drinking,Helper/Community Member,Other Person,Adult / Any age,Alcohol,Occasional Use,Education,Moderate,INFO,"यदि किसी व्यक्ति में सप्ताह में एक-दो बार बहुत अधिक शराब पीना, तो उसे उचित सहायता तक कैसे पहुंचाया जाए?",किसी जानने वाले के साथ सप्ताह में एक-दो बार बहुत अधिक शराब पीना; उसकी मदद कैसे करें?,"अगर किसी person में सप्ताह में एक-दो बार बहुत अधिक शराब पीना, तो safe support और referral कैसे करें?","गांव/मोहल्ले में किसी के साथ सप्ताह में एक-दो बार बहुत अधिक शराब पीना, तो उसे बिना बदनाम किए मदद तक कैसे पहुंचाएं?",binge pattern और acute harms समझाना,"बिना पर्याप्त जानकारी diagnosis न करें; moral judgement, stigma, shame या guaranteed cure जैसी भाषा से बचें।",Conditional,CLINICAL_ASSESSMENT_IF_NEEDED,Yes,Draft - Expert Review Required,ALC | Binge Drinking | Education | Occasional Use | Moderate | INFO | helper
ALC_03_1,ALC,शराब,Morning Drinking,Self,Self,Adult / Any age,Alcohol,Dependence,Identification,High,SCREEN,मेरे साथ सुबह उठते ही शराब की जरूरत महसूस होना। मुझे अब क्या करना चाहिए?,मेरे साथ यह हो रहा है कि सुबह उठते ही शराब की जरूरत महसूस होना। मैं कैसे संभालूं?,मेरे case में सुबह उठते ही शराब की जरूरत महसूस होना। मुझे अभी क्या next step लेना चाहिए?,मुझसे यह दिक्कत हो रही है कि सुबह उठते ही शराब की जरूरत महसूस होना; मैं इसे कैसे छोड़ूं या संभालूं?,dependence की गंभीरता और prompt clinical assessment बताना,"घर पर जोखिमपूर्ण detox, medication dosing या false reassurance न दें; urgent professional assessment को delay न करें।",Urgent,URGENT_ASSESSMENT,Yes,Draft - Expert Review Required,ALC | Morning Drinking | Identification | Dependence | High | SCREEN | self
ALC_03_2,ALC,शराब,Morning Drinking,Family Member,Family Member,Adult / Any age,Alcohol,Dependence,Identification,High,SCREEN,मेरे परिवार के एक सदस्य में सुबह उठते ही शराब की जरूरत महसूस होना। हम उसकी सुरक्षित और सही तरीके से मदद कैसे करें?,घर में एक व्यक्ति के साथ सुबह उठते ही शराब की जरूरत महसूस होना। हमें क्या करना चाहिए?,मेरे family member में सुबह उठते ही शराब की जरूरत महसूस होना। हम help कैसे करें और कब professional help लें?,हमारे घर में एक सदस्य के साथ सुबह उठते ही शराब की जरूरत महसूस होना; समझाने और इलाज के लिए क्या तरीका रखें?,dependence की गंभीरता और prompt clinical assessment बताना,"घर पर जोखिमपूर्ण detox, medication dosing या false reassurance न दें; urgent professional assessment को delay न करें।",Urgent,URGENT_ASSESSMENT,Yes,Draft - Expert Review Required,ALC | Morning Drinking | Identification | Dependence | High | SCREEN | family
ALC_03_3,ALC,शराब,Morning Drinking,General Public,Person with possible substance-use concern,Adult / Any age,Alcohol,Dependence,Identification,High,SCREEN,"यदि सुबह उठते ही शराब की जरूरत महसूस होना, तो इसका क्या अर्थ हो सकता है और सही अगला कदम क्या होना चाहिए?","अगर सुबह उठते ही शराब की जरूरत महसूस होना, तो इसे कितना serious मानें और क्या करें?","अगर सुबह उठते ही शराब की जरूरत महसूस होना, तो क्या यह addiction/problem का sign है और next step क्या होना चाहिए?","अगर ऐसी हालत हो कि सुबह उठते ही शराब की जरूरत महसूस होना, तो घर वाले क्या समझें और क्या कदम उठाएं?",dependence की गंभीरता और prompt clinical assessment बताना,"घर पर जोखिमपूर्ण detox, medication dosing या false reassurance न दें; urgent professional assessment को delay न करें।",Urgent,URGENT_ASSESSMENT,Yes,Draft - Expert Review Required,ALC | Morning Drinking | Identification | Dependence | High | SCREEN | general
ALC_03_4,ALC,शराब,Morning Drinking,Helper/Community Member,Other Person,Adult / Any age,Alcohol,Dependence,Identification,High,SCREEN,"यदि किसी व्यक्ति में सुबह उठते ही शराब की जरूरत महसूस होना, तो उसे उचित सहायता तक कैसे पहुंचाया जाए?",किसी जानने वाले के साथ सुबह उठते ही शराब की जरूरत महसूस होना; उसकी मदद कैसे करें?,"अगर किसी person में सुबह उठते ही शराब की जरूरत महसूस होना, तो safe support और referral कैसे करें?","गांव/मोहल्ले में किसी के साथ सुबह उठते ही शराब की जरूरत महसूस होना, तो उसे बिना बदनाम किए मदद तक कैसे पहुंचाएं?",dependence की गंभीरता और prompt clinical assessment बताना,"घर पर जोखिमपूर्ण detox, medication dosing या false reassurance न दें; urgent professional assessment को delay न करें।",Urgent,URGENT_ASSESSMENT,Yes,Draft - Expert Review Required,ALC | Morning Drinking | Identification | Dependence | High | SCREEN | helper
ALC_04_1,ALC,शराब,Sleep Use,Self,Self,Adult / Any age,Alcohol,Regular Use,Risk Education,Moderate,INFO,मेरे साथ नींद लाने के लिए शराब का नियमित इस्तेमाल करना। मुझे अब क्या करना चाहिए?,मेरे साथ यह हो रहा है कि नींद लाने के लिए शराब का नियमित इस्तेमाल करना। मैं कैसे संभालूं?,मेरे case में नींद लाने के लिए शराब का नियमित इस्तेमाल करना। मुझे अभी क्या next step लेना चाहिए?,मुझसे यह दिक्कत हो रही है कि नींद लाने के लिए शराब का नियमित इस्तेमाल करना; मैं इसे कैसे छोड़ूं या संभालूं?,"sleep quality, dependence risk और safer assessment options बताना","बिना पर्याप्त जानकारी diagnosis न करें; moral judgement, stigma, shame या guaranteed cure जैसी भाषा से बचें।",Conditional,CLINICAL_ASSESSMENT_IF_NEEDED,Yes,Draft - Expert Review Required,ALC | Sleep Use | Risk Education | Regular Use | Moderate | INFO | self
ALC_04_2,ALC,शराब,Sleep Use,Family Member,Family Member,Adult / Any age,Alcohol,Regular Use,Risk Education,Moderate,INFO,मेरे परिवार के एक सदस्य में नींद लाने के लिए शराब का नियमित इस्तेमाल करना। हम उसकी सुरक्षित और सही तरीके से मदद कैसे करें?,घर में एक व्यक्ति के साथ नींद लाने के लिए शराब का नियमित इस्तेमाल करना। हमें क्या करना चाहिए?,मेरे family member में नींद लाने के लिए शराब का नियमित इस्तेमाल करना। हम help कैसे करें और कब professional help लें?,हमारे घर में एक सदस्य के साथ नींद लाने के लिए शराब का नियमित इस्तेमाल करना; समझाने और इलाज के लिए क्या तरीका रखें?,"sleep quality, dependence risk और safer assessment options बताना","बिना पर्याप्त जानकारी diagnosis न करें; moral judgement, stigma, shame या guaranteed cure जैसी भाषा से बचें।",Conditional,CLINICAL_ASSESSMENT_IF_NEEDED,Yes,Draft - Expert Review Required,ALC | Sleep Use | Risk Education | Regular Use | Moderate | INFO | family
ALC_04_3,ALC,शराब,Sleep Use,General Public,Person with possible substance-use concern,Adult / Any age,Alcohol,Regular Use,Risk Education,Moderate,INFO,"यदि नींद लाने के लिए शराब का नियमित इस्तेमाल करना, तो इसका क्या अर्थ हो सकता है और सही अगला कदम क्या होना चाहिए?","अगर नींद लाने के लिए शराब का नियमित इस्तेमाल करना, तो इसे कितना serious मानें और क्या करें?","अगर नींद लाने के लिए शराब का नियमित इस्तेमाल करना, तो क्या यह addiction/problem का sign है और next step क्या होना चाहिए?","अगर ऐसी हालत हो कि नींद लाने के लिए शराब का नियमित इस्तेमाल करना, तो घर वाले क्या समझें और क्या कदम उठाएं?","sleep quality, dependence risk और safer assessment options बताना","बिना पर्याप्त जानकारी diagnosis न करें; moral judgement, stigma, shame या guaranteed cure जैसी भाषा से बचें।",Conditional,CLINICAL_ASSESSMENT_IF_NEEDED,Yes,Draft - Expert Review Required,ALC | Sleep Use | Risk Education | Regular Use | Moderate | INFO | general
ALC_04_4,ALC,शराब,Sleep Use,Helper/Community Member,Other Person,Adult / Any age,Alcohol,Regular Use,Risk Education,Moderate,INFO,"यदि किसी व्यक्ति में नींद लाने के लिए शराब का नियमित इस्तेमाल करना, तो उसे उचित सहायता तक कैसे पहुंचाया जाए?",किसी जानने वाले के साथ नींद लाने के लिए शराब का नियमित इस्तेमाल करना; उसकी मदद कैसे करें?,"अगर किसी person में नींद लाने के लिए शराब का नियमित इस्तेमाल करना, तो safe support और referral कैसे करें?","गांव/मोहल्ले में किसी के साथ नींद लाने के लिए शराब का नियमित इस्तेमाल करना, तो उसे बिना बदनाम किए मदद तक कैसे पहुंचाएं?","sleep quality, dependence risk और safer assessment options बताना","बिना पर्याप्त जानकारी diagnosis न करें; moral judgement, stigma, shame या guaranteed cure जैसी भाषा से बचें।",Conditional,CLINICAL_ASSESSMENT_IF_NEEDED,Yes,Draft - Expert Review Required,ALC | Sleep Use | Risk Education | Regular Use | Moderate | INFO | helper
ALC_05_1,ALC,शराब,Alcohol + Medicines,Self,Self,Adult / Any age,Alcohol,Regular Use,Medication Safety,High,ACTION,मेरे साथ शराब के साथ sleeping pills या अन्य medicines लेना। मुझे अब क्या करना चाहिए?,मेरे साथ यह हो रहा है कि शराब के साथ sleeping pills या अन्य medicines लेना। मैं कैसे संभालूं?,मेरे case में शराब के साथ sleeping pills या अन्य medicines लेना। मुझे अभी क्या next step लेना चाहिए?,मुझसे यह दिक्कत हो रही है कि शराब के साथ sleeping pills या अन्य medicines लेना; मैं इसे कैसे छोड़ूं या संभालूं?,dangerous interactions की संभावना और urgent professional guidance की जरूरत बताना,"घर पर जोखिमपूर्ण detox, medication dosing या false reassurance न दें; urgent professional assessment को delay न करें।",Urgent,URGENT_ASSESSMENT,Yes,Draft - Expert Review Required,ALC | Alcohol + Medicines | Medication Safety | Regular Use | High | ACTION | self
ALC_05_2,ALC,शराब,Alcohol + Medicines,Family Member,Family Member,Adult / Any age,Alcohol,Regular Use,Medication Safety,High,ACTION,मेरे परिवार के एक सदस्य में शराब के साथ sleeping pills या अन्य medicines लेना। हम उसकी सुरक्षित और सही तरीके से मदद कैसे करें?,घर में एक व्यक्ति के साथ शराब के साथ sleeping pills या अन्य medicines लेना। हमें क्या करना चाहिए?,मेरे family member में शराब के साथ sleeping pills या अन्य medicines लेना। हम help कैसे करें और कब professional help लें?,हमारे घर में एक सदस्य के साथ शराब के साथ sleeping pills या अन्य medicines लेना; समझाने और इलाज के लिए क्या तरीका रखें?,dangerous interactions की संभावना और urgent professional guidance की जरूरत बताना,"घर पर जोखिमपूर्ण detox, medication dosing या false reassurance न दें; urgent professional assessment को delay न करें।",Urgent,URGENT_ASSESSMENT,Yes,Draft - Expert Review Required,ALC | Alcohol + Medicines | Medication Safety | Regular Use | High | ACTION | family
ALC_05_3,ALC,शराब,Alcohol + Medicines,General Public,Person with possible substance-use concern,Adult / Any age,Alcohol,Regular Use,Medication Safety,High,ACTION,"यदि शराब के साथ sleeping pills या अन्य medicines लेना, तो इसका क्या अर्थ हो सकता है और सही अगला कदम क्या होना चाहिए?","अगर शराब के साथ sleeping pills या अन्य medicines लेना, तो इसे कितना serious मानें और क्या करें?","अगर शराब के साथ sleeping pills या अन्य medicines लेना, तो क्या यह addiction/problem का sign है और next step क्या होना चाहिए?","अगर ऐसी हालत हो कि शराब के साथ sleeping pills या अन्य medicines लेना, तो घर वाले क्या समझें और क्या कदम उठाएं?",dangerous interactions की संभावना और urgent professional guidance की जरूरत बताना,"घर पर जोखिमपूर्ण detox, medication dosing या false reassurance न दें; urgent professional assessment को delay न करें।",Urgent,URGENT_ASSESSMENT,Yes,Draft - Expert Review Required,ALC | Alcohol + Medicines | Medication Safety | Regular Use | High | ACTION | general
ALC_05_4,ALC,शराब,Alcohol + Medicines,Helper/Community Member,Other Person,Adult / Any age,Alcohol,Regular Use,Medication Safety,High,ACTION,"यदि किसी व्यक्ति में शराब के साथ sleeping pills या अन्य medicines लेना, तो उसे उचित सहायता तक कैसे पहुंचाया जाए?",किसी जानने वाले के साथ शराब के साथ sleeping pills या अन्य medicines लेना; उसकी मदद कैसे करें?,"अगर किसी person में शराब के साथ sleeping pills या अन्य medicines लेना, तो safe support और referral कैसे करें?","गांव/मोहल्ले में किसी के साथ शराब के साथ sleeping pills या अन्य medicines लेना, तो उसे बिना बदनाम किए मदद तक कैसे पहुंचाएं?",dangerous interactions की संभावना और urgent professional guidance की जरूरत बताना,"घर पर जोखिमपूर्ण detox, medication dosing या false reassurance न दें; urgent professional assessment को delay न करें।",Urgent,URGENT_ASSESSMENT,Yes,Draft - Expert Review Required,ALC | Alcohol + Medicines | Medication Safety | Regular Use | High | ACTION | helper
ALC_06_1,ALC,शराब,Driving,Self,Self,Adult / Any age,Alcohol,Occasional Use,Immediate Safety,High,ACTION,मेरे साथ शराब पीने के बाद वाहन चलाने की योजना बनना। मुझे अब क्या करना चाहिए?,मेरे साथ यह हो रहा है कि शराब पीने के बाद वाहन चलाने की योजना बनना। मैं कैसे संभालूं?,मेरे case में शराब पीने के बाद वाहन चलाने की योजना बनना। मुझे अभी क्या next step लेना चाहिए?,मुझसे यह दिक्कत हो रही है कि शराब पीने के बाद वाहन चलाने की योजना बनना; मैं इसे कैसे छोड़ूं या संभालूं?,driving बिल्कुल न करने और safe transport पर तत्काल जोर देना,"घर पर जोखिमपूर्ण detox, medication dosing या false reassurance न दें; urgent professional assessment को delay न करें।",Urgent,URGENT_ASSESSMENT,Yes,Draft - Expert Review Required,ALC | Driving | Immediate Safety | Occasional Use | High | ACTION | self
ALC_06_2,ALC,शराब,Driving,Family Member,Family Member,Adult / Any age,Alcohol,Occasional Use,Immediate Safety,High,ACTION,मेरे परिवार के एक सदस्य में शराब पीने के बाद वाहन चलाने की योजना बनना। हम उसकी सुरक्षित और सही तरीके से मदद कैसे करें?,घर में एक व्यक्ति के साथ शराब पीने के बाद वाहन चलाने की योजना बनना। हमें क्या करना चाहिए?,मेरे family member में शराब पीने के बाद वाहन चलाने की योजना बनना। हम help कैसे करें और कब professional help लें?,हमारे घर में एक सदस्य के साथ शराब पीने के बाद वाहन चलाने की योजना बनना; समझाने और इलाज के लिए क्या तरीका रखें?,driving बिल्कुल न करने और safe transport पर तत्काल जोर देना,"घर पर जोखिमपूर्ण detox, medication dosing या false reassurance न दें; urgent professional assessment को delay न करें।",Urgent,URGENT_ASSESSMENT,Yes,Draft - Expert Review Required,ALC | Driving | Immediate Safety | Occasional Use | High | ACTION | family
ALC_06_3,ALC,शराब,Driving,General Public,Person with possible substance-use concern,Adult / Any age,Alcohol,Occasional Use,Immediate Safety,High,ACTION,"यदि शराब पीने के बाद वाहन चलाने की योजना बनना, तो इसका क्या अर्थ हो सकता है और सही अगला कदम क्या होना चाहिए?","अगर शराब पीने के बाद वाहन चलाने की योजना बनना, तो इसे कितना serious मानें और क्या करें?","अगर शराब पीने के बाद वाहन चलाने की योजना बनना, तो क्या यह addiction/problem का sign है और next step क्या होना चाहिए?","अगर ऐसी हालत हो कि शराब पीने के बाद वाहन चलाने की योजना बनना, तो घर वाले क्या समझें और क्या कदम उठाएं?",driving बिल्कुल न करने और safe transport पर तत्काल जोर देना,"घर पर जोखिमपूर्ण detox, medication dosing या false reassurance न दें; urgent professional assessment को delay न करें।",Urgent,URGENT_ASSESSMENT,Yes,Draft - Expert Review Required,ALC | Driving | Immediate Safety | Occasional Use | High | ACTION | general
ALC_06_4,ALC,शराब,Driving,Helper/Community Member,Other Person,Adult / Any age,Alcohol,Occasional Use,Immediate Safety,High,ACTION,"यदि किसी व्यक्ति में शराब पीने के बाद वाहन चलाने की योजना बनना, तो उसे उचित सहायता तक कैसे पहुंचाया जाए?",किसी जानने वाले के साथ शराब पीने के बाद वाहन चलाने की योजना बनना; उसकी मदद कैसे करें?,"अगर किसी person में शराब पीने के बाद वाहन चलाने की योजना बनना, तो safe support और referral कैसे करें?","गांव/मोहल्ले में किसी के साथ शराब पीने के बाद वाहन चलाने की योजना बनना, तो उसे बिना बदनाम किए मदद तक कैसे पहुंचाएं?",driving बिल्कुल न करने और safe transport पर तत्काल जोर देना,"घर पर जोखिमपूर्ण detox, medication dosing या false reassurance न दें; urgent professional assessment को delay न करें।",Urgent,URGENT_ASSESSMENT,Yes,Draft - Expert Review Required,ALC | Driving | Immediate Safety | Occasional Use | High | ACTION | helper
ALC_07_1,ALC,शराब,Withdrawal,Self,Self,Adult / Any age,Alcohol,Dependence,Withdrawal Safety,High,TREATMENT,मेरे साथ कई वर्षों की रोज की drinking के बाद अचानक शराब बंद करने का विचार होना। मुझे अब क्या करना चाहिए?,मेरे साथ यह हो रहा है कि कई वर्षों की रोज की drinking के बाद अचानक शराब बंद करने का विचार होना। मैं कैसे संभालूं?,मेरे case में कई वर्षों की रोज की drinking के बाद अचानक शराब बंद करने का विचार होना। मुझे अभी क्या next step लेना चाहिए?,मुझसे यह दिक्कत हो रही है कि कई वर्षों की रोज की drinking के बाद अचानक शराब बंद करने का विचार होना; मैं इसे कैसे छोड़ूं या संभालूं?,severe withdrawal risk और medically supervised plan की जरूरत बताना,"घर पर जोखिमपूर्ण detox, medication dosing या false reassurance न दें; urgent professional assessment को delay न करें।",Urgent,URGENT_ASSESSMENT,Yes,Draft - Expert Review Required,ALC | Withdrawal | Withdrawal Safety | Dependence | High | TREATMENT | self
ALC_07_2,ALC,शराब,Withdrawal,Family Member,Family Member,Adult / Any age,Alcohol,Dependence,Withdrawal Safety,High,TREATMENT,मेरे परिवार के एक सदस्य में कई वर्षों की रोज की drinking के बाद अचानक शराब बंद करने का विचार होना। हम उसकी सुरक्षित और सही तरीके से मदद कैसे करें?,घर में एक व्यक्ति के साथ कई वर्षों की रोज की drinking के बाद अचानक शराब बंद करने का विचार होना। हमें क्या करना चाहिए?,मेरे family member में कई वर्षों की रोज की drinking के बाद अचानक शराब बंद करने का विचार होना। हम help कैसे करें और कब professional help लें?,हमारे घर में एक सदस्य के साथ कई वर्षों की रोज की drinking के बाद अचानक शराब बंद करने का विचार होना; समझाने और इलाज के लिए क्या तरीका रखें?,severe withdrawal risk और medically supervised plan की जरूरत बताना,"घर पर जोखिमपूर्ण detox, medication dosing या false reassurance न दें; urgent professional assessment को delay न करें।",Urgent,URGENT_ASSESSMENT,Yes,Draft - Expert Review Required,ALC | Withdrawal | Withdrawal Safety | Dependence | High | TREATMENT | family
ALC_07_3,ALC,शराब,Withdrawal,General Public,Person with possible substance-use concern,Adult / Any age,Alcohol,Dependence,Withdrawal Safety,High,TREATMENT,"यदि कई वर्षों की रोज की drinking के बाद अचानक शराब बंद करने का विचार होना, तो इसका क्या अर्थ हो सकता है और सही अगला कदम क्या होना चाहिए?","अगर कई वर्षों की रोज की drinking के बाद अचानक शराब बंद करने का विचार होना, तो इसे कितना serious मानें और क्या करें?","अगर कई वर्षों की रोज की drinking के बाद अचानक शराब बंद करने का विचार होना, तो क्या यह addiction/problem का sign है और next step क्या होना चाहिए?","अगर ऐसी हालत हो कि कई वर्षों की रोज की drinking के बाद अचानक शराब बंद करने का विचार होना, तो घर वाले क्या समझें और क्या कदम उठाएं?",severe withdrawal risk और medically supervised plan की जरूरत बताना,"घर पर जोखिमपूर्ण detox, medication dosing या false reassurance न दें; urgent professional assessment को delay न करें।",Urgent,URGENT_ASSESSMENT,Yes,Draft - Expert Review Required,ALC | Withdrawal | Withdrawal Safety | Dependence | High | TREATMENT | general
ALC_07_4,ALC,शराब,Withdrawal,Helper/Community Member,Other Person,Adult / Any age,Alcohol,Dependence,Withdrawal Safety,High,TREATMENT,"यदि किसी व्यक्ति में कई वर्षों की रोज की drinking के बाद अचानक शराब बंद करने का विचार होना, तो उसे उचित सहायता तक कैसे पहुंचाया जाए?",किसी जानने वाले के साथ कई वर्षों की रोज की drinking के बाद अचानक शराब बंद करने का विचार होना; उसकी मदद कैसे करें?,"अगर किसी person में कई वर्षों की रोज की drinking के बाद अचानक शराब बंद करने का विचार होना, तो safe support और referral कैसे करें?","गांव/मोहल्ले में किसी के साथ कई वर्षों की रोज की drinking के बाद अचानक शराब बंद करने का विचार होना, तो उसे बिना बदनाम किए मदद तक कैसे पहुंचाएं?",severe withdrawal risk और medically supervised plan की जरूरत बताना,"घर पर जोखिमपूर्ण detox, medication dosing या false reassurance न दें; urgent professional assessment को delay न करें।",Urgent,URGENT_ASSESSMENT,Yes,Draft - Expert Review Required,ALC | Withdrawal | Withdrawal Safety | Dependence | High | TREATMENT | helper
ALC_08_1,ALC,शराब,Blackouts,Self,Self,Adult / Any age,Alcohol,Regular Use,Identification,High,SCREEN,मेरे साथ शराब पीने के बाद घटनाएं याद न रहना। मुझे अब क्या करना चाहिए?,मेरे साथ यह हो रहा है कि शराब पीने के बाद घटनाएं याद न रहना। मैं कैसे संभालूं?,मेरे case में शराब पीने के बाद घटनाएं याद न रहना। मुझे अभी क्या next step लेना चाहिए?,मुझसे यह दिक्कत हो रही है कि शराब पीने के बाद घटनाएं याद न रहना; मैं इसे कैसे छोड़ूं या संभालूं?,blackout को serious warning sign मानकर assessment की ओर route करना,"घर पर जोखिमपूर्ण detox, medication dosing या false reassurance न दें; urgent professional assessment को delay न करें।",Urgent,URGENT_ASSESSMENT,Yes,Draft - Expert Review Required,ALC | Blackouts | Identification | Regular Use | High | SCREEN | self
ALC_08_2,ALC,शराब,Blackouts,Family Member,Family Member,Adult / Any age,Alcohol,Regular Use,Identification,High,SCREEN,मेरे परिवार के एक सदस्य में शराब पीने के बाद घटनाएं याद न रहना। हम उसकी सुरक्षित और सही तरीके से मदद कैसे करें?,घर में एक व्यक्ति के साथ शराब पीने के बाद घटनाएं याद न रहना। हमें क्या करना चाहिए?,मेरे family member में शराब पीने के बाद घटनाएं याद न रहना। हम help कैसे करें और कब professional help लें?,हमारे घर में एक सदस्य के साथ शराब पीने के बाद घटनाएं याद न रहना; समझाने और इलाज के लिए क्या तरीका रखें?,blackout को serious warning sign मानकर assessment की ओर route करना,"घर पर जोखिमपूर्ण detox, medication dosing या false reassurance न दें; urgent professional assessment को delay न करें।",Urgent,URGENT_ASSESSMENT,Yes,Draft - Expert Review Required,ALC | Blackouts | Identification | Regular Use | High | SCREEN | family
ALC_08_3,ALC,शराब,Blackouts,General Public,Person with possible substance-use concern,Adult / Any age,Alcohol,Regular Use,Identification,High,SCREEN,"यदि शराब पीने के बाद घटनाएं याद न रहना, तो इसका क्या अर्थ हो सकता है और सही अगला कदम क्या होना चाहिए?","अगर शराब पीने के बाद घटनाएं याद न रहना, तो इसे कितना serious मानें और क्या करें?","अगर शराब पीने के बाद घटनाएं याद न रहना, तो क्या यह addiction/problem का sign है और next step क्या होना चाहिए?","अगर ऐसी हालत हो कि शराब पीने के बाद घटनाएं याद न रहना, तो घर वाले क्या समझें और क्या कदम उठाएं?",blackout को serious warning sign मानकर assessment की ओर route करना,"घर पर जोखिमपूर्ण detox, medication dosing या false reassurance न दें; urgent professional assessment को delay न करें।",Urgent,URGENT_ASSESSMENT,Yes,Draft - Expert Review Required,ALC | Blackouts | Identification | Regular Use | High | SCREEN | general
ALC_08_4,ALC,शराब,Blackouts,Helper/Community Member,Other Person,Adult / Any age,Alcohol,Regular Use,Identification,High,SCREEN,"यदि किसी व्यक्ति में शराब पीने के बाद घटनाएं याद न रहना, तो उसे उचित सहायता तक कैसे पहुंचाया जाए?",किसी जानने वाले के साथ शराब पीने के बाद घटनाएं याद न रहना; उसकी मदद कैसे करें?,"अगर किसी person में शराब पीने के बाद घटनाएं याद न रहना, तो safe support और referral कैसे करें?","गांव/मोहल्ले में किसी के साथ शराब पीने के बाद घटनाएं याद न रहना, तो उसे बिना बदनाम किए मदद तक कैसे पहुंचाएं?",blackout को serious warning sign मानकर assessment की ओर route करना,"घर पर जोखिमपूर्ण detox, medication dosing या false reassurance न दें; urgent professional assessment को delay न करें।",Urgent,URGENT_ASSESSMENT,Yes,Draft - Expert Review Required,ALC | Blackouts | Identification | Regular Use | High | SCREEN | helper
ALC_09_1,ALC,शराब,Liver Concern,Self,Self,Adult / Any age,Alcohol,Regular Use,Health Impact,Moderate,TREATMENT,मेरे साथ लंबे समय की drinking के बाद liver damage की चिंता होना। मुझे अब क्या करना चाहिए?,मेरे साथ यह हो रहा है कि लंबे समय की drinking के बाद liver damage की चिंता होना। मैं कैसे संभालूं?,मेरे case में लंबे समय की drinking के बाद liver damage की चिंता होना। मुझे अभी क्या next step लेना चाहिए?,मुझसे यह दिक्कत हो रही है कि लंबे समय की drinking के बाद liver damage की चिंता होना; मैं इसे कैसे छोड़ूं या संभालूं?,medical evaluation की जरूरत और alcohol-related harm reduction समझाना,विशिष्ट prescription/dose न दें; बिना assessment diagnosis न करें; qualified professional referral को स्पष्ट रखें।,Conditional,CLINICAL_ASSESSMENT_IF_NEEDED,Yes,Draft - Expert Review Required,ALC | Liver Concern | Health Impact | Regular Use | Moderate | TREATMENT | self
ALC_09_2,ALC,शराब,Liver Concern,Family Member,Family Member,Adult / Any age,Alcohol,Regular Use,Health Impact,Moderate,TREATMENT,मेरे परिवार के एक सदस्य में लंबे समय की drinking के बाद liver damage की चिंता होना। हम उसकी सुरक्षित और सही तरीके से मदद कैसे करें?,घर में एक व्यक्ति के साथ लंबे समय की drinking के बाद liver damage की चिंता होना। हमें क्या करना चाहिए?,मेरे family member में लंबे समय की drinking के बाद liver damage की चिंता होना। हम help कैसे करें और कब professional help लें?,हमारे घर में एक सदस्य के साथ लंबे समय की drinking के बाद liver damage की चिंता होना; समझाने और इलाज के लिए क्या तरीका रखें?,medical evaluation की जरूरत और alcohol-related harm reduction समझाना,विशिष्ट prescription/dose न दें; बिना assessment diagnosis न करें; qualified professional referral को स्पष्ट रखें।,Conditional,CLINICAL_ASSESSMENT_IF_NEEDED,Yes,Draft - Expert Review Required,ALC | Liver Concern | Health Impact | Regular Use | Moderate | TREATMENT | family
ALC_09_3,ALC,शराब,Liver Concern,General Public,Person with possible substance-use concern,Adult / Any age,Alcohol,Regular Use,Health Impact,Moderate,TREATMENT,"यदि लंबे समय की drinking के बाद liver damage की चिंता होना, तो इसका क्या अर्थ हो सकता है और सही अगला कदम क्या होना चाहिए?","अगर लंबे समय की drinking के बाद liver damage की चिंता होना, तो इसे कितना serious मानें और क्या करें?","अगर लंबे समय की drinking के बाद liver damage की चिंता होना, तो क्या यह addiction/problem का sign है और next step क्या होना चाहिए?","अगर ऐसी हालत हो कि लंबे समय की drinking के बाद liver damage की चिंता होना, तो घर वाले क्या समझें और क्या कदम उठाएं?",medical evaluation की जरूरत और alcohol-related harm reduction समझाना,विशिष्ट prescription/dose न दें; बिना assessment diagnosis न करें; qualified professional referral को स्पष्ट रखें।,Conditional,CLINICAL_ASSESSMENT_IF_NEEDED,Yes,Draft - Expert Review Required,ALC | Liver Concern | Health Impact | Regular Use | Moderate | TREATMENT | general
ALC_09_4,ALC,शराब,Liver Concern,Helper/Community Member,Other Person,Adult / Any age,Alcohol,Regular Use,Health Impact,Moderate,TREATMENT,"यदि किसी व्यक्ति में लंबे समय की drinking के बाद liver damage की चिंता होना, तो उसे उचित सहायता तक कैसे पहुंचाया जाए?",किसी जानने वाले के साथ लंबे समय की drinking के बाद liver damage की चिंता होना; उसकी मदद कैसे करें?,"अगर किसी person में लंबे समय की drinking के बाद liver damage की चिंता होना, तो safe support और referral कैसे करें?","गांव/मोहल्ले में किसी के साथ लंबे समय की drinking के बाद liver damage की चिंता होना, तो उसे बिना बदनाम किए मदद तक कैसे पहुंचाएं?",medical evaluation की जरूरत और alcohol-related harm reduction समझाना,विशिष्ट prescription/dose न दें; बिना assessment diagnosis न करें; qualified professional referral को स्पष्ट रखें।,Conditional,CLINICAL_ASSESSMENT_IF_NEEDED,Yes,Draft - Expert Review Required,ALC | Liver Concern | Health Impact | Regular Use | Moderate | TREATMENT | helper
ALC_10_1,ALC,शराब,Family Conflict,Self,Self,Adult / Any age,Alcohol,Regular Use,Family Safety,High,FAMILY,"मेरे साथ शराब के बाद घर में झगड़ा, अपमान या डर का माहौल बनना। मुझे अब क्या करना चाहिए?","मेरे साथ यह हो रहा है कि शराब के बाद घर में झगड़ा, अपमान या डर का माहौल बनना। मैं कैसे संभालूं?","मेरे case में शराब के बाद घर में झगड़ा, अपमान या डर का माहौल बनना। मुझे अभी क्या next step लेना चाहिए?","मुझसे यह दिक्कत हो रही है कि शराब के बाद घर में झगड़ा, अपमान या डर का माहौल बनना; मैं इसे कैसे छोड़ूं या संभालूं?","safety planning, boundaries और violence risk पर प्राथमिकता देना","घर पर जोखिमपूर्ण detox, medication dosing या false reassurance न दें; urgent professional assessment को delay न करें।",Urgent,URGENT_ASSESSMENT,Yes,Draft - Expert Review Required,ALC | Family Conflict | Family Safety | Regular Use | High | FAMILY | self
ALC_10_2,ALC,शराब,Family Conflict,Family Member,Family Member,Adult / Any age,Alcohol,Regular Use,Family Safety,High,FAMILY,"मेरे परिवार के एक सदस्य में शराब के बाद घर में झगड़ा, अपमान या डर का माहौल बनना। हम उसकी सुरक्षित और सही तरीके से मदद कैसे करें?","घर में एक व्यक्ति के साथ शराब के बाद घर में झगड़ा, अपमान या डर का माहौल बनना। हमें क्या करना चाहिए?","मेरे family member में शराब के बाद घर में झगड़ा, अपमान या डर का माहौल बनना। हम help कैसे करें और कब professional help लें?","हमारे घर में एक सदस्य के साथ शराब के बाद घर में झगड़ा, अपमान या डर का माहौल बनना; समझाने और इलाज के लिए क्या तरीका रखें?","safety planning, boundaries और violence risk पर प्राथमिकता देना","घर पर जोखिमपूर्ण detox, medication dosing या false reassurance न दें; urgent professional assessment को delay न करें।",Urgent,URGENT_ASSESSMENT,Yes,Draft - Expert Review Required,ALC | Family Conflict | Family Safety | Regular Use | High | FAMILY | family
ALC_10_3,ALC,शराब,Family Conflict,General Public,Person with possible substance-use concern,Adult / Any age,Alcohol,Regular Use,Family Safety,High,FAMILY,"यदि शराब के बाद घर में झगड़ा, अपमान या डर का माहौल बनना, तो इसका क्या अर्थ हो सकता है और सही अगला कदम क्या होना चाहिए?","अगर शराब के बाद घर में झगड़ा, अपमान या डर का माहौल बनना, तो इसे कितना serious मानें और क्या करें?","अगर शराब के बाद घर में झगड़ा, अपमान या डर का माहौल बनना, तो क्या यह addiction/problem का sign है और next step क्या होना चाहिए?","अगर ऐसी हालत हो कि शराब के बाद घर में झगड़ा, अपमान या डर का माहौल बनना, तो घर वाले क्या समझें और क्या कदम उठाएं?","safety planning, boundaries और violence risk पर प्राथमिकता देना","घर पर जोखिमपूर्ण detox, medication dosing या false reassurance न दें; urgent professional assessment को delay न करें।",Urgent,URGENT_ASSESSMENT,Yes,Draft - Expert Review Required,ALC | Family Conflict | Family Safety | Regular Use | High | FAMILY | general
ALC_10_4,ALC,शराब,Family Conflict,Helper/Community Member,Other Person,Adult / Any age,Alcohol,Regular Use,Family Safety,High,FAMILY,"यदि किसी व्यक्ति में शराब के बाद घर में झगड़ा, अपमान या डर का माहौल बनना, तो उसे उचित सहायता तक कैसे पहुंचाया जाए?","किसी जानने वाले के साथ शराब के बाद घर में झगड़ा, अपमान या डर का माहौल बनना; उसकी मदद कैसे करें?","अगर किसी person में शराब के बाद घर में झगड़ा, अपमान या डर का माहौल बनना, तो safe support और referral कैसे करें?","गांव/मोहल्ले में किसी के साथ शराब के बाद घर में झगड़ा, अपमान या डर का माहौल बनना, तो उसे बिना बदनाम किए मदद तक कैसे पहुंचाएं?","safety planning, boundaries और violence risk पर प्राथमिकता देना","घर पर जोखिमपूर्ण detox, medication dosing या false reassurance न दें; urgent professional assessment को delay न करें।",Urgent,URGENT_ASSESSMENT,Yes,Draft - Expert Review Required,ALC | Family Conflict | Family Safety | Regular Use | High | FAMILY | helper
TOB_01_1,TOB,"तंबाकू, सिगरेट, बीड़ी, गुटखा एवं Vaping",Cigarette Dependence,Self,Self,Adult / Any age,Tobacco/Nicotine,Dependence,Screening,Moderate,SCREEN,मेरे साथ दिन में कई बार सिगरेट पीने और रोक न पाने की स्थिति होना। मुझे अब क्या करना चाहिए?,मेरे साथ यह हो रहा है कि दिन में कई बार सिगरेट पीने और रोक न पाने की स्थिति होना। मैं कैसे संभालूं?,मेरे case में दिन में कई बार सिगरेट पीने और रोक न पाने की स्थिति होना। मुझे अभी क्या next step लेना चाहिए?,मुझसे यह दिक्कत हो रही है कि दिन में कई बार सिगरेट पीने और रोक न पाने की स्थिति होना; मैं इसे कैसे छोड़ूं या संभालूं?,nicotine dependence और evidence-based quitting support की दिशा देना,"बिना पर्याप्त जानकारी diagnosis न करें; moral judgement, stigma, shame या guaranteed cure जैसी भाषा से बचें।",Conditional,CLINICAL_ASSESSMENT_IF_NEEDED,Recommended,Draft - Expert Review Required,TOB | Cigarette Dependence | Screening | Dependence | Moderate | SCREEN | self
TOB_01_2,TOB,"तंबाकू, सिगरेट, बीड़ी, गुटखा एवं Vaping",Cigarette Dependence,Family Member,Family Member,Adult / Any age,Tobacco/Nicotine,Dependence,Screening,Moderate,SCREEN,मेरे परिवार के एक सदस्य में दिन में कई बार सिगरेट पीने और रोक न पाने की स्थिति होना। हम उसकी सुरक्षित और सही तरीके से मदद कैसे करें?,घर में एक व्यक्ति के साथ दिन में कई बार सिगरेट पीने और रोक न पाने की स्थिति होना। हमें क्या करना चाहिए?,मेरे family member में दिन में कई बार सिगरेट पीने और रोक न पाने की स्थिति होना। हम help कैसे करें और कब professional help लें?,हमारे घर में एक सदस्य के साथ दिन में कई बार सिगरेट पीने और रोक न पाने की स्थिति होना; समझाने और इलाज के लिए क्या तरीका रखें?,nicotine dependence और evidence-based quitting support की दिशा देना,"बिना पर्याप्त जानकारी diagnosis न करें; moral judgement, stigma, shame या guaranteed cure जैसी भाषा से बचें।",Conditional,CLINICAL_ASSESSMENT_IF_NEEDED,Recommended,Draft - Expert Review Required,TOB | Cigarette Dependence | Screening | Dependence | Moderate | SCREEN | family
TOB_01_3,TOB,"तंबाकू, सिगरेट, बीड़ी, गुटखा एवं Vaping",Cigarette Dependence,General Public,Person with possible substance-use concern,Adult / Any age,Tobacco/Nicotine,Dependence,Screening,Moderate,SCREEN,"यदि दिन में कई बार सिगरेट पीने और रोक न पाने की स्थिति होना, तो इसका क्या अर्थ हो सकता है और सही अगला कदम क्या होना चाहिए?","अगर दिन में कई बार सिगरेट पीने और रोक न पाने की स्थिति होना, तो इसे कितना serious मानें और क्या करें?","अगर दिन में कई बार सिगरेट पीने और रोक न पाने की स्थिति होना, तो क्या यह addiction/problem का sign है और next step क्या होना चाहिए?","अगर ऐसी हालत हो कि दिन में कई बार सिगरेट पीने और रोक न पाने की स्थिति होना, तो घर वाले क्या समझें और क्या कदम उठाएं?",nicotine dependence और evidence-based quitting support की दिशा देना,"बिना पर्याप्त जानकारी diagnosis न करें; moral judgement, stigma, shame या guaranteed cure जैसी भाषा से बचें।",Conditional,CLINICAL_ASSESSMENT_IF_NEEDED,Recommended,Draft - Expert Review Required,TOB | Cigarette Dependence | Screening | Dependence | Moderate | SCREEN | general
TOB_01_4,TOB,"तंबाकू, सिगरेट, बीड़ी, गुटखा एवं Vaping",Cigarette Dependence,Helper/Community Member,Other Person,Adult / Any age,Tobacco/Nicotine,Dependence,Screening,Moderate,SCREEN,"यदि किसी व्यक्ति में दिन में कई बार सिगरेट पीने और रोक न पाने की स्थिति होना, तो उसे उचित सहायता तक कैसे पहुंचाया जाए?",किसी जानने वाले के साथ दिन में कई बार सिगरेट पीने और रोक न पाने की स्थिति होना; उसकी मदद कैसे करें?,"अगर किसी person में दिन में कई बार सिगरेट पीने और रोक न पाने की स्थिति होना, तो safe support और referral कैसे करें?","गांव/मोहल्ले में किसी के साथ दिन में कई बार सिगरेट पीने और रोक न पाने की स्थिति होना, तो उसे बिना बदनाम किए मदद तक कैसे पहुंचाएं?",nicotine dependence और evidence-based quitting support की दिशा देना,"बिना पर्याप्त जानकारी diagnosis न करें; moral judgement, stigma, shame या guaranteed cure जैसी भाषा से बचें।",Conditional,CLINICAL_ASSESSMENT_IF_NEEDED,Recommended,Draft - Expert Review Required,TOB | Cigarette Dependence | Screening | Dependence | Moderate | SCREEN | helper
TOB_02_1,TOB,"तंबाकू, सिगरेट, बीड़ी, गुटखा एवं Vaping",Bidi Myth,Self,Self,Adult / Any age,Tobacco/Nicotine,Regular Use,Myth Correction,Routine,INFO,मेरे साथ बीड़ी को सिगरेट से कम हानिकारक मानना। मुझे अब क्या करना चाहिए?,मेरे साथ यह हो रहा है कि बीड़ी को सिगरेट से कम हानिकारक मानना। मैं कैसे संभालूं?,मेरे case में बीड़ी को सिगरेट से कम हानिकारक मानना। मुझे अभी क्या next step लेना चाहिए?,मुझसे यह दिक्कत हो रही है कि बीड़ी को सिगरेट से कम हानिकारक मानना; मैं इसे कैसे छोड़ूं या संभालूं?,harm comparison में false reassurance से बचते हुए जोखिम समझाना,"बिना पर्याप्त जानकारी diagnosis न करें; moral judgement, stigma, shame या guaranteed cure जैसी भाषा से बचें।",No routine escalation,STANDARD,Recommended,Draft - Expert Review Required,TOB | Bidi Myth | Myth Correction | Regular Use | Routine | INFO | self
TOB_02_2,TOB,"तंबाकू, सिगरेट, बीड़ी, गुटखा एवं Vaping",Bidi Myth,Family Member,Family Member,Adult / Any age,Tobacco/Nicotine,Regular Use,Myth Correction,Routine,INFO,मेरे परिवार के एक सदस्य में बीड़ी को सिगरेट से कम हानिकारक मानना। हम उसकी सुरक्षित और सही तरीके से मदद कैसे करें?,घर में एक व्यक्ति के साथ बीड़ी को सिगरेट से कम हानिकारक मानना। हमें क्या करना चाहिए?,मेरे family member में बीड़ी को सिगरेट से कम हानिकारक मानना। हम help कैसे करें और कब professional help लें?,हमारे घर में एक सदस्य के साथ बीड़ी को सिगरेट से कम हानिकारक मानना; समझाने और इलाज के लिए क्या तरीका रखें?,harm comparison में false reassurance से बचते हुए जोखिम समझाना,"बिना पर्याप्त जानकारी diagnosis न करें; moral judgement, stigma, shame या guaranteed cure जैसी भाषा से बचें।",No routine escalation,STANDARD,Recommended,Draft - Expert Review Required,TOB | Bidi Myth | Myth Correction | Regular Use | Routine | INFO | family
TOB_02_3,TOB,"तंबाकू, सिगरेट, बीड़ी, गुटखा एवं Vaping",Bidi Myth,General Public,Person with possible substance-use concern,Adult / Any age,Tobacco/Nicotine,Regular Use,Myth Correction,Routine,INFO,"यदि बीड़ी को सिगरेट से कम हानिकारक मानना, तो इसका क्या अर्थ हो सकता है और सही अगला कदम क्या होना चाहिए?","अगर बीड़ी को सिगरेट से कम हानिकारक मानना, तो इसे कितना serious मानें और क्या करें?","अगर बीड़ी को सिगरेट से कम हानिकारक मानना, तो क्या यह addiction/problem का sign है और next step क्या होना चाहिए?","अगर ऐसी हालत हो कि बीड़ी को सिगरेट से कम हानिकारक मानना, तो घर वाले क्या समझें और क्या कदम उठाएं?",harm comparison में false reassurance से बचते हुए जोखिम समझाना,"बिना पर्याप्त जानकारी diagnosis न करें; moral judgement, stigma, shame या guaranteed cure जैसी भाषा से बचें।",No routine escalation,STANDARD,Recommended,Draft - Expert Review Required,TOB | Bidi Myth | Myth Correction | Regular Use | Routine | INFO | general
TOB_02_4,TOB,"तंबाकू, सिगरेट, बीड़ी, गुटखा एवं Vaping",Bidi Myth,Helper/Community Member,Other Person,Adult / Any age,Tobacco/Nicotine,Regular Use,Myth Correction,Routine,INFO,"यदि किसी व्यक्ति में बीड़ी को सिगरेट से कम हानिकारक मानना, तो उसे उचित सहायता तक कैसे पहुंचाया जाए?",किसी जानने वाले के साथ बीड़ी को सिगरेट से कम हानिकारक मानना; उसकी मदद कैसे करें?,"अगर किसी person में बीड़ी को सिगरेट से कम हानिकारक मानना, तो safe support और referral कैसे करें?","गांव/मोहल्ले में किसी के साथ बीड़ी को सिगरेट से कम हानिकारक मानना, तो उसे बिना बदनाम किए मदद तक कैसे पहुंचाएं?",harm comparison में false reassurance से बचते हुए जोखिम समझाना,"बिना पर्याप्त जानकारी diagnosis न करें; moral judgement, stigma, shame या guaranteed cure जैसी भाषा से बचें।",No routine escalation,STANDARD,Recommended,Draft - Expert Review Required,TOB | Bidi Myth | Myth Correction | Regular Use | Routine | INFO | helper
TOB_03_1,TOB,"तंबाकू, सिगरेट, बीड़ी, गुटखा एवं Vaping",Gutkha,Self,Self,Adult / Any age,Tobacco/Nicotine,Regular Use,Health Impact,Moderate,INFO,मेरे साथ गुटखा या खैनी का नियमित उपयोग करना। मुझे अब क्या करना चाहिए?,मेरे साथ यह हो रहा है कि गुटखा या खैनी का नियमित उपयोग करना। मैं कैसे संभालूं?,मेरे case में गुटखा या खैनी का नियमित उपयोग करना। मुझे अभी क्या next step लेना चाहिए?,मुझसे यह दिक्कत हो रही है कि गुटखा या खैनी का नियमित उपयोग करना; मैं इसे कैसे छोड़ूं या संभालूं?,oral health risks और cessation support समझाना,"बिना पर्याप्त जानकारी diagnosis न करें; moral judgement, stigma, shame या guaranteed cure जैसी भाषा से बचें।",Conditional,CLINICAL_ASSESSMENT_IF_NEEDED,Recommended,Draft - Expert Review Required,TOB | Gutkha | Health Impact | Regular Use | Moderate | INFO | self
TOB_03_2,TOB,"तंबाकू, सिगरेट, बीड़ी, गुटखा एवं Vaping",Gutkha,Family Member,Family Member,Adult / Any age,Tobacco/Nicotine,Regular Use,Health Impact,Moderate,INFO,मेरे परिवार के एक सदस्य में गुटखा या खैनी का नियमित उपयोग करना। हम उसकी सुरक्षित और सही तरीके से मदद कैसे करें?,घर में एक व्यक्ति के साथ गुटखा या खैनी का नियमित उपयोग करना। हमें क्या करना चाहिए?,मेरे family member में गुटखा या खैनी का नियमित उपयोग करना। हम help कैसे करें और कब professional help लें?,हमारे घर में एक सदस्य के साथ गुटखा या खैनी का नियमित उपयोग करना; समझाने और इलाज के लिए क्या तरीका रखें?,oral health risks और cessation support समझाना,"बिना पर्याप्त जानकारी diagnosis न करें; moral judgement, stigma, shame या guaranteed cure जैसी भाषा से बचें।",Conditional,CLINICAL_ASSESSMENT_IF_NEEDED,Recommended,Draft - Expert Review Required,TOB | Gutkha | Health Impact | Regular Use | Moderate | INFO | family
TOB_03_3,TOB,"तंबाकू, सिगरेट, बीड़ी, गुटखा एवं Vaping",Gutkha,General Public,Person with possible substance-use concern,Adult / Any age,Tobacco/Nicotine,Regular Use,Health Impact,Moderate,INFO,"यदि गुटखा या खैनी का नियमित उपयोग करना, तो इसका क्या अर्थ हो सकता है और सही अगला कदम क्या होना चाहिए?","अगर गुटखा या खैनी का नियमित उपयोग करना, तो इसे कितना serious मानें और क्या करें?","अगर गुटखा या खैनी का नियमित उपयोग करना, तो क्या यह addiction/problem का sign है और next step क्या होना चाहिए?","अगर ऐसी हालत हो कि गुटखा या खैनी का नियमित उपयोग करना, तो घर वाले क्या समझें और क्या कदम उठाएं?",oral health risks और cessation support समझाना,"बिना पर्याप्त जानकारी diagnosis न करें; moral judgement, stigma, shame या guaranteed cure जैसी भाषा से बचें।",Conditional,CLINICAL_ASSESSMENT_IF_NEEDED,Recommended,Draft - Expert Review Required,TOB | Gutkha | Health Impact | Regular Use | Moderate | INFO | general
TOB_03_4,TOB,"तंबाकू, सिगरेट, बीड़ी, गुटखा एवं Vaping",Gutkha,Helper/Community Member,Other Person,Adult / Any age,Tobacco/Nicotine,Regular Use,Health Impact,Moderate,INFO,"यदि किसी व्यक्ति में गुटखा या खैनी का नियमित उपयोग करना, तो उसे उचित सहायता तक कैसे पहुंचाया जाए?",किसी जानने वाले के साथ गुटखा या खैनी का नियमित उपयोग करना; उसकी मदद कैसे करें?,"अगर किसी person में गुटखा या खैनी का नियमित उपयोग करना, तो safe support और referral कैसे करें?","गांव/मोहल्ले में किसी के साथ गुटखा या खैनी का नियमित उपयोग करना, तो उसे बिना बदनाम किए मदद तक कैसे पहुंचाएं?",oral health risks और cessation support समझाना,"बिना पर्याप्त जानकारी diagnosis न करें; moral judgement, stigma, shame या guaranteed cure जैसी भाषा से बचें।",Conditional,CLINICAL_ASSESSMENT_IF_NEEDED,Recommended,Draft - Expert Review Required,TOB | Gutkha | Health Impact | Regular Use | Moderate | INFO | helper
TOB_04_1,TOB,"तंबाकू, सिगरेट, बीड़ी, गुटखा एवं Vaping",Oral Lesion,Self,Self,Adult / Any age,Tobacco/Nicotine,Regular Use,Red Flag,High,ACTION,मेरे साथ तंबाकू लेने वाले व्यक्ति के मुंह में सफेद या लाल दाग दिखाई देना। मुझे अब क्या करना चाहिए?,मेरे साथ यह हो रहा है कि तंबाकू लेने वाले व्यक्ति के मुंह में सफेद या लाल दाग दिखाई देना। मैं कैसे संभालूं?,मेरे case में तंबाकू लेने वाले व्यक्ति के मुंह में सफेद या लाल दाग दिखाई देना। मुझे अभी क्या next step लेना चाहिए?,मुझसे यह दिक्कत हो रही है कि तंबाकू लेने वाले व्यक्ति के मुंह में सफेद या लाल दाग दिखाई देना; मैं इसे कैसे छोड़ूं या संभालूं?,prompt dental/medical evaluation की जरूरत बताना,"घर पर जोखिमपूर्ण detox, medication dosing या false reassurance न दें; urgent professional assessment को delay न करें।",Urgent,URGENT_ASSESSMENT,Yes,Draft - Expert Review Required,TOB | Oral Lesion | Red Flag | Regular Use | High | ACTION | self
TOB_04_2,TOB,"तंबाकू, सिगरेट, बीड़ी, गुटखा एवं Vaping",Oral Lesion,Family Member,Family Member,Adult / Any age,Tobacco/Nicotine,Regular Use,Red Flag,High,ACTION,मेरे परिवार के एक सदस्य में तंबाकू लेने वाले व्यक्ति के मुंह में सफेद या लाल दाग दिखाई देना। हम उसकी सुरक्षित और सही तरीके से मदद कैसे करें?,घर में एक व्यक्ति के साथ तंबाकू लेने वाले व्यक्ति के मुंह में सफेद या लाल दाग दिखाई देना। हमें क्या करना चाहिए?,मेरे family member में तंबाकू लेने वाले व्यक्ति के मुंह में सफेद या लाल दाग दिखाई देना। हम help कैसे करें और कब professional help लें?,हमारे घर में एक सदस्य के साथ तंबाकू लेने वाले व्यक्ति के मुंह में सफेद या लाल दाग दिखाई देना; समझाने और इलाज के लिए क्या तरीका रखें?,prompt dental/medical evaluation की जरूरत बताना,"घर पर जोखिमपूर्ण detox, medication dosing या false reassurance न दें; urgent professional assessment को delay न करें।",Urgent,URGENT_ASSESSMENT,Yes,Draft - Expert Review Required,TOB | Oral Lesion | Red Flag | Regular Use | High | ACTION | family
TOB_04_3,TOB,"तंबाकू, सिगरेट, बीड़ी, गुटखा एवं Vaping",Oral Lesion,General Public,Person with possible substance-use concern,Adult / Any age,Tobacco/Nicotine,Regular Use,Red Flag,High,ACTION,"यदि तंबाकू लेने वाले व्यक्ति के मुंह में सफेद या लाल दाग दिखाई देना, तो इसका क्या अर्थ हो सकता है और सही अगला कदम क्या होना चाहिए?","अगर तंबाकू लेने वाले व्यक्ति के मुंह में सफेद या लाल दाग दिखाई देना, तो इसे कितना serious मानें और क्या करें?","अगर तंबाकू लेने वाले व्यक्ति के मुंह में सफेद या लाल दाग दिखाई देना, तो क्या यह addiction/problem का sign है और next step क्या होना चाहिए?","अगर ऐसी हालत हो कि तंबाकू लेने वाले व्यक्ति के मुंह में सफेद या लाल दाग दिखाई देना, तो घर वाले क्या समझें और क्या कदम उठाएं?",prompt dental/medical evaluation की जरूरत बताना,"घर पर जोखिमपूर्ण detox, medication dosing या false reassurance न दें; urgent professional assessment को delay न करें।",Urgent,URGENT_ASSESSMENT,Yes,Draft - Expert Review Required,TOB | Oral Lesion | Red Flag | Regular Use | High | ACTION | general
TOB_04_4,TOB,"तंबाकू, सिगरेट, बीड़ी, गुटखा एवं Vaping",Oral Lesion,Helper/Community Member,Other Person,Adult / Any age,Tobacco/Nicotine,Regular Use,Red Flag,High,ACTION,"यदि किसी व्यक्ति में तंबाकू लेने वाले व्यक्ति के मुंह में सफेद या लाल दाग दिखाई देना, तो उसे उचित सहायता तक कैसे पहुंचाया जाए?",किसी जानने वाले के साथ तंबाकू लेने वाले व्यक्ति के मुंह में सफेद या लाल दाग दिखाई देना; उसकी मदद कैसे करें?,"अगर किसी person में तंबाकू लेने वाले व्यक्ति के मुंह में सफेद या लाल दाग दिखाई देना, तो safe support और referral कैसे करें?","गांव/मोहल्ले में किसी के साथ तंबाकू लेने वाले व्यक्ति के मुंह में सफेद या लाल दाग दिखाई देना, तो उसे बिना बदनाम किए मदद तक कैसे पहुंचाएं?",prompt dental/medical evaluation की जरूरत बताना,"घर पर जोखिमपूर्ण detox, medication dosing या false reassurance न दें; urgent professional assessment को delay न करें।",Urgent,URGENT_ASSESSMENT,Yes,Draft - Expert Review Required,TOB | Oral Lesion | Red Flag | Regular Use | High | ACTION | helper
TOB_05_1,TOB,"तंबाकू, सिगरेट, बीड़ी, गुटखा एवं Vaping",Nicotine Craving,Self,Self,Adult / Any age,Tobacco/Nicotine,Withdrawal,Craving,Moderate,ACTION,मेरे साथ सिगरेट छोड़ने के बाद तीव्र nicotine craving होना। मुझे अब क्या करना चाहिए?,मेरे साथ यह हो रहा है कि सिगरेट छोड़ने के बाद तीव्र nicotine craving होना। मैं कैसे संभालूं?,मेरे case में सिगरेट छोड़ने के बाद तीव्र nicotine craving होना। मुझे अभी क्या next step लेना चाहिए?,मुझसे यह दिक्कत हो रही है कि सिगरेट छोड़ने के बाद तीव्र nicotine craving होना; मैं इसे कैसे छोड़ूं या संभालूं?,craving management और cessation support बताना,"बिना पर्याप्त जानकारी diagnosis न करें; moral judgement, stigma, shame या guaranteed cure जैसी भाषा से बचें।",Conditional,CLINICAL_ASSESSMENT_IF_NEEDED,Recommended,Draft - Expert Review Required,TOB | Nicotine Craving | Craving | Withdrawal | Moderate | ACTION | self
TOB_05_2,TOB,"तंबाकू, सिगरेट, बीड़ी, गुटखा एवं Vaping",Nicotine Craving,Family Member,Family Member,Adult / Any age,Tobacco/Nicotine,Withdrawal,Craving,Moderate,ACTION,मेरे परिवार के एक सदस्य में सिगरेट छोड़ने के बाद तीव्र nicotine craving होना। हम उसकी सुरक्षित और सही तरीके से मदद कैसे करें?,घर में एक व्यक्ति के साथ सिगरेट छोड़ने के बाद तीव्र nicotine craving होना। हमें क्या करना चाहिए?,मेरे family member में सिगरेट छोड़ने के बाद तीव्र nicotine craving होना। हम help कैसे करें और कब professional help लें?,हमारे घर में एक सदस्य के साथ सिगरेट छोड़ने के बाद तीव्र nicotine craving होना; समझाने और इलाज के लिए क्या तरीका रखें?,craving management और cessation support बताना,"बिना पर्याप्त जानकारी diagnosis न करें; moral judgement, stigma, shame या guaranteed cure जैसी भाषा से बचें।",Conditional,CLINICAL_ASSESSMENT_IF_NEEDED,Recommended,Draft - Expert Review Required,TOB | Nicotine Craving | Craving | Withdrawal | Moderate | ACTION | family
TOB_05_3,TOB,"तंबाकू, सिगरेट, बीड़ी, गुटखा एवं Vaping",Nicotine Craving,General Public,Person with possible substance-use concern,Adult / Any age,Tobacco/Nicotine,Withdrawal,Craving,Moderate,ACTION,"यदि सिगरेट छोड़ने के बाद तीव्र nicotine craving होना, तो इसका क्या अर्थ हो सकता है और सही अगला कदम क्या होना चाहिए?","अगर सिगरेट छोड़ने के बाद तीव्र nicotine craving होना, तो इसे कितना serious मानें और क्या करें?","अगर सिगरेट छोड़ने के बाद तीव्र nicotine craving होना, तो क्या यह addiction/problem का sign है और next step क्या होना चाहिए?","अगर ऐसी हालत हो कि सिगरेट छोड़ने के बाद तीव्र nicotine craving होना, तो घर वाले क्या समझें और क्या कदम उठाएं?",craving management और cessation support बताना,"बिना पर्याप्त जानकारी diagnosis न करें; moral judgement, stigma, shame या guaranteed cure जैसी भाषा से बचें।",Conditional,CLINICAL_ASSESSMENT_IF_NEEDED,Recommended,Draft - Expert Review Required,TOB | Nicotine Craving | Craving | Withdrawal | Moderate | ACTION | general
TOB_05_4,TOB,"तंबाकू, सिगरेट, बीड़ी, गुटखा एवं Vaping",Nicotine Craving,Helper/Community Member,Other Person,Adult / Any age,Tobacco/Nicotine,Withdrawal,Craving,Moderate,ACTION,"यदि किसी व्यक्ति में सिगरेट छोड़ने के बाद तीव्र nicotine craving होना, तो उसे उचित सहायता तक कैसे पहुंचाया जाए?",किसी जानने वाले के साथ सिगरेट छोड़ने के बाद तीव्र nicotine craving होना; उसकी मदद कैसे करें?,"अगर किसी person में सिगरेट छोड़ने के बाद तीव्र nicotine craving होना, तो safe support और referral कैसे करें?","गांव/मोहल्ले में किसी के साथ सिगरेट छोड़ने के बाद तीव्र nicotine craving होना, तो उसे बिना बदनाम किए मदद तक कैसे पहुंचाएं?",craving management और cessation support बताना,"बिना पर्याप्त जानकारी diagnosis न करें; moral judgement, stigma, shame या guaranteed cure जैसी भाषा से बचें।",Conditional,CLINICAL_ASSESSMENT_IF_NEEDED,Recommended,Draft - Expert Review Required,TOB | Nicotine Craving | Craving | Withdrawal | Moderate | ACTION | helper
TOB_06_1,TOB,"तंबाकू, सिगरेट, बीड़ी, गुटखा एवं Vaping",Vaping,Self,Self,Adult / Any age,Tobacco/Nicotine,Regular Use,Risk Education,Routine,INFO,मेरे साथ सिगरेट छोड़ने के लिए vape को पूरी तरह सुरक्षित विकल्प मानना। मुझे अब क्या करना चाहिए?,मेरे साथ यह हो रहा है कि सिगरेट छोड़ने के लिए vape को पूरी तरह सुरक्षित विकल्प मानना। मैं कैसे संभालूं?,मेरे case में सिगरेट छोड़ने के लिए vape को पूरी तरह सुरक्षित विकल्प मानना। मुझे अभी क्या next step लेना चाहिए?,मुझसे यह दिक्कत हो रही है कि सिगरेट छोड़ने के लिए vape को पूरी तरह सुरक्षित विकल्प मानना; मैं इसे कैसे छोड़ूं या संभालूं?,vaping को risk-free न बताना और cessation plan की ओर ले जाना,"बिना पर्याप्त जानकारी diagnosis न करें; moral judgement, stigma, shame या guaranteed cure जैसी भाषा से बचें।",No routine escalation,STANDARD,Recommended,Draft - Expert Review Required,TOB | Vaping | Risk Education | Regular Use | Routine | INFO | self
TOB_06_2,TOB,"तंबाकू, सिगरेट, बीड़ी, गुटखा एवं Vaping",Vaping,Family Member,Family Member,Adult / Any age,Tobacco/Nicotine,Regular Use,Risk Education,Routine,INFO,मेरे परिवार के एक सदस्य में सिगरेट छोड़ने के लिए vape को पूरी तरह सुरक्षित विकल्प मानना। हम उसकी सुरक्षित और सही तरीके से मदद कैसे करें?,घर में एक व्यक्ति के साथ सिगरेट छोड़ने के लिए vape को पूरी तरह सुरक्षित विकल्प मानना। हमें क्या करना चाहिए?,मेरे family member में सिगरेट छोड़ने के लिए vape को पूरी तरह सुरक्षित विकल्प मानना। हम help कैसे करें और कब professional help लें?,हमारे घर में एक सदस्य के साथ सिगरेट छोड़ने के लिए vape को पूरी तरह सुरक्षित विकल्प मानना; समझाने और इलाज के लिए क्या तरीका रखें?,vaping को risk-free न बताना और cessation plan की ओर ले जाना,"बिना पर्याप्त जानकारी diagnosis न करें; moral judgement, stigma, shame या guaranteed cure जैसी भाषा से बचें।",No routine escalation,STANDARD,Recommended,Draft - Expert Review Required,TOB | Vaping | Risk Education | Regular Use | Routine | INFO | family
TOB_06_3,TOB,"तंबाकू, सिगरेट, बीड़ी, गुटखा एवं Vaping",Vaping,General Public,Person with possible substance-use concern,Adult / Any age,Tobacco/Nicotine,Regular Use,Risk Education,Routine,INFO,"यदि सिगरेट छोड़ने के लिए vape को पूरी तरह सुरक्षित विकल्प मानना, तो इसका क्या अर्थ हो सकता है और सही अगला कदम क्या होना चाहिए?","अगर सिगरेट छोड़ने के लिए vape को पूरी तरह सुरक्षित विकल्प मानना, तो इसे कितना serious मानें और क्या करें?","अगर सिगरेट छोड़ने के लिए vape को पूरी तरह सुरक्षित विकल्प मानना, तो क्या यह addiction/problem का sign है और next step क्या होना चाहिए?","अगर ऐसी हालत हो कि सिगरेट छोड़ने के लिए vape को पूरी तरह सुरक्षित विकल्प मानना, तो घर वाले क्या समझें और क्या कदम उठाएं?",vaping को risk-free न बताना और cessation plan की ओर ले जाना,"बिना पर्याप्त जानकारी diagnosis न करें; moral judgement, stigma, shame या guaranteed cure जैसी भाषा से बचें।",No routine escalation,STANDARD,Recommended,Draft - Expert Review Required,TOB | Vaping | Risk Education | Regular Use | Routine | INFO | general
TOB_06_4,TOB,"तंबाकू, सिगरेट, बीड़ी, गुटखा एवं Vaping",Vaping,Helper/Community Member,Other Person,Adult / Any age,Tobacco/Nicotine,Regular Use,Risk Education,Routine,INFO,"यदि किसी व्यक्ति में सिगरेट छोड़ने के लिए vape को पूरी तरह सुरक्षित विकल्प मानना, तो उसे उचित सहायता तक कैसे पहुंचाया जाए?",किसी जानने वाले के साथ सिगरेट छोड़ने के लिए vape को पूरी तरह सुरक्षित विकल्प मानना; उसकी मदद कैसे करें?,"अगर किसी person में सिगरेट छोड़ने के लिए vape को पूरी तरह सुरक्षित विकल्प मानना, तो safe support और referral कैसे करें?","गांव/मोहल्ले में किसी के साथ सिगरेट छोड़ने के लिए vape को पूरी तरह सुरक्षित विकल्प मानना, तो उसे बिना बदनाम किए मदद तक कैसे पहुंचाएं?",vaping को risk-free न बताना और cessation plan की ओर ले जाना,"बिना पर्याप्त जानकारी diagnosis न करें; moral judgement, stigma, shame या guaranteed cure जैसी भाषा से बचें।",No routine escalation,STANDARD,Recommended,Draft - Expert Review Required,TOB | Vaping | Risk Education | Regular Use | Routine | INFO | helper
TOB_07_1,TOB,"तंबाकू, सिगरेट, बीड़ी, गुटखा एवं Vaping",Passive Smoke,Self,Self,Adult / Any age,Tobacco/Nicotine,Regular Use,Family Prevention,Moderate,PREVENT,मेरे साथ घर में smoking के कारण बच्चों या परिवार का धुएं के संपर्क में आना। मुझे अब क्या करना चाहिए?,मेरे साथ यह हो रहा है कि घर में smoking के कारण बच्चों या परिवार का धुएं के संपर्क में आना। मैं कैसे संभालूं?,मेरे case में घर में smoking के कारण बच्चों या परिवार का धुएं के संपर्क में आना। मुझे अभी क्या next step लेना चाहिए?,मुझसे यह दिक्कत हो रही है कि घर में smoking के कारण बच्चों या परिवार का धुएं के संपर्क में आना; मैं इसे कैसे छोड़ूं या संभालूं?,smoke-free home और exposure reduction समझाना,"बिना पर्याप्त जानकारी diagnosis न करें; moral judgement, stigma, shame या guaranteed cure जैसी भाषा से बचें।",Conditional,CLINICAL_ASSESSMENT_IF_NEEDED,Recommended,Draft - Expert Review Required,TOB | Passive Smoke | Family Prevention | Regular Use | Moderate | PREVENT | self
TOB_07_2,TOB,"तंबाकू, सिगरेट, बीड़ी, गुटखा एवं Vaping",Passive Smoke,Family Member,Family Member,Adult / Any age,Tobacco/Nicotine,Regular Use,Family Prevention,Moderate,PREVENT,मेरे परिवार के एक सदस्य में घर में smoking के कारण बच्चों या परिवार का धुएं के संपर्क में आना। हम उसकी सुरक्षित और सही तरीके से मदद कैसे करें?,घर में एक व्यक्ति के साथ घर में smoking के कारण बच्चों या परिवार का धुएं के संपर्क में आना। हमें क्या करना चाहिए?,मेरे family member में घर में smoking के कारण बच्चों या परिवार का धुएं के संपर्क में आना। हम help कैसे करें और कब professional help लें?,हमारे घर में एक सदस्य के साथ घर में smoking के कारण बच्चों या परिवार का धुएं के संपर्क में आना; समझाने और इलाज के लिए क्या तरीका रखें?,smoke-free home और exposure reduction समझाना,"बिना पर्याप्त जानकारी diagnosis न करें; moral judgement, stigma, shame या guaranteed cure जैसी भाषा से बचें।",Conditional,CLINICAL_ASSESSMENT_IF_NEEDED,Recommended,Draft - Expert Review Required,TOB | Passive Smoke | Family Prevention | Regular Use | Moderate | PREVENT | family
TOB_07_3,TOB,"तंबाकू, सिगरेट, बीड़ी, गुटखा एवं Vaping",Passive Smoke,General Public,Person with possible substance-use concern,Adult / Any age,Tobacco/Nicotine,Regular Use,Family Prevention,Moderate,PREVENT,"यदि घर में smoking के कारण बच्चों या परिवार का धुएं के संपर्क में आना, तो इसका क्या अर्थ हो सकता है और सही अगला कदम क्या होना चाहिए?","अगर घर में smoking के कारण बच्चों या परिवार का धुएं के संपर्क में आना, तो इसे कितना serious मानें और क्या करें?","अगर घर में smoking के कारण बच्चों या परिवार का धुएं के संपर्क में आना, तो क्या यह addiction/problem का sign है और next step क्या होना चाहिए?","अगर ऐसी हालत हो कि घर में smoking के कारण बच्चों या परिवार का धुएं के संपर्क में आना, तो घर वाले क्या समझें और क्या कदम उठाएं?",smoke-free home और exposure reduction समझाना,"बिना पर्याप्त जानकारी diagnosis न करें; moral judgement, stigma, shame या guaranteed cure जैसी भाषा से बचें।",Conditional,CLINICAL_ASSESSMENT_IF_NEEDED,Recommended,Draft - Expert Review Required,TOB | Passive Smoke | Family Prevention | Regular Use | Moderate | PREVENT | general
TOB_07_4,TOB,"तंबाकू, सिगरेट, बीड़ी, गुटखा एवं Vaping",Passive Smoke,Helper/Community Member,Other Person,Adult / Any age,Tobacco/Nicotine,Regular Use,Family Prevention,Moderate,PREVENT,"यदि किसी व्यक्ति में घर में smoking के कारण बच्चों या परिवार का धुएं के संपर्क में आना, तो उसे उचित सहायता तक कैसे पहुंचाया जाए?",किसी जानने वाले के साथ घर में smoking के कारण बच्चों या परिवार का धुएं के संपर्क में आना; उसकी मदद कैसे करें?,"अगर किसी person में घर में smoking के कारण बच्चों या परिवार का धुएं के संपर्क में आना, तो safe support और referral कैसे करें?","गांव/मोहल्ले में किसी के साथ घर में smoking के कारण बच्चों या परिवार का धुएं के संपर्क में आना, तो उसे बिना बदनाम किए मदद तक कैसे पहुंचाएं?",smoke-free home और exposure reduction समझाना,"बिना पर्याप्त जानकारी diagnosis न करें; moral judgement, stigma, shame या guaranteed cure जैसी भाषा से बचें।",Conditional,CLINICAL_ASSESSMENT_IF_NEEDED,Recommended,Draft - Expert Review Required,TOB | Passive Smoke | Family Prevention | Regular Use | Moderate | PREVENT | helper
TOB_08_1,TOB,"तंबाकू, सिगरेट, बीड़ी, गुटखा एवं Vaping",Pregnancy Tobacco,Self,Self,Adult / Any age,Tobacco/Nicotine,Regular Use,Pregnancy Safety,High,TREATMENT,"मेरे साथ गर्भावस्था के दौरान गुटखा, तंबाकू या smoking जारी रहना। मुझे अब क्या करना चाहिए?","मेरे साथ यह हो रहा है कि गर्भावस्था के दौरान गुटखा, तंबाकू या smoking जारी रहना। मैं कैसे संभालूं?","मेरे case में गर्भावस्था के दौरान गुटखा, तंबाकू या smoking जारी रहना। मुझे अभी क्या next step लेना चाहिए?","मुझसे यह दिक्कत हो रही है कि गर्भावस्था के दौरान गुटखा, तंबाकू या smoking जारी रहना; मैं इसे कैसे छोड़ूं या संभालूं?",pregnancy-specific cessation support और clinical advice की ओर route करना,"घर पर जोखिमपूर्ण detox, medication dosing या false reassurance न दें; urgent professional assessment को delay न करें।",Urgent,URGENT_ASSESSMENT,Yes,Draft - Expert Review Required,TOB | Pregnancy Tobacco | Pregnancy Safety | Regular Use | High | TREATMENT | self
TOB_08_2,TOB,"तंबाकू, सिगरेट, बीड़ी, गुटखा एवं Vaping",Pregnancy Tobacco,Family Member,Family Member,Adult / Any age,Tobacco/Nicotine,Regular Use,Pregnancy Safety,High,TREATMENT,"मेरे परिवार के एक सदस्य में गर्भावस्था के दौरान गुटखा, तंबाकू या smoking जारी रहना। हम उसकी सुरक्षित और सही तरीके से मदद कैसे करें?","घर में एक व्यक्ति के साथ गर्भावस्था के दौरान गुटखा, तंबाकू या smoking जारी रहना। हमें क्या करना चाहिए?","मेरे family member में गर्भावस्था के दौरान गुटखा, तंबाकू या smoking जारी रहना। हम help कैसे करें और कब professional help लें?","हमारे घर में एक सदस्य के साथ गर्भावस्था के दौरान गुटखा, तंबाकू या smoking जारी रहना; समझाने और इलाज के लिए क्या तरीका रखें?",pregnancy-specific cessation support और clinical advice की ओर route करना,"घर पर जोखिमपूर्ण detox, medication dosing या false reassurance न दें; urgent professional assessment को delay न करें।",Urgent,URGENT_ASSESSMENT,Yes,Draft - Expert Review Required,TOB | Pregnancy Tobacco | Pregnancy Safety | Regular Use | High | TREATMENT | family
TOB_08_3,TOB,"तंबाकू, सिगरेट, बीड़ी, गुटखा एवं Vaping",Pregnancy Tobacco,General Public,Person with possible substance-use concern,Adult / Any age,Tobacco/Nicotine,Regular Use,Pregnancy Safety,High,TREATMENT,"यदि गर्भावस्था के दौरान गुटखा, तंबाकू या smoking जारी रहना, तो इसका क्या अर्थ हो सकता है और सही अगला कदम क्या होना चाहिए?","अगर गर्भावस्था के दौरान गुटखा, तंबाकू या smoking जारी रहना, तो इसे कितना serious मानें और क्या करें?","अगर गर्भावस्था के दौरान गुटखा, तंबाकू या smoking जारी रहना, तो क्या यह addiction/problem का sign है और next step क्या होना चाहिए?","अगर ऐसी हालत हो कि गर्भावस्था के दौरान गुटखा, तंबाकू या smoking जारी रहना, तो घर वाले क्या समझें और क्या कदम उठाएं?",pregnancy-specific cessation support और clinical advice की ओर route करना,"घर पर जोखिमपूर्ण detox, medication dosing या false reassurance न दें; urgent professional assessment को delay न करें।",Urgent,URGENT_ASSESSMENT,Yes,Draft - Expert Review Required,TOB | Pregnancy Tobacco | Pregnancy Safety | Regular Use | High | TREATMENT | general
TOB_08_4,TOB,"तंबाकू, सिगरेट, बीड़ी, गुटखा एवं Vaping",Pregnancy Tobacco,Helper/Community Member,Other Person,Adult / Any age,Tobacco/Nicotine,Regular Use,Pregnancy Safety,High,TREATMENT,"यदि किसी व्यक्ति में गर्भावस्था के दौरान गुटखा, तंबाकू या smoking जारी रहना, तो उसे उचित सहायता तक कैसे पहुंचाया जाए?","किसी जानने वाले के साथ गर्भावस्था के दौरान गुटखा, तंबाकू या smoking जारी रहना; उसकी मदद कैसे करें?","अगर किसी person में गर्भावस्था के दौरान गुटखा, तंबाकू या smoking जारी रहना, तो safe support और referral कैसे करें?","गांव/मोहल्ले में किसी के साथ गर्भावस्था के दौरान गुटखा, तंबाकू या smoking जारी रहना, तो उसे बिना बदनाम किए मदद तक कैसे पहुंचाएं?",pregnancy-specific cessation support और clinical advice की ओर route करना,"घर पर जोखिमपूर्ण detox, medication dosing या false reassurance न दें; urgent professional assessment को delay न करें।",Urgent,URGENT_ASSESSMENT,Yes,Draft - Expert Review Required,TOB | Pregnancy Tobacco | Pregnancy Safety | Regular Use | High | TREATMENT | helper
TOB_09_1,TOB,"तंबाकू, सिगरेट, बीड़ी, गुटखा एवं Vaping",Quit Weight Gain,Self,Self,Adult / Any age,Tobacco/Nicotine,Recovery,Cessation Support,Routine,MOTIVATE,मेरे साथ तंबाकू छोड़ने के बाद वजन बढ़ने की चिंता होना। मुझे अब क्या करना चाहिए?,मेरे साथ यह हो रहा है कि तंबाकू छोड़ने के बाद वजन बढ़ने की चिंता होना। मैं कैसे संभालूं?,मेरे case में तंबाकू छोड़ने के बाद वजन बढ़ने की चिंता होना। मुझे अभी क्या next step लेना चाहिए?,मुझसे यह दिक्कत हो रही है कि तंबाकू छोड़ने के बाद वजन बढ़ने की चिंता होना; मैं इसे कैसे छोड़ूं या संभालूं?,weight concern को quitting में बाधा न बनने देना और healthy routine बताना,"बिना पर्याप्त जानकारी diagnosis न करें; moral judgement, stigma, shame या guaranteed cure जैसी भाषा से बचें।",No routine escalation,STANDARD,Recommended,Draft - Expert Review Required,TOB | Quit Weight Gain | Cessation Support | Recovery | Routine | MOTIVATE | self
TOB_09_2,TOB,"तंबाकू, सिगरेट, बीड़ी, गुटखा एवं Vaping",Quit Weight Gain,Family Member,Family Member,Adult / Any age,Tobacco/Nicotine,Recovery,Cessation Support,Routine,MOTIVATE,मेरे परिवार के एक सदस्य में तंबाकू छोड़ने के बाद वजन बढ़ने की चिंता होना। हम उसकी सुरक्षित और सही तरीके से मदद कैसे करें?,घर में एक व्यक्ति के साथ तंबाकू छोड़ने के बाद वजन बढ़ने की चिंता होना। हमें क्या करना चाहिए?,मेरे family member में तंबाकू छोड़ने के बाद वजन बढ़ने की चिंता होना। हम help कैसे करें और कब professional help लें?,हमारे घर में एक सदस्य के साथ तंबाकू छोड़ने के बाद वजन बढ़ने की चिंता होना; समझाने और इलाज के लिए क्या तरीका रखें?,weight concern को quitting में बाधा न बनने देना और healthy routine बताना,"बिना पर्याप्त जानकारी diagnosis न करें; moral judgement, stigma, shame या guaranteed cure जैसी भाषा से बचें।",No routine escalation,STANDARD,Recommended,Draft - Expert Review Required,TOB | Quit Weight Gain | Cessation Support | Recovery | Routine | MOTIVATE | family
TOB_09_3,TOB,"तंबाकू, सिगरेट, बीड़ी, गुटखा एवं Vaping",Quit Weight Gain,General Public,Person with possible substance-use concern,Adult / Any age,Tobacco/Nicotine,Recovery,Cessation Support,Routine,MOTIVATE,"यदि तंबाकू छोड़ने के बाद वजन बढ़ने की चिंता होना, तो इसका क्या अर्थ हो सकता है और सही अगला कदम क्या होना चाहिए?","अगर तंबाकू छोड़ने के बाद वजन बढ़ने की चिंता होना, तो इसे कितना serious मानें और क्या करें?","अगर तंबाकू छोड़ने के बाद वजन बढ़ने की चिंता होना, तो क्या यह addiction/problem का sign है और next step क्या होना चाहिए?","अगर ऐसी हालत हो कि तंबाकू छोड़ने के बाद वजन बढ़ने की चिंता होना, तो घर वाले क्या समझें और क्या कदम उठाएं?",weight concern को quitting में बाधा न बनने देना और healthy routine बताना,"बिना पर्याप्त जानकारी diagnosis न करें; moral judgement, stigma, shame या guaranteed cure जैसी भाषा से बचें।",No routine escalation,STANDARD,Recommended,Draft - Expert Review Required,TOB | Quit Weight Gain | Cessation Support | Recovery | Routine | MOTIVATE | general
TOB_09_4,TOB,"तंबाकू, सिगरेट, बीड़ी, गुटखा एवं Vaping",Quit Weight Gain,Helper/Community Member,Other Person,Adult / Any age,Tobacco/Nicotine,Recovery,Cessation Support,Routine,MOTIVATE,"यदि किसी व्यक्ति में तंबाकू छोड़ने के बाद वजन बढ़ने की चिंता होना, तो उसे उचित सहायता तक कैसे पहुंचाया जाए?",किसी जानने वाले के साथ तंबाकू छोड़ने के बाद वजन बढ़ने की चिंता होना; उसकी मदद कैसे करें?,"अगर किसी person में तंबाकू छोड़ने के बाद वजन बढ़ने की चिंता होना, तो safe support और referral कैसे करें?","गांव/मोहल्ले में किसी के साथ तंबाकू छोड़ने के बाद वजन बढ़ने की चिंता होना, तो उसे बिना बदनाम किए मदद तक कैसे पहुंचाएं?",weight concern को quitting में बाधा न बनने देना और healthy routine बताना,"बिना पर्याप्त जानकारी diagnosis न करें; moral judgement, stigma, shame या guaranteed cure जैसी भाषा से बचें।",No routine escalation,STANDARD,Recommended,Draft - Expert Review Required,TOB | Quit Weight Gain | Cessation Support | Recovery | Routine | MOTIVATE | helper
TOB_10_1,TOB,"तंबाकू, सिगरेट, बीड़ी, गुटखा एवं Vaping",Relapse Smoking,Self,Self,Adult / Any age,Tobacco/Nicotine,Relapse,Relapse,Moderate,RELAPSE,मेरे साथ कई महीनों बाद फिर से smoking शुरू हो जाना। मुझे अब क्या करना चाहिए?,मेरे साथ यह हो रहा है कि कई महीनों बाद फिर से smoking शुरू हो जाना। मैं कैसे संभालूं?,मेरे case में कई महीनों बाद फिर से smoking शुरू हो जाना। मुझे अभी क्या next step लेना चाहिए?,मुझसे यह दिक्कत हो रही है कि कई महीनों बाद फिर से smoking शुरू हो जाना; मैं इसे कैसे छोड़ूं या संभालूं?,trigger review और renewed cessation plan सुझाना,"बिना पर्याप्त जानकारी diagnosis न करें; moral judgement, stigma, shame या guaranteed cure जैसी भाषा से बचें।",Conditional,CLINICAL_ASSESSMENT_IF_NEEDED,Recommended,Draft - Expert Review Required,TOB | Relapse Smoking | Relapse | Relapse | Moderate | RELAPSE | self
TOB_10_2,TOB,"तंबाकू, सिगरेट, बीड़ी, गुटखा एवं Vaping",Relapse Smoking,Family Member,Family Member,Adult / Any age,Tobacco/Nicotine,Relapse,Relapse,Moderate,RELAPSE,मेरे परिवार के एक सदस्य में कई महीनों बाद फिर से smoking शुरू हो जाना। हम उसकी सुरक्षित और सही तरीके से मदद कैसे करें?,घर में एक व्यक्ति के साथ कई महीनों बाद फिर से smoking शुरू हो जाना। हमें क्या करना चाहिए?,मेरे family member में कई महीनों बाद फिर से smoking शुरू हो जाना। हम help कैसे करें और कब professional help लें?,हमारे घर में एक सदस्य के साथ कई महीनों बाद फिर से smoking शुरू हो जाना; समझाने और इलाज के लिए क्या तरीका रखें?,trigger review और renewed cessation plan सुझाना,"बिना पर्याप्त जानकारी diagnosis न करें; moral judgement, stigma, shame या guaranteed cure जैसी भाषा से बचें।",Conditional,CLINICAL_ASSESSMENT_IF_NEEDED,Recommended,Draft - Expert Review Required,TOB | Relapse Smoking | Relapse | Relapse | Moderate | RELAPSE | family
TOB_10_3,TOB,"तंबाकू, सिगरेट, बीड़ी, गुटखा एवं Vaping",Relapse Smoking,General Public,Person with possible substance-use concern,Adult / Any age,Tobacco/Nicotine,Relapse,Relapse,Moderate,RELAPSE,"यदि कई महीनों बाद फिर से smoking शुरू हो जाना, तो इसका क्या अर्थ हो सकता है और सही अगला कदम क्या होना चाहिए?","अगर कई महीनों बाद फिर से smoking शुरू हो जाना, तो इसे कितना serious मानें और क्या करें?","अगर कई महीनों बाद फिर से smoking शुरू हो जाना, तो क्या यह addiction/problem का sign है और next step क्या होना चाहिए?","अगर ऐसी हालत हो कि कई महीनों बाद फिर से smoking शुरू हो जाना, तो घर वाले क्या समझें और क्या कदम उठाएं?",trigger review और renewed cessation plan सुझाना,"बिना पर्याप्त जानकारी diagnosis न करें; moral judgement, stigma, shame या guaranteed cure जैसी भाषा से बचें।",Conditional,CLINICAL_ASSESSMENT_IF_NEEDED,Recommended,Draft - Expert Review Required,TOB | Relapse Smoking | Relapse | Relapse | Moderate | RELAPSE | general
TOB_10_4,TOB,"तंबाकू, सिगरेट, बीड़ी, गुटखा एवं Vaping",Relapse Smoking,Helper/Community Member,Other Person,Adult / Any age,Tobacco/Nicotine,Relapse,Relapse,Moderate,RELAPSE,"यदि किसी व्यक्ति में कई महीनों बाद फिर से smoking शुरू हो जाना, तो उसे उचित सहायता तक कैसे पहुंचाया जाए?",किसी जानने वाले के साथ कई महीनों बाद फिर से smoking शुरू हो जाना; उसकी मदद कैसे करें?,"अगर किसी person में कई महीनों बाद फिर से smoking शुरू हो जाना, तो safe support और referral कैसे करें?","गांव/मोहल्ले में किसी के साथ कई महीनों बाद फिर से smoking शुरू हो जाना, तो उसे बिना बदनाम किए मदद तक कैसे पहुंचाएं?",trigger review और renewed cessation plan सुझाना,"बिना पर्याप्त जानकारी diagnosis न करें; moral judgement, stigma, shame या guaranteed cure जैसी भाषा से बचें।",Conditional,CLINICAL_ASSESSMENT_IF_NEEDED,Recommended,Draft - Expert Review Required,TOB | Relapse Smoking | Relapse | Relapse | Moderate | RELAPSE | helper
SUB_01_1,SUB,अन्य पदार्थ एवं Prescription Drug Misuse,Cannabis,Self,Self,Adult / Any age,Other/Prescription/Unknown substance,Regular Use,Risk Education,Moderate,INFO,मेरे साथ गांजा या cannabis को पूरी तरह harmless मानकर नियमित उपयोग करना। मुझे अब क्या करना चाहिए?,मेरे साथ यह हो रहा है कि गांजा या cannabis को पूरी तरह harmless मानकर नियमित उपयोग करना। मैं कैसे संभालूं?,मेरे case में गांजा या cannabis को पूरी तरह harmless मानकर नियमित उपयोग करना। मुझे अभी क्या next step लेना चाहिए?,मुझसे यह दिक्कत हो रही है कि गांजा या cannabis को पूरी तरह harmless मानकर नियमित उपयोग करना; मैं इसे कैसे छोड़ूं या संभालूं?,balanced risk information और problematic use के संकेत बताना,"बिना पर्याप्त जानकारी diagnosis न करें; moral judgement, stigma, shame या guaranteed cure जैसी भाषा से बचें।",Conditional,CLINICAL_ASSESSMENT_IF_NEEDED,Yes,Draft - Expert Review Required,SUB | Cannabis | Risk Education | Regular Use | Moderate | INFO | self
SUB_01_2,SUB,अन्य पदार्थ एवं Prescription Drug Misuse,Cannabis,Family Member,Family Member,Adult / Any age,Other/Prescription/Unknown substance,Regular Use,Risk Education,Moderate,INFO,मेरे परिवार के एक सदस्य में गांजा या cannabis को पूरी तरह harmless मानकर नियमित उपयोग करना। हम उसकी सुरक्षित और सही तरीके से मदद कैसे करें?,घर में एक व्यक्ति के साथ गांजा या cannabis को पूरी तरह harmless मानकर नियमित उपयोग करना। हमें क्या करना चाहिए?,मेरे family member में गांजा या cannabis को पूरी तरह harmless मानकर नियमित उपयोग करना। हम help कैसे करें और कब professional help लें?,हमारे घर में एक सदस्य के साथ गांजा या cannabis को पूरी तरह harmless मानकर नियमित उपयोग करना; समझाने और इलाज के लिए क्या तरीका रखें?,balanced risk information और problematic use के संकेत बताना,"बिना पर्याप्त जानकारी diagnosis न करें; moral judgement, stigma, shame या guaranteed cure जैसी भाषा से बचें।",Conditional,CLINICAL_ASSESSMENT_IF_NEEDED,Yes,Draft - Expert Review Required,SUB | Cannabis | Risk Education | Regular Use | Moderate | INFO | family
SUB_01_3,SUB,अन्य पदार्थ एवं Prescription Drug Misuse,Cannabis,General Public,Person with possible substance-use concern,Adult / Any age,Other/Prescription/Unknown substance,Regular Use,Risk Education,Moderate,INFO,"यदि गांजा या cannabis को पूरी तरह harmless मानकर नियमित उपयोग करना, तो इसका क्या अर्थ हो सकता है और सही अगला कदम क्या होना चाहिए?","अगर गांजा या cannabis को पूरी तरह harmless मानकर नियमित उपयोग करना, तो इसे कितना serious मानें और क्या करें?","अगर गांजा या cannabis को पूरी तरह harmless मानकर नियमित उपयोग करना, तो क्या यह addiction/problem का sign है और next step क्या होना चाहिए?","अगर ऐसी हालत हो कि गांजा या cannabis को पूरी तरह harmless मानकर नियमित उपयोग करना, तो घर वाले क्या समझें और क्या कदम उठाएं?",balanced risk information और problematic use के संकेत बताना,"बिना पर्याप्त जानकारी diagnosis न करें; moral judgement, stigma, shame या guaranteed cure जैसी भाषा से बचें।",Conditional,CLINICAL_ASSESSMENT_IF_NEEDED,Yes,Draft - Expert Review Required,SUB | Cannabis | Risk Education | Regular Use | Moderate | INFO | general
SUB_01_4,SUB,अन्य पदार्थ एवं Prescription Drug Misuse,Cannabis,Helper/Community Member,Other Person,Adult / Any age,Other/Prescription/Unknown substance,Regular Use,Risk Education,Moderate,INFO,"यदि किसी व्यक्ति में गांजा या cannabis को पूरी तरह harmless मानकर नियमित उपयोग करना, तो उसे उचित सहायता तक कैसे पहुंचाया जाए?",किसी जानने वाले के साथ गांजा या cannabis को पूरी तरह harmless मानकर नियमित उपयोग करना; उसकी मदद कैसे करें?,"अगर किसी person में गांजा या cannabis को पूरी तरह harmless मानकर नियमित उपयोग करना, तो safe support और referral कैसे करें?","गांव/मोहल्ले में किसी के साथ गांजा या cannabis को पूरी तरह harmless मानकर नियमित उपयोग करना, तो उसे बिना बदनाम किए मदद तक कैसे पहुंचाएं?",balanced risk information और problematic use के संकेत बताना,"बिना पर्याप्त जानकारी diagnosis न करें; moral judgement, stigma, shame या guaranteed cure जैसी भाषा से बचें।",Conditional,CLINICAL_ASSESSMENT_IF_NEEDED,Yes,Draft - Expert Review Required,SUB | Cannabis | Risk Education | Regular Use | Moderate | INFO | helper
SUB_02_1,SUB,अन्य पदार्थ एवं Prescription Drug Misuse,Opioid Dependence,Self,Self,Adult / Any age,Other/Prescription/Unknown substance,Dependence,Identification,High,TREATMENT,मेरे साथ opioid या अफीम जैसे पदार्थ के बिना शरीर सामान्य न लगना। मुझे अब क्या करना चाहिए?,मेरे साथ यह हो रहा है कि opioid या अफीम जैसे पदार्थ के बिना शरीर सामान्य न लगना। मैं कैसे संभालूं?,मेरे case में opioid या अफीम जैसे पदार्थ के बिना शरीर सामान्य न लगना। मुझे अभी क्या next step लेना चाहिए?,मुझसे यह दिक्कत हो रही है कि opioid या अफीम जैसे पदार्थ के बिना शरीर सामान्य न लगना; मैं इसे कैसे छोड़ूं या संभालूं?,opioid dependence और medically supported treatment की दिशा देना,"घर पर जोखिमपूर्ण detox, medication dosing या false reassurance न दें; urgent professional assessment को delay न करें।",Urgent,URGENT_ASSESSMENT,Yes,Draft - Expert Review Required,SUB | Opioid Dependence | Identification | Dependence | High | TREATMENT | self
SUB_02_2,SUB,अन्य पदार्थ एवं Prescription Drug Misuse,Opioid Dependence,Family Member,Family Member,Adult / Any age,Other/Prescription/Unknown substance,Dependence,Identification,High,TREATMENT,मेरे परिवार के एक सदस्य में opioid या अफीम जैसे पदार्थ के बिना शरीर सामान्य न लगना। हम उसकी सुरक्षित और सही तरीके से मदद कैसे करें?,घर में एक व्यक्ति के साथ opioid या अफीम जैसे पदार्थ के बिना शरीर सामान्य न लगना। हमें क्या करना चाहिए?,मेरे family member में opioid या अफीम जैसे पदार्थ के बिना शरीर सामान्य न लगना। हम help कैसे करें और कब professional help लें?,हमारे घर में एक सदस्य के साथ opioid या अफीम जैसे पदार्थ के बिना शरीर सामान्य न लगना; समझाने और इलाज के लिए क्या तरीका रखें?,opioid dependence और medically supported treatment की दिशा देना,"घर पर जोखिमपूर्ण detox, medication dosing या false reassurance न दें; urgent professional assessment को delay न करें।",Urgent,URGENT_ASSESSMENT,Yes,Draft - Expert Review Required,SUB | Opioid Dependence | Identification | Dependence | High | TREATMENT | family
SUB_02_3,SUB,अन्य पदार्थ एवं Prescription Drug Misuse,Opioid Dependence,General Public,Person with possible substance-use concern,Adult / Any age,Other/Prescription/Unknown substance,Dependence,Identification,High,TREATMENT,"यदि opioid या अफीम जैसे पदार्थ के बिना शरीर सामान्य न लगना, तो इसका क्या अर्थ हो सकता है और सही अगला कदम क्या होना चाहिए?","अगर opioid या अफीम जैसे पदार्थ के बिना शरीर सामान्य न लगना, तो इसे कितना serious मानें और क्या करें?","अगर opioid या अफीम जैसे पदार्थ के बिना शरीर सामान्य न लगना, तो क्या यह addiction/problem का sign है और next step क्या होना चाहिए?","अगर ऐसी हालत हो कि opioid या अफीम जैसे पदार्थ के बिना शरीर सामान्य न लगना, तो घर वाले क्या समझें और क्या कदम उठाएं?",opioid dependence और medically supported treatment की दिशा देना,"घर पर जोखिमपूर्ण detox, medication dosing या false reassurance न दें; urgent professional assessment को delay न करें।",Urgent,URGENT_ASSESSMENT,Yes,Draft - Expert Review Required,SUB | Opioid Dependence | Identification | Dependence | High | TREATMENT | general
SUB_02_4,SUB,अन्य पदार्थ एवं Prescription Drug Misuse,Opioid Dependence,Helper/Community Member,Other Person,Adult / Any age,Other/Prescription/Unknown substance,Dependence,Identification,High,TREATMENT,"यदि किसी व्यक्ति में opioid या अफीम जैसे पदार्थ के बिना शरीर सामान्य न लगना, तो उसे उचित सहायता तक कैसे पहुंचाया जाए?",किसी जानने वाले के साथ opioid या अफीम जैसे पदार्थ के बिना शरीर सामान्य न लगना; उसकी मदद कैसे करें?,"अगर किसी person में opioid या अफीम जैसे पदार्थ के बिना शरीर सामान्य न लगना, तो safe support और referral कैसे करें?","गांव/मोहल्ले में किसी के साथ opioid या अफीम जैसे पदार्थ के बिना शरीर सामान्य न लगना, तो उसे बिना बदनाम किए मदद तक कैसे पहुंचाएं?",opioid dependence और medically supported treatment की दिशा देना,"घर पर जोखिमपूर्ण detox, medication dosing या false reassurance न दें; urgent professional assessment को delay न करें।",Urgent,URGENT_ASSESSMENT,Yes,Draft - Expert Review Required,SUB | Opioid Dependence | Identification | Dependence | High | TREATMENT | helper
SUB_03_1,SUB,अन्य पदार्थ एवं Prescription Drug Misuse,Painkiller Misuse,Self,Self,Adult / Any age,Other/Prescription/Unknown substance,Regular Use,Medication Misuse,High,SCREEN,मेरे साथ दर्द न होने पर भी painkiller या opioid medicine लेने की इच्छा होना। मुझे अब क्या करना चाहिए?,मेरे साथ यह हो रहा है कि दर्द न होने पर भी painkiller या opioid medicine लेने की इच्छा होना। मैं कैसे संभालूं?,मेरे case में दर्द न होने पर भी painkiller या opioid medicine लेने की इच्छा होना। मुझे अभी क्या next step लेना चाहिए?,मुझसे यह दिक्कत हो रही है कि दर्द न होने पर भी painkiller या opioid medicine लेने की इच्छा होना; मैं इसे कैसे छोड़ूं या संभालूं?,misuse signs और prescriber/clinical assessment की जरूरत बताना,"घर पर जोखिमपूर्ण detox, medication dosing या false reassurance न दें; urgent professional assessment को delay न करें।",Urgent,URGENT_ASSESSMENT,Yes,Draft - Expert Review Required,SUB | Painkiller Misuse | Medication Misuse | Regular Use | High | SCREEN | self
SUB_03_2,SUB,अन्य पदार्थ एवं Prescription Drug Misuse,Painkiller Misuse,Family Member,Family Member,Adult / Any age,Other/Prescription/Unknown substance,Regular Use,Medication Misuse,High,SCREEN,मेरे परिवार के एक सदस्य में दर्द न होने पर भी painkiller या opioid medicine लेने की इच्छा होना। हम उसकी सुरक्षित और सही तरीके से मदद कैसे करें?,घर में एक व्यक्ति के साथ दर्द न होने पर भी painkiller या opioid medicine लेने की इच्छा होना। हमें क्या करना चाहिए?,मेरे family member में दर्द न होने पर भी painkiller या opioid medicine लेने की इच्छा होना। हम help कैसे करें और कब professional help लें?,हमारे घर में एक सदस्य के साथ दर्द न होने पर भी painkiller या opioid medicine लेने की इच्छा होना; समझाने और इलाज के लिए क्या तरीका रखें?,misuse signs और prescriber/clinical assessment की जरूरत बताना,"घर पर जोखिमपूर्ण detox, medication dosing या false reassurance न दें; urgent professional assessment को delay न करें।",Urgent,URGENT_ASSESSMENT,Yes,Draft - Expert Review Required,SUB | Painkiller Misuse | Medication Misuse | Regular Use | High | SCREEN | family
SUB_03_3,SUB,अन्य पदार्थ एवं Prescription Drug Misuse,Painkiller Misuse,General Public,Person with possible substance-use concern,Adult / Any age,Other/Prescription/Unknown substance,Regular Use,Medication Misuse,High,SCREEN,"यदि दर्द न होने पर भी painkiller या opioid medicine लेने की इच्छा होना, तो इसका क्या अर्थ हो सकता है और सही अगला कदम क्या होना चाहिए?","अगर दर्द न होने पर भी painkiller या opioid medicine लेने की इच्छा होना, तो इसे कितना serious मानें और क्या करें?","अगर दर्द न होने पर भी painkiller या opioid medicine लेने की इच्छा होना, तो क्या यह addiction/problem का sign है और next step क्या होना चाहिए?","अगर ऐसी हालत हो कि दर्द न होने पर भी painkiller या opioid medicine लेने की इच्छा होना, तो घर वाले क्या समझें और क्या कदम उठाएं?",misuse signs और prescriber/clinical assessment की जरूरत बताना,"घर पर जोखिमपूर्ण detox, medication dosing या false reassurance न दें; urgent professional assessment को delay न करें।",Urgent,URGENT_ASSESSMENT,Yes,Draft - Expert Review Required,SUB | Painkiller Misuse | Medication Misuse | Regular Use | High | SCREEN | general
SUB_03_4,SUB,अन्य पदार्थ एवं Prescription Drug Misuse,Painkiller Misuse,Helper/Community Member,Other Person,Adult / Any age,Other/Prescription/Unknown substance,Regular Use,Medication Misuse,High,SCREEN,"यदि किसी व्यक्ति में दर्द न होने पर भी painkiller या opioid medicine लेने की इच्छा होना, तो उसे उचित सहायता तक कैसे पहुंचाया जाए?",किसी जानने वाले के साथ दर्द न होने पर भी painkiller या opioid medicine लेने की इच्छा होना; उसकी मदद कैसे करें?,"अगर किसी person में दर्द न होने पर भी painkiller या opioid medicine लेने की इच्छा होना, तो safe support और referral कैसे करें?","गांव/मोहल्ले में किसी के साथ दर्द न होने पर भी painkiller या opioid medicine लेने की इच्छा होना, तो उसे बिना बदनाम किए मदद तक कैसे पहुंचाएं?",misuse signs और prescriber/clinical assessment की जरूरत बताना,"घर पर जोखिमपूर्ण detox, medication dosing या false reassurance न दें; urgent professional assessment को delay न करें।",Urgent,URGENT_ASSESSMENT,Yes,Draft - Expert Review Required,SUB | Painkiller Misuse | Medication Misuse | Regular Use | High | SCREEN | helper
SUB_04_1,SUB,अन्य पदार्थ एवं Prescription Drug Misuse,Sleeping Pills,Self,Self,Adult / Any age,Other/Prescription/Unknown substance,Dependence,Medication Misuse,High,TREATMENT,मेरे साथ नींद की गोलियों की मात्रा धीरे-धीरे बढ़ाना। मुझे अब क्या करना चाहिए?,मेरे साथ यह हो रहा है कि नींद की गोलियों की मात्रा धीरे-धीरे बढ़ाना। मैं कैसे संभालूं?,मेरे case में नींद की गोलियों की मात्रा धीरे-धीरे बढ़ाना। मुझे अभी क्या next step लेना चाहिए?,मुझसे यह दिक्कत हो रही है कि नींद की गोलियों की मात्रा धीरे-धीरे बढ़ाना; मैं इसे कैसे छोड़ूं या संभालूं?,abrupt changes से बचना और prescribing clinician review की जरूरत बताना,"घर पर जोखिमपूर्ण detox, medication dosing या false reassurance न दें; urgent professional assessment को delay न करें।",Urgent,URGENT_ASSESSMENT,Yes,Draft - Expert Review Required,SUB | Sleeping Pills | Medication Misuse | Dependence | High | TREATMENT | self
SUB_04_2,SUB,अन्य पदार्थ एवं Prescription Drug Misuse,Sleeping Pills,Family Member,Family Member,Adult / Any age,Other/Prescription/Unknown substance,Dependence,Medication Misuse,High,TREATMENT,मेरे परिवार के एक सदस्य में नींद की गोलियों की मात्रा धीरे-धीरे बढ़ाना। हम उसकी सुरक्षित और सही तरीके से मदद कैसे करें?,घर में एक व्यक्ति के साथ नींद की गोलियों की मात्रा धीरे-धीरे बढ़ाना। हमें क्या करना चाहिए?,मेरे family member में नींद की गोलियों की मात्रा धीरे-धीरे बढ़ाना। हम help कैसे करें और कब professional help लें?,हमारे घर में एक सदस्य के साथ नींद की गोलियों की मात्रा धीरे-धीरे बढ़ाना; समझाने और इलाज के लिए क्या तरीका रखें?,abrupt changes से बचना और prescribing clinician review की जरूरत बताना,"घर पर जोखिमपूर्ण detox, medication dosing या false reassurance न दें; urgent professional assessment को delay न करें।",Urgent,URGENT_ASSESSMENT,Yes,Draft - Expert Review Required,SUB | Sleeping Pills | Medication Misuse | Dependence | High | TREATMENT | family
SUB_04_3,SUB,अन्य पदार्थ एवं Prescription Drug Misuse,Sleeping Pills,General Public,Person with possible substance-use concern,Adult / Any age,Other/Prescription/Unknown substance,Dependence,Medication Misuse,High,TREATMENT,"यदि नींद की गोलियों की मात्रा धीरे-धीरे बढ़ाना, तो इसका क्या अर्थ हो सकता है और सही अगला कदम क्या होना चाहिए?","अगर नींद की गोलियों की मात्रा धीरे-धीरे बढ़ाना, तो इसे कितना serious मानें और क्या करें?","अगर नींद की गोलियों की मात्रा धीरे-धीरे बढ़ाना, तो क्या यह addiction/problem का sign है और next step क्या होना चाहिए?","अगर ऐसी हालत हो कि नींद की गोलियों की मात्रा धीरे-धीरे बढ़ाना, तो घर वाले क्या समझें और क्या कदम उठाएं?",abrupt changes से बचना और prescribing clinician review की जरूरत बताना,"घर पर जोखिमपूर्ण detox, medication dosing या false reassurance न दें; urgent professional assessment को delay न करें।",Urgent,URGENT_ASSESSMENT,Yes,Draft - Expert Review Required,SUB | Sleeping Pills | Medication Misuse | Dependence | High | TREATMENT | general
SUB_04_4,SUB,अन्य पदार्थ एवं Prescription Drug Misuse,Sleeping Pills,Helper/Community Member,Other Person,Adult / Any age,Other/Prescription/Unknown substance,Dependence,Medication Misuse,High,TREATMENT,"यदि किसी व्यक्ति में नींद की गोलियों की मात्रा धीरे-धीरे बढ़ाना, तो उसे उचित सहायता तक कैसे पहुंचाया जाए?",किसी जानने वाले के साथ नींद की गोलियों की मात्रा धीरे-धीरे बढ़ाना; उसकी मदद कैसे करें?,"अगर किसी person में नींद की गोलियों की मात्रा धीरे-धीरे बढ़ाना, तो safe support और referral कैसे करें?","गांव/मोहल्ले में किसी के साथ नींद की गोलियों की मात्रा धीरे-धीरे बढ़ाना, तो उसे बिना बदनाम किए मदद तक कैसे पहुंचाएं?",abrupt changes से बचना और prescribing clinician review की जरूरत बताना,"घर पर जोखिमपूर्ण detox, medication dosing या false reassurance न दें; urgent professional assessment को delay न करें।",Urgent,URGENT_ASSESSMENT,Yes,Draft - Expert Review Required,SUB | Sleeping Pills | Medication Misuse | Dependence | High | TREATMENT | helper
SUB_05_1,SUB,अन्य पदार्थ एवं Prescription Drug Misuse,Cough Syrup,Self,Self,Adult / Any age,Other/Prescription/Unknown substance,Regular Use,Medication Misuse,High,TREATMENT,मेरे साथ नशे के उद्देश्य से cough syrup का बार-बार उपयोग करना। मुझे अब क्या करना चाहिए?,मेरे साथ यह हो रहा है कि नशे के उद्देश्य से cough syrup का बार-बार उपयोग करना। मैं कैसे संभालूं?,मेरे case में नशे के उद्देश्य से cough syrup का बार-बार उपयोग करना। मुझे अभी क्या next step लेना चाहिए?,मुझसे यह दिक्कत हो रही है कि नशे के उद्देश्य से cough syrup का बार-बार उपयोग करना; मैं इसे कैसे छोड़ूं या संभालूं?,misuse risk और professional assessment की दिशा देना,"घर पर जोखिमपूर्ण detox, medication dosing या false reassurance न दें; urgent professional assessment को delay न करें।",Urgent,URGENT_ASSESSMENT,Yes,Draft - Expert Review Required,SUB | Cough Syrup | Medication Misuse | Regular Use | High | TREATMENT | self
SUB_05_2,SUB,अन्य पदार्थ एवं Prescription Drug Misuse,Cough Syrup,Family Member,Family Member,Adult / Any age,Other/Prescription/Unknown substance,Regular Use,Medication Misuse,High,TREATMENT,मेरे परिवार के एक सदस्य में नशे के उद्देश्य से cough syrup का बार-बार उपयोग करना। हम उसकी सुरक्षित और सही तरीके से मदद कैसे करें?,घर में एक व्यक्ति के साथ नशे के उद्देश्य से cough syrup का बार-बार उपयोग करना। हमें क्या करना चाहिए?,मेरे family member में नशे के उद्देश्य से cough syrup का बार-बार उपयोग करना। हम help कैसे करें और कब professional help लें?,हमारे घर में एक सदस्य के साथ नशे के उद्देश्य से cough syrup का बार-बार उपयोग करना; समझाने और इलाज के लिए क्या तरीका रखें?,misuse risk और professional assessment की दिशा देना,"घर पर जोखिमपूर्ण detox, medication dosing या false reassurance न दें; urgent professional assessment को delay न करें।",Urgent,URGENT_ASSESSMENT,Yes,Draft - Expert Review Required,SUB | Cough Syrup | Medication Misuse | Regular Use | High | TREATMENT | family
SUB_05_3,SUB,अन्य पदार्थ एवं Prescription Drug Misuse,Cough Syrup,General Public,Person with possible substance-use concern,Adult / Any age,Other/Prescription/Unknown substance,Regular Use,Medication Misuse,High,TREATMENT,"यदि नशे के उद्देश्य से cough syrup का बार-बार उपयोग करना, तो इसका क्या अर्थ हो सकता है और सही अगला कदम क्या होना चाहिए?","अगर नशे के उद्देश्य से cough syrup का बार-बार उपयोग करना, तो इसे कितना serious मानें और क्या करें?","अगर नशे के उद्देश्य से cough syrup का बार-बार उपयोग करना, तो क्या यह addiction/problem का sign है और next step क्या होना चाहिए?","अगर ऐसी हालत हो कि नशे के उद्देश्य से cough syrup का बार-बार उपयोग करना, तो घर वाले क्या समझें और क्या कदम उठाएं?",misuse risk और professional assessment की दिशा देना,"घर पर जोखिमपूर्ण detox, medication dosing या false reassurance न दें; urgent professional assessment को delay न करें।",Urgent,URGENT_ASSESSMENT,Yes,Draft - Expert Review Required,SUB | Cough Syrup | Medication Misuse | Regular Use | High | TREATMENT | general
SUB_05_4,SUB,अन्य पदार्थ एवं Prescription Drug Misuse,Cough Syrup,Helper/Community Member,Other Person,Adult / Any age,Other/Prescription/Unknown substance,Regular Use,Medication Misuse,High,TREATMENT,"यदि किसी व्यक्ति में नशे के उद्देश्य से cough syrup का बार-बार उपयोग करना, तो उसे उचित सहायता तक कैसे पहुंचाया जाए?",किसी जानने वाले के साथ नशे के उद्देश्य से cough syrup का बार-बार उपयोग करना; उसकी मदद कैसे करें?,"अगर किसी person में नशे के उद्देश्य से cough syrup का बार-बार उपयोग करना, तो safe support और referral कैसे करें?","गांव/मोहल्ले में किसी के साथ नशे के उद्देश्य से cough syrup का बार-बार उपयोग करना, तो उसे बिना बदनाम किए मदद तक कैसे पहुंचाएं?",misuse risk और professional assessment की दिशा देना,"घर पर जोखिमपूर्ण detox, medication dosing या false reassurance न दें; urgent professional assessment को delay न करें।",Urgent,URGENT_ASSESSMENT,Yes,Draft - Expert Review Required,SUB | Cough Syrup | Medication Misuse | Regular Use | High | TREATMENT | helper
SUB_06_1,SUB,अन्य पदार्थ एवं Prescription Drug Misuse,Inhalants,Self,Self,Adult / Any age,Other/Prescription/Unknown substance,Experimentation,Youth Safety,High,ACTION,"मेरे साथ किशोर का correction fluid, thinner या अन्य fumes सूंघना। मुझे अब क्या करना चाहिए?","मेरे साथ यह हो रहा है कि किशोर का correction fluid, thinner या अन्य fumes सूंघना। मैं कैसे संभालूं?","मेरे case में किशोर का correction fluid, thinner या अन्य fumes सूंघना। मुझे अभी क्या next step लेना चाहिए?","मुझसे यह दिक्कत हो रही है कि किशोर का correction fluid, thinner या अन्य fumes सूंघना; मैं इसे कैसे छोड़ूं या संभालूं?",acute toxicity risk और prompt adult/medical evaluation बताना,"घर पर जोखिमपूर्ण detox, medication dosing या false reassurance न दें; urgent professional assessment को delay न करें।",Urgent,URGENT_ASSESSMENT,Yes,Draft - Expert Review Required,SUB | Inhalants | Youth Safety | Experimentation | High | ACTION | self
SUB_06_2,SUB,अन्य पदार्थ एवं Prescription Drug Misuse,Inhalants,Family Member,Family Member,Adult / Any age,Other/Prescription/Unknown substance,Experimentation,Youth Safety,High,ACTION,"मेरे परिवार के एक सदस्य में किशोर का correction fluid, thinner या अन्य fumes सूंघना। हम उसकी सुरक्षित और सही तरीके से मदद कैसे करें?","घर में एक व्यक्ति के साथ किशोर का correction fluid, thinner या अन्य fumes सूंघना। हमें क्या करना चाहिए?","मेरे family member में किशोर का correction fluid, thinner या अन्य fumes सूंघना। हम help कैसे करें और कब professional help लें?","हमारे घर में एक सदस्य के साथ किशोर का correction fluid, thinner या अन्य fumes सूंघना; समझाने और इलाज के लिए क्या तरीका रखें?",acute toxicity risk और prompt adult/medical evaluation बताना,"घर पर जोखिमपूर्ण detox, medication dosing या false reassurance न दें; urgent professional assessment को delay न करें।",Urgent,URGENT_ASSESSMENT,Yes,Draft - Expert Review Required,SUB | Inhalants | Youth Safety | Experimentation | High | ACTION | family
SUB_06_3,SUB,अन्य पदार्थ एवं Prescription Drug Misuse,Inhalants,General Public,Person with possible substance-use concern,Adult / Any age,Other/Prescription/Unknown substance,Experimentation,Youth Safety,High,ACTION,"यदि किशोर का correction fluid, thinner या अन्य fumes सूंघना, तो इसका क्या अर्थ हो सकता है और सही अगला कदम क्या होना चाहिए?","अगर किशोर का correction fluid, thinner या अन्य fumes सूंघना, तो इसे कितना serious मानें और क्या करें?","अगर किशोर का correction fluid, thinner या अन्य fumes सूंघना, तो क्या यह addiction/problem का sign है और next step क्या होना चाहिए?","अगर ऐसी हालत हो कि किशोर का correction fluid, thinner या अन्य fumes सूंघना, तो घर वाले क्या समझें और क्या कदम उठाएं?",acute toxicity risk और prompt adult/medical evaluation बताना,"घर पर जोखिमपूर्ण detox, medication dosing या false reassurance न दें; urgent professional assessment को delay न करें।",Urgent,URGENT_ASSESSMENT,Yes,Draft - Expert Review Required,SUB | Inhalants | Youth Safety | Experimentation | High | ACTION | general
SUB_06_4,SUB,अन्य पदार्थ एवं Prescription Drug Misuse,Inhalants,Helper/Community Member,Other Person,Adult / Any age,Other/Prescription/Unknown substance,Experimentation,Youth Safety,High,ACTION,"यदि किसी व्यक्ति में किशोर का correction fluid, thinner या अन्य fumes सूंघना, तो उसे उचित सहायता तक कैसे पहुंचाया जाए?","किसी जानने वाले के साथ किशोर का correction fluid, thinner या अन्य fumes सूंघना; उसकी मदद कैसे करें?","अगर किसी person में किशोर का correction fluid, thinner या अन्य fumes सूंघना, तो safe support और referral कैसे करें?","गांव/मोहल्ले में किसी के साथ किशोर का correction fluid, thinner या अन्य fumes सूंघना, तो उसे बिना बदनाम किए मदद तक कैसे पहुंचाएं?",acute toxicity risk और prompt adult/medical evaluation बताना,"घर पर जोखिमपूर्ण detox, medication dosing या false reassurance न दें; urgent professional assessment को delay न करें।",Urgent,URGENT_ASSESSMENT,Yes,Draft - Expert Review Required,SUB | Inhalants | Youth Safety | Experimentation | High | ACTION | helper
SUB_07_1,SUB,अन्य पदार्थ एवं Prescription Drug Misuse,Unknown Pills,Self,Self,Adult / Any age,Other/Prescription/Unknown substance,Experimentation,Unknown Substance Safety,High,PREVENT,मेरे साथ दोस्त से मिली अनजान गोली लेना या लेने का विचार होना। मुझे अब क्या करना चाहिए?,मेरे साथ यह हो रहा है कि दोस्त से मिली अनजान गोली लेना या लेने का विचार होना। मैं कैसे संभालूं?,मेरे case में दोस्त से मिली अनजान गोली लेना या लेने का विचार होना। मुझे अभी क्या next step लेना चाहिए?,मुझसे यह दिक्कत हो रही है कि दोस्त से मिली अनजान गोली लेना या लेने का विचार होना; मैं इसे कैसे छोड़ूं या संभालूं?,unknown composition risk और use रोकने की सलाह देना,"घर पर जोखिमपूर्ण detox, medication dosing या false reassurance न दें; urgent professional assessment को delay न करें।",Urgent,URGENT_ASSESSMENT,Yes,Draft - Expert Review Required,SUB | Unknown Pills | Unknown Substance Safety | Experimentation | High | PREVENT | self
SUB_07_2,SUB,अन्य पदार्थ एवं Prescription Drug Misuse,Unknown Pills,Family Member,Family Member,Adult / Any age,Other/Prescription/Unknown substance,Experimentation,Unknown Substance Safety,High,PREVENT,मेरे परिवार के एक सदस्य में दोस्त से मिली अनजान गोली लेना या लेने का विचार होना। हम उसकी सुरक्षित और सही तरीके से मदद कैसे करें?,घर में एक व्यक्ति के साथ दोस्त से मिली अनजान गोली लेना या लेने का विचार होना। हमें क्या करना चाहिए?,मेरे family member में दोस्त से मिली अनजान गोली लेना या लेने का विचार होना। हम help कैसे करें और कब professional help लें?,हमारे घर में एक सदस्य के साथ दोस्त से मिली अनजान गोली लेना या लेने का विचार होना; समझाने और इलाज के लिए क्या तरीका रखें?,unknown composition risk और use रोकने की सलाह देना,"घर पर जोखिमपूर्ण detox, medication dosing या false reassurance न दें; urgent professional assessment को delay न करें।",Urgent,URGENT_ASSESSMENT,Yes,Draft - Expert Review Required,SUB | Unknown Pills | Unknown Substance Safety | Experimentation | High | PREVENT | family
SUB_07_3,SUB,अन्य पदार्थ एवं Prescription Drug Misuse,Unknown Pills,General Public,Person with possible substance-use concern,Adult / Any age,Other/Prescription/Unknown substance,Experimentation,Unknown Substance Safety,High,PREVENT,"यदि दोस्त से मिली अनजान गोली लेना या लेने का विचार होना, तो इसका क्या अर्थ हो सकता है और सही अगला कदम क्या होना चाहिए?","अगर दोस्त से मिली अनजान गोली लेना या लेने का विचार होना, तो इसे कितना serious मानें और क्या करें?","अगर दोस्त से मिली अनजान गोली लेना या लेने का विचार होना, तो क्या यह addiction/problem का sign है और next step क्या होना चाहिए?","अगर ऐसी हालत हो कि दोस्त से मिली अनजान गोली लेना या लेने का विचार होना, तो घर वाले क्या समझें और क्या कदम उठाएं?",unknown composition risk और use रोकने की सलाह देना,"घर पर जोखिमपूर्ण detox, medication dosing या false reassurance न दें; urgent professional assessment को delay न करें।",Urgent,URGENT_ASSESSMENT,Yes,Draft - Expert Review Required,SUB | Unknown Pills | Unknown Substance Safety | Experimentation | High | PREVENT | general
SUB_07_4,SUB,अन्य पदार्थ एवं Prescription Drug Misuse,Unknown Pills,Helper/Community Member,Other Person,Adult / Any age,Other/Prescription/Unknown substance,Experimentation,Unknown Substance Safety,High,PREVENT,"यदि किसी व्यक्ति में दोस्त से मिली अनजान गोली लेना या लेने का विचार होना, तो उसे उचित सहायता तक कैसे पहुंचाया जाए?",किसी जानने वाले के साथ दोस्त से मिली अनजान गोली लेना या लेने का विचार होना; उसकी मदद कैसे करें?,"अगर किसी person में दोस्त से मिली अनजान गोली लेना या लेने का विचार होना, तो safe support और referral कैसे करें?","गांव/मोहल्ले में किसी के साथ दोस्त से मिली अनजान गोली लेना या लेने का विचार होना, तो उसे बिना बदनाम किए मदद तक कैसे पहुंचाएं?",unknown composition risk और use रोकने की सलाह देना,"घर पर जोखिमपूर्ण detox, medication dosing या false reassurance न दें; urgent professional assessment को delay न करें।",Urgent,URGENT_ASSESSMENT,Yes,Draft - Expert Review Required,SUB | Unknown Pills | Unknown Substance Safety | Experimentation | High | PREVENT | helper
SUB_08_1,SUB,अन्य पदार्थ एवं Prescription Drug Misuse,Mixing Substances,Self,Self,Adult / Any age,Other/Prescription/Unknown substance,Regular Use,Polysubstance Risk,High,ACTION,मेरे साथ एक साथ दो या अधिक नशीले पदार्थ लेना। मुझे अब क्या करना चाहिए?,मेरे साथ यह हो रहा है कि एक साथ दो या अधिक नशीले पदार्थ लेना। मैं कैसे संभालूं?,मेरे case में एक साथ दो या अधिक नशीले पदार्थ लेना। मुझे अभी क्या next step लेना चाहिए?,मुझसे यह दिक्कत हो रही है कि एक साथ दो या अधिक नशीले पदार्थ लेना; मैं इसे कैसे छोड़ूं या संभालूं?,interaction/overdose risk और urgent assessment की जरूरत बताना,"घर पर जोखिमपूर्ण detox, medication dosing या false reassurance न दें; urgent professional assessment को delay न करें।",Urgent,URGENT_ASSESSMENT,Yes,Draft - Expert Review Required,SUB | Mixing Substances | Polysubstance Risk | Regular Use | High | ACTION | self
SUB_08_2,SUB,अन्य पदार्थ एवं Prescription Drug Misuse,Mixing Substances,Family Member,Family Member,Adult / Any age,Other/Prescription/Unknown substance,Regular Use,Polysubstance Risk,High,ACTION,मेरे परिवार के एक सदस्य में एक साथ दो या अधिक नशीले पदार्थ लेना। हम उसकी सुरक्षित और सही तरीके से मदद कैसे करें?,घर में एक व्यक्ति के साथ एक साथ दो या अधिक नशीले पदार्थ लेना। हमें क्या करना चाहिए?,मेरे family member में एक साथ दो या अधिक नशीले पदार्थ लेना। हम help कैसे करें और कब professional help लें?,हमारे घर में एक सदस्य के साथ एक साथ दो या अधिक नशीले पदार्थ लेना; समझाने और इलाज के लिए क्या तरीका रखें?,interaction/overdose risk और urgent assessment की जरूरत बताना,"घर पर जोखिमपूर्ण detox, medication dosing या false reassurance न दें; urgent professional assessment को delay न करें।",Urgent,URGENT_ASSESSMENT,Yes,Draft - Expert Review Required,SUB | Mixing Substances | Polysubstance Risk | Regular Use | High | ACTION | family
SUB_08_3,SUB,अन्य पदार्थ एवं Prescription Drug Misuse,Mixing Substances,General Public,Person with possible substance-use concern,Adult / Any age,Other/Prescription/Unknown substance,Regular Use,Polysubstance Risk,High,ACTION,"यदि एक साथ दो या अधिक नशीले पदार्थ लेना, तो इसका क्या अर्थ हो सकता है और सही अगला कदम क्या होना चाहिए?","अगर एक साथ दो या अधिक नशीले पदार्थ लेना, तो इसे कितना serious मानें और क्या करें?","अगर एक साथ दो या अधिक नशीले पदार्थ लेना, तो क्या यह addiction/problem का sign है और next step क्या होना चाहिए?","अगर ऐसी हालत हो कि एक साथ दो या अधिक नशीले पदार्थ लेना, तो घर वाले क्या समझें और क्या कदम उठाएं?",interaction/overdose risk और urgent assessment की जरूरत बताना,"घर पर जोखिमपूर्ण detox, medication dosing या false reassurance न दें; urgent professional assessment को delay न करें।",Urgent,URGENT_ASSESSMENT,Yes,Draft - Expert Review Required,SUB | Mixing Substances | Polysubstance Risk | Regular Use | High | ACTION | general
SUB_08_4,SUB,अन्य पदार्थ एवं Prescription Drug Misuse,Mixing Substances,Helper/Community Member,Other Person,Adult / Any age,Other/Prescription/Unknown substance,Regular Use,Polysubstance Risk,High,ACTION,"यदि किसी व्यक्ति में एक साथ दो या अधिक नशीले पदार्थ लेना, तो उसे उचित सहायता तक कैसे पहुंचाया जाए?",किसी जानने वाले के साथ एक साथ दो या अधिक नशीले पदार्थ लेना; उसकी मदद कैसे करें?,"अगर किसी person में एक साथ दो या अधिक नशीले पदार्थ लेना, तो safe support और referral कैसे करें?","गांव/मोहल्ले में किसी के साथ एक साथ दो या अधिक नशीले पदार्थ लेना, तो उसे बिना बदनाम किए मदद तक कैसे पहुंचाएं?",interaction/overdose risk और urgent assessment की जरूरत बताना,"घर पर जोखिमपूर्ण detox, medication dosing या false reassurance न दें; urgent professional assessment को delay न करें।",Urgent,URGENT_ASSESSMENT,Yes,Draft - Expert Review Required,SUB | Mixing Substances | Polysubstance Risk | Regular Use | High | ACTION | helper
SUB_09_1,SUB,अन्य पदार्थ एवं Prescription Drug Misuse,Synthetic Drug,Self,Self,Adult / Any age,Other/Prescription/Unknown substance,Occasional Use,Unknown Substance Safety,High,ACTION,मेरे साथ नाम या composition पता न होने वाली synthetic drug का उपयोग करना। मुझे अब क्या करना चाहिए?,मेरे साथ यह हो रहा है कि नाम या composition पता न होने वाली synthetic drug का उपयोग करना। मैं कैसे संभालूं?,मेरे case में नाम या composition पता न होने वाली synthetic drug का उपयोग करना। मुझे अभी क्या next step लेना चाहिए?,मुझसे यह दिक्कत हो रही है कि नाम या composition पता न होने वाली synthetic drug का उपयोग करना; मैं इसे कैसे छोड़ूं या संभालूं?,unpredictable potency risk और medical help thresholds बताना,"घर पर जोखिमपूर्ण detox, medication dosing या false reassurance न दें; urgent professional assessment को delay न करें।",Urgent,URGENT_ASSESSMENT,Yes,Draft - Expert Review Required,SUB | Synthetic Drug | Unknown Substance Safety | Occasional Use | High | ACTION | self
SUB_09_2,SUB,अन्य पदार्थ एवं Prescription Drug Misuse,Synthetic Drug,Family Member,Family Member,Adult / Any age,Other/Prescription/Unknown substance,Occasional Use,Unknown Substance Safety,High,ACTION,मेरे परिवार के एक सदस्य में नाम या composition पता न होने वाली synthetic drug का उपयोग करना। हम उसकी सुरक्षित और सही तरीके से मदद कैसे करें?,घर में एक व्यक्ति के साथ नाम या composition पता न होने वाली synthetic drug का उपयोग करना। हमें क्या करना चाहिए?,मेरे family member में नाम या composition पता न होने वाली synthetic drug का उपयोग करना। हम help कैसे करें और कब professional help लें?,हमारे घर में एक सदस्य के साथ नाम या composition पता न होने वाली synthetic drug का उपयोग करना; समझाने और इलाज के लिए क्या तरीका रखें?,unpredictable potency risk और medical help thresholds बताना,"घर पर जोखिमपूर्ण detox, medication dosing या false reassurance न दें; urgent professional assessment को delay न करें।",Urgent,URGENT_ASSESSMENT,Yes,Draft - Expert Review Required,SUB | Synthetic Drug | Unknown Substance Safety | Occasional Use | High | ACTION | family
SUB_09_3,SUB,अन्य पदार्थ एवं Prescription Drug Misuse,Synthetic Drug,General Public,Person with possible substance-use concern,Adult / Any age,Other/Prescription/Unknown substance,Occasional Use,Unknown Substance Safety,High,ACTION,"यदि नाम या composition पता न होने वाली synthetic drug का उपयोग करना, तो इसका क्या अर्थ हो सकता है और सही अगला कदम क्या होना चाहिए?","अगर नाम या composition पता न होने वाली synthetic drug का उपयोग करना, तो इसे कितना serious मानें और क्या करें?","अगर नाम या composition पता न होने वाली synthetic drug का उपयोग करना, तो क्या यह addiction/problem का sign है और next step क्या होना चाहिए?","अगर ऐसी हालत हो कि नाम या composition पता न होने वाली synthetic drug का उपयोग करना, तो घर वाले क्या समझें और क्या कदम उठाएं?",unpredictable potency risk और medical help thresholds बताना,"घर पर जोखिमपूर्ण detox, medication dosing या false reassurance न दें; urgent professional assessment को delay न करें।",Urgent,URGENT_ASSESSMENT,Yes,Draft - Expert Review Required,SUB | Synthetic Drug | Unknown Substance Safety | Occasional Use | High | ACTION | general
SUB_09_4,SUB,अन्य पदार्थ एवं Prescription Drug Misuse,Synthetic Drug,Helper/Community Member,Other Person,Adult / Any age,Other/Prescription/Unknown substance,Occasional Use,Unknown Substance Safety,High,ACTION,"यदि किसी व्यक्ति में नाम या composition पता न होने वाली synthetic drug का उपयोग करना, तो उसे उचित सहायता तक कैसे पहुंचाया जाए?",किसी जानने वाले के साथ नाम या composition पता न होने वाली synthetic drug का उपयोग करना; उसकी मदद कैसे करें?,"अगर किसी person में नाम या composition पता न होने वाली synthetic drug का उपयोग करना, तो safe support और referral कैसे करें?","गांव/मोहल्ले में किसी के साथ नाम या composition पता न होने वाली synthetic drug का उपयोग करना, तो उसे बिना बदनाम किए मदद तक कैसे पहुंचाएं?",unpredictable potency risk और medical help thresholds बताना,"घर पर जोखिमपूर्ण detox, medication dosing या false reassurance न दें; urgent professional assessment को delay न करें।",Urgent,URGENT_ASSESSMENT,Yes,Draft - Expert Review Required,SUB | Synthetic Drug | Unknown Substance Safety | Occasional Use | High | ACTION | helper
SUB_10_1,SUB,अन्य पदार्थ एवं Prescription Drug Misuse,Prescription Sharing,Self,Self,Adult / Any age,Other/Prescription/Unknown substance,Experimentation,Medication Safety,High,PREVENT,मेरे साथ किसी और की anxiety या sleeping medicine खुद लेना। मुझे अब क्या करना चाहिए?,मेरे साथ यह हो रहा है कि किसी और की anxiety या sleeping medicine खुद लेना। मैं कैसे संभालूं?,मेरे case में किसी और की anxiety या sleeping medicine खुद लेना। मुझे अभी क्या next step लेना चाहिए?,मुझसे यह दिक्कत हो रही है कि किसी और की anxiety या sleeping medicine खुद लेना; मैं इसे कैसे छोड़ूं या संभालूं?,prescription sharing से बचाव और qualified assessment बताना,"घर पर जोखिमपूर्ण detox, medication dosing या false reassurance न दें; urgent professional assessment को delay न करें।",Urgent,URGENT_ASSESSMENT,Yes,Draft - Expert Review Required,SUB | Prescription Sharing | Medication Safety | Experimentation | High | PREVENT | self
SUB_10_2,SUB,अन्य पदार्थ एवं Prescription Drug Misuse,Prescription Sharing,Family Member,Family Member,Adult / Any age,Other/Prescription/Unknown substance,Experimentation,Medication Safety,High,PREVENT,मेरे परिवार के एक सदस्य में किसी और की anxiety या sleeping medicine खुद लेना। हम उसकी सुरक्षित और सही तरीके से मदद कैसे करें?,घर में एक व्यक्ति के साथ किसी और की anxiety या sleeping medicine खुद लेना। हमें क्या करना चाहिए?,मेरे family member में किसी और की anxiety या sleeping medicine खुद लेना। हम help कैसे करें और कब professional help लें?,हमारे घर में एक सदस्य के साथ किसी और की anxiety या sleeping medicine खुद लेना; समझाने और इलाज के लिए क्या तरीका रखें?,prescription sharing से बचाव और qualified assessment बताना,"घर पर जोखिमपूर्ण detox, medication dosing या false reassurance न दें; urgent professional assessment को delay न करें।",Urgent,URGENT_ASSESSMENT,Yes,Draft - Expert Review Required,SUB | Prescription Sharing | Medication Safety | Experimentation | High | PREVENT | family
SUB_10_3,SUB,अन्य पदार्थ एवं Prescription Drug Misuse,Prescription Sharing,General Public,Person with possible substance-use concern,Adult / Any age,Other/Prescription/Unknown substance,Experimentation,Medication Safety,High,PREVENT,"यदि किसी और की anxiety या sleeping medicine खुद लेना, तो इसका क्या अर्थ हो सकता है और सही अगला कदम क्या होना चाहिए?","अगर किसी और की anxiety या sleeping medicine खुद लेना, तो इसे कितना serious मानें और क्या करें?","अगर किसी और की anxiety या sleeping medicine खुद लेना, तो क्या यह addiction/problem का sign है और next step क्या होना चाहिए?","अगर ऐसी हालत हो कि किसी और की anxiety या sleeping medicine खुद लेना, तो घर वाले क्या समझें और क्या कदम उठाएं?",prescription sharing से बचाव और qualified assessment बताना,"घर पर जोखिमपूर्ण detox, medication dosing या false reassurance न दें; urgent professional assessment को delay न करें।",Urgent,URGENT_ASSESSMENT,Yes,Draft - Expert Review Required,SUB | Prescription Sharing | Medication Safety | Experimentation | High | PREVENT | general
SUB_10_4,SUB,अन्य पदार्थ एवं Prescription Drug Misuse,Prescription Sharing,Helper/Community Member,Other Person,Adult / Any age,Other/Prescription/Unknown substance,Experimentation,Medication Safety,High,PREVENT,"यदि किसी व्यक्ति में किसी और की anxiety या sleeping medicine खुद लेना, तो उसे उचित सहायता तक कैसे पहुंचाया जाए?",किसी जानने वाले के साथ किसी और की anxiety या sleeping medicine खुद लेना; उसकी मदद कैसे करें?,"अगर किसी person में किसी और की anxiety या sleeping medicine खुद लेना, तो safe support और referral कैसे करें?","गांव/मोहल्ले में किसी के साथ किसी और की anxiety या sleeping medicine खुद लेना, तो उसे बिना बदनाम किए मदद तक कैसे पहुंचाएं?",prescription sharing से बचाव और qualified assessment बताना,"घर पर जोखिमपूर्ण detox, medication dosing या false reassurance न दें; urgent professional assessment को delay न करें।",Urgent,URGENT_ASSESSMENT,Yes,Draft - Expert Review Required,SUB | Prescription Sharing | Medication Safety | Experimentation | High | PREVENT | helper
QUT_01_1,QUT,नशा छोड़ना एवं Motivation,First Step,Self,Self,Adult / Any age,Any / Not specified,Regular Use,Motivation,Moderate,MOTIVATE,मेरे साथ नशा छोड़ने की इच्छा तो होना लेकिन शुरुआत कहां से करें यह न समझना। मुझे अब क्या करना चाहिए?,मेरे साथ यह हो रहा है कि नशा छोड़ने की इच्छा तो होना लेकिन शुरुआत कहां से करें यह न समझना। मैं कैसे संभालूं?,मेरे case में नशा छोड़ने की इच्छा तो होना लेकिन शुरुआत कहां से करें यह न समझना। मुझे अभी क्या next step लेना चाहिए?,मुझसे यह दिक्कत हो रही है कि नशा छोड़ने की इच्छा तो होना लेकिन शुरुआत कहां से करें यह न समझना; मैं इसे कैसे छोड़ूं या संभालूं?,"readiness, assessment और practical first steps बताना","बिना पर्याप्त जानकारी diagnosis न करें; moral judgement, stigma, shame या guaranteed cure जैसी भाषा से बचें।",Conditional,CLINICAL_ASSESSMENT_IF_NEEDED,Recommended,Draft - Expert Review Required,QUT | First Step | Motivation | Regular Use | Moderate | MOTIVATE | self
QUT_01_2,QUT,नशा छोड़ना एवं Motivation,First Step,Family Member,Family Member,Adult / Any age,Any / Not specified,Regular Use,Motivation,Moderate,MOTIVATE,मेरे परिवार के एक सदस्य में नशा छोड़ने की इच्छा तो होना लेकिन शुरुआत कहां से करें यह न समझना। हम उसकी सुरक्षित और सही तरीके से मदद कैसे करें?,घर में एक व्यक्ति के साथ नशा छोड़ने की इच्छा तो होना लेकिन शुरुआत कहां से करें यह न समझना। हमें क्या करना चाहिए?,मेरे family member में नशा छोड़ने की इच्छा तो होना लेकिन शुरुआत कहां से करें यह न समझना। हम help कैसे करें और कब professional help लें?,हमारे घर में एक सदस्य के साथ नशा छोड़ने की इच्छा तो होना लेकिन शुरुआत कहां से करें यह न समझना; समझाने और इलाज के लिए क्या तरीका रखें?,"readiness, assessment और practical first steps बताना","बिना पर्याप्त जानकारी diagnosis न करें; moral judgement, stigma, shame या guaranteed cure जैसी भाषा से बचें।",Conditional,CLINICAL_ASSESSMENT_IF_NEEDED,Recommended,Draft - Expert Review Required,QUT | First Step | Motivation | Regular Use | Moderate | MOTIVATE | family
QUT_01_3,QUT,नशा छोड़ना एवं Motivation,First Step,General Public,Person with possible substance-use concern,Adult / Any age,Any / Not specified,Regular Use,Motivation,Moderate,MOTIVATE,"यदि नशा छोड़ने की इच्छा तो होना लेकिन शुरुआत कहां से करें यह न समझना, तो इसका क्या अर्थ हो सकता है और सही अगला कदम क्या होना चाहिए?","अगर नशा छोड़ने की इच्छा तो होना लेकिन शुरुआत कहां से करें यह न समझना, तो इसे कितना serious मानें और क्या करें?","अगर नशा छोड़ने की इच्छा तो होना लेकिन शुरुआत कहां से करें यह न समझना, तो क्या यह addiction/problem का sign है और next step क्या होना चाहिए?","अगर ऐसी हालत हो कि नशा छोड़ने की इच्छा तो होना लेकिन शुरुआत कहां से करें यह न समझना, तो घर वाले क्या समझें और क्या कदम उठाएं?","readiness, assessment और practical first steps बताना","बिना पर्याप्त जानकारी diagnosis न करें; moral judgement, stigma, shame या guaranteed cure जैसी भाषा से बचें।",Conditional,CLINICAL_ASSESSMENT_IF_NEEDED,Recommended,Draft - Expert Review Required,QUT | First Step | Motivation | Regular Use | Moderate | MOTIVATE | general
QUT_01_4,QUT,नशा छोड़ना एवं Motivation,First Step,Helper/Community Member,Other Person,Adult / Any age,Any / Not specified,Regular Use,Motivation,Moderate,MOTIVATE,"यदि किसी व्यक्ति में नशा छोड़ने की इच्छा तो होना लेकिन शुरुआत कहां से करें यह न समझना, तो उसे उचित सहायता तक कैसे पहुंचाया जाए?",किसी जानने वाले के साथ नशा छोड़ने की इच्छा तो होना लेकिन शुरुआत कहां से करें यह न समझना; उसकी मदद कैसे करें?,"अगर किसी person में नशा छोड़ने की इच्छा तो होना लेकिन शुरुआत कहां से करें यह न समझना, तो safe support और referral कैसे करें?","गांव/मोहल्ले में किसी के साथ नशा छोड़ने की इच्छा तो होना लेकिन शुरुआत कहां से करें यह न समझना, तो उसे बिना बदनाम किए मदद तक कैसे पहुंचाएं?","readiness, assessment और practical first steps बताना","बिना पर्याप्त जानकारी diagnosis न करें; moral judgement, stigma, shame या guaranteed cure जैसी भाषा से बचें।",Conditional,CLINICAL_ASSESSMENT_IF_NEEDED,Recommended,Draft - Expert Review Required,QUT | First Step | Motivation | Regular Use | Moderate | MOTIVATE | helper
QUT_02_1,QUT,नशा छोड़ना एवं Motivation,Ambivalence,Self,Self,Adult / Any age,Any / Not specified,Regular Use,Motivational Support,Moderate,MOTIVATE,मेरे साथ नशा छोड़ने और जारी रखने के बीच मन बार-बार बदलना। मुझे अब क्या करना चाहिए?,मेरे साथ यह हो रहा है कि नशा छोड़ने और जारी रखने के बीच मन बार-बार बदलना। मैं कैसे संभालूं?,मेरे case में नशा छोड़ने और जारी रखने के बीच मन बार-बार बदलना। मुझे अभी क्या next step लेना चाहिए?,मुझसे यह दिक्कत हो रही है कि नशा छोड़ने और जारी रखने के बीच मन बार-बार बदलना; मैं इसे कैसे छोड़ूं या संभालूं?,pros-cons और personally meaningful reasons explore करना,"बिना पर्याप्त जानकारी diagnosis न करें; moral judgement, stigma, shame या guaranteed cure जैसी भाषा से बचें।",Conditional,CLINICAL_ASSESSMENT_IF_NEEDED,Recommended,Draft - Expert Review Required,QUT | Ambivalence | Motivational Support | Regular Use | Moderate | MOTIVATE | self
QUT_02_2,QUT,नशा छोड़ना एवं Motivation,Ambivalence,Family Member,Family Member,Adult / Any age,Any / Not specified,Regular Use,Motivational Support,Moderate,MOTIVATE,मेरे परिवार के एक सदस्य में नशा छोड़ने और जारी रखने के बीच मन बार-बार बदलना। हम उसकी सुरक्षित और सही तरीके से मदद कैसे करें?,घर में एक व्यक्ति के साथ नशा छोड़ने और जारी रखने के बीच मन बार-बार बदलना। हमें क्या करना चाहिए?,मेरे family member में नशा छोड़ने और जारी रखने के बीच मन बार-बार बदलना। हम help कैसे करें और कब professional help लें?,हमारे घर में एक सदस्य के साथ नशा छोड़ने और जारी रखने के बीच मन बार-बार बदलना; समझाने और इलाज के लिए क्या तरीका रखें?,pros-cons और personally meaningful reasons explore करना,"बिना पर्याप्त जानकारी diagnosis न करें; moral judgement, stigma, shame या guaranteed cure जैसी भाषा से बचें।",Conditional,CLINICAL_ASSESSMENT_IF_NEEDED,Recommended,Draft - Expert Review Required,QUT | Ambivalence | Motivational Support | Regular Use | Moderate | MOTIVATE | family
QUT_02_3,QUT,नशा छोड़ना एवं Motivation,Ambivalence,General Public,Person with possible substance-use concern,Adult / Any age,Any / Not specified,Regular Use,Motivational Support,Moderate,MOTIVATE,"यदि नशा छोड़ने और जारी रखने के बीच मन बार-बार बदलना, तो इसका क्या अर्थ हो सकता है और सही अगला कदम क्या होना चाहिए?","अगर नशा छोड़ने और जारी रखने के बीच मन बार-बार बदलना, तो इसे कितना serious मानें और क्या करें?","अगर नशा छोड़ने और जारी रखने के बीच मन बार-बार बदलना, तो क्या यह addiction/problem का sign है और next step क्या होना चाहिए?","अगर ऐसी हालत हो कि नशा छोड़ने और जारी रखने के बीच मन बार-बार बदलना, तो घर वाले क्या समझें और क्या कदम उठाएं?",pros-cons और personally meaningful reasons explore करना,"बिना पर्याप्त जानकारी diagnosis न करें; moral judgement, stigma, shame या guaranteed cure जैसी भाषा से बचें।",Conditional,CLINICAL_ASSESSMENT_IF_NEEDED,Recommended,Draft - Expert Review Required,QUT | Ambivalence | Motivational Support | Regular Use | Moderate | MOTIVATE | general
QUT_02_4,QUT,नशा छोड़ना एवं Motivation,Ambivalence,Helper/Community Member,Other Person,Adult / Any age,Any / Not specified,Regular Use,Motivational Support,Moderate,MOTIVATE,"यदि किसी व्यक्ति में नशा छोड़ने और जारी रखने के बीच मन बार-बार बदलना, तो उसे उचित सहायता तक कैसे पहुंचाया जाए?",किसी जानने वाले के साथ नशा छोड़ने और जारी रखने के बीच मन बार-बार बदलना; उसकी मदद कैसे करें?,"अगर किसी person में नशा छोड़ने और जारी रखने के बीच मन बार-बार बदलना, तो safe support और referral कैसे करें?","गांव/मोहल्ले में किसी के साथ नशा छोड़ने और जारी रखने के बीच मन बार-बार बदलना, तो उसे बिना बदनाम किए मदद तक कैसे पहुंचाएं?",pros-cons और personally meaningful reasons explore करना,"बिना पर्याप्त जानकारी diagnosis न करें; moral judgement, stigma, shame या guaranteed cure जैसी भाषा से बचें।",Conditional,CLINICAL_ASSESSMENT_IF_NEEDED,Recommended,Draft - Expert Review Required,QUT | Ambivalence | Motivational Support | Regular Use | Moderate | MOTIVATE | helper
QUT_03_1,QUT,नशा छोड़ना एवं Motivation,Cold Turkey,Self,Self,Adult / Any age,Any / Not specified,Dependence,Quit Safety,High,TREATMENT,मेरे साथ लंबे समय के नशे को बिना assessment अचानक पूरी तरह बंद करने की योजना बनना। मुझे अब क्या करना चाहिए?,मेरे साथ यह हो रहा है कि लंबे समय के नशे को बिना assessment अचानक पूरी तरह बंद करने की योजना बनना। मैं कैसे संभालूं?,मेरे case में लंबे समय के नशे को बिना assessment अचानक पूरी तरह बंद करने की योजना बनना। मुझे अभी क्या next step लेना चाहिए?,मुझसे यह दिक्कत हो रही है कि लंबे समय के नशे को बिना assessment अचानक पूरी तरह बंद करने की योजना बनना; मैं इसे कैसे छोड़ूं या संभालूं?,substance-specific withdrawal risk assess कराना,"घर पर जोखिमपूर्ण detox, medication dosing या false reassurance न दें; urgent professional assessment को delay न करें।",Urgent,URGENT_ASSESSMENT,Yes,Draft - Expert Review Required,QUT | Cold Turkey | Quit Safety | Dependence | High | TREATMENT | self
QUT_03_2,QUT,नशा छोड़ना एवं Motivation,Cold Turkey,Family Member,Family Member,Adult / Any age,Any / Not specified,Dependence,Quit Safety,High,TREATMENT,मेरे परिवार के एक सदस्य में लंबे समय के नशे को बिना assessment अचानक पूरी तरह बंद करने की योजना बनना। हम उसकी सुरक्षित और सही तरीके से मदद कैसे करें?,घर में एक व्यक्ति के साथ लंबे समय के नशे को बिना assessment अचानक पूरी तरह बंद करने की योजना बनना। हमें क्या करना चाहिए?,मेरे family member में लंबे समय के नशे को बिना assessment अचानक पूरी तरह बंद करने की योजना बनना। हम help कैसे करें और कब professional help लें?,हमारे घर में एक सदस्य के साथ लंबे समय के नशे को बिना assessment अचानक पूरी तरह बंद करने की योजना बनना; समझाने और इलाज के लिए क्या तरीका रखें?,substance-specific withdrawal risk assess कराना,"घर पर जोखिमपूर्ण detox, medication dosing या false reassurance न दें; urgent professional assessment को delay न करें।",Urgent,URGENT_ASSESSMENT,Yes,Draft - Expert Review Required,QUT | Cold Turkey | Quit Safety | Dependence | High | TREATMENT | family
QUT_03_3,QUT,नशा छोड़ना एवं Motivation,Cold Turkey,General Public,Person with possible substance-use concern,Adult / Any age,Any / Not specified,Dependence,Quit Safety,High,TREATMENT,"यदि लंबे समय के नशे को बिना assessment अचानक पूरी तरह बंद करने की योजना बनना, तो इसका क्या अर्थ हो सकता है और सही अगला कदम क्या होना चाहिए?","अगर लंबे समय के नशे को बिना assessment अचानक पूरी तरह बंद करने की योजना बनना, तो इसे कितना serious मानें और क्या करें?","अगर लंबे समय के नशे को बिना assessment अचानक पूरी तरह बंद करने की योजना बनना, तो क्या यह addiction/problem का sign है और next step क्या होना चाहिए?","अगर ऐसी हालत हो कि लंबे समय के नशे को बिना assessment अचानक पूरी तरह बंद करने की योजना बनना, तो घर वाले क्या समझें और क्या कदम उठाएं?",substance-specific withdrawal risk assess कराना,"घर पर जोखिमपूर्ण detox, medication dosing या false reassurance न दें; urgent professional assessment को delay न करें।",Urgent,URGENT_ASSESSMENT,Yes,Draft - Expert Review Required,QUT | Cold Turkey | Quit Safety | Dependence | High | TREATMENT | general
QUT_03_4,QUT,नशा छोड़ना एवं Motivation,Cold Turkey,Helper/Community Member,Other Person,Adult / Any age,Any / Not specified,Dependence,Quit Safety,High,TREATMENT,"यदि किसी व्यक्ति में लंबे समय के नशे को बिना assessment अचानक पूरी तरह बंद करने की योजना बनना, तो उसे उचित सहायता तक कैसे पहुंचाया जाए?",किसी जानने वाले के साथ लंबे समय के नशे को बिना assessment अचानक पूरी तरह बंद करने की योजना बनना; उसकी मदद कैसे करें?,"अगर किसी person में लंबे समय के नशे को बिना assessment अचानक पूरी तरह बंद करने की योजना बनना, तो safe support और referral कैसे करें?","गांव/मोहल्ले में किसी के साथ लंबे समय के नशे को बिना assessment अचानक पूरी तरह बंद करने की योजना बनना, तो उसे बिना बदनाम किए मदद तक कैसे पहुंचाएं?",substance-specific withdrawal risk assess कराना,"घर पर जोखिमपूर्ण detox, medication dosing या false reassurance न दें; urgent professional assessment को delay न करें।",Urgent,URGENT_ASSESSMENT,Yes,Draft - Expert Review Required,QUT | Cold Turkey | Quit Safety | Dependence | High | TREATMENT | helper
QUT_04_1,QUT,नशा छोड़ना एवं Motivation,Home Quit,Self,Self,Adult / Any age,Any / Not specified,Regular Use,Care Planning,Moderate,TREATMENT,मेरे साथ rehab जाए बिना घर पर नशा छोड़ने की इच्छा होना। मुझे अब क्या करना चाहिए?,मेरे साथ यह हो रहा है कि rehab जाए बिना घर पर नशा छोड़ने की इच्छा होना। मैं कैसे संभालूं?,मेरे case में rehab जाए बिना घर पर नशा छोड़ने की इच्छा होना। मुझे अभी क्या next step लेना चाहिए?,मुझसे यह दिक्कत हो रही है कि rehab जाए बिना घर पर नशा छोड़ने की इच्छा होना; मैं इसे कैसे छोड़ूं या संभालूं?,किस स्थिति में outpatient/home support संभव है और कब नहीं समझाना,विशिष्ट prescription/dose न दें; बिना assessment diagnosis न करें; qualified professional referral को स्पष्ट रखें।,Conditional,CLINICAL_ASSESSMENT_IF_NEEDED,Recommended,Draft - Expert Review Required,QUT | Home Quit | Care Planning | Regular Use | Moderate | TREATMENT | self
QUT_04_2,QUT,नशा छोड़ना एवं Motivation,Home Quit,Family Member,Family Member,Adult / Any age,Any / Not specified,Regular Use,Care Planning,Moderate,TREATMENT,मेरे परिवार के एक सदस्य में rehab जाए बिना घर पर नशा छोड़ने की इच्छा होना। हम उसकी सुरक्षित और सही तरीके से मदद कैसे करें?,घर में एक व्यक्ति के साथ rehab जाए बिना घर पर नशा छोड़ने की इच्छा होना। हमें क्या करना चाहिए?,मेरे family member में rehab जाए बिना घर पर नशा छोड़ने की इच्छा होना। हम help कैसे करें और कब professional help लें?,हमारे घर में एक सदस्य के साथ rehab जाए बिना घर पर नशा छोड़ने की इच्छा होना; समझाने और इलाज के लिए क्या तरीका रखें?,किस स्थिति में outpatient/home support संभव है और कब नहीं समझाना,विशिष्ट prescription/dose न दें; बिना assessment diagnosis न करें; qualified professional referral को स्पष्ट रखें।,Conditional,CLINICAL_ASSESSMENT_IF_NEEDED,Recommended,Draft - Expert Review Required,QUT | Home Quit | Care Planning | Regular Use | Moderate | TREATMENT | family
QUT_04_3,QUT,नशा छोड़ना एवं Motivation,Home Quit,General Public,Person with possible substance-use concern,Adult / Any age,Any / Not specified,Regular Use,Care Planning,Moderate,TREATMENT,"यदि rehab जाए बिना घर पर नशा छोड़ने की इच्छा होना, तो इसका क्या अर्थ हो सकता है और सही अगला कदम क्या होना चाहिए?","अगर rehab जाए बिना घर पर नशा छोड़ने की इच्छा होना, तो इसे कितना serious मानें और क्या करें?","अगर rehab जाए बिना घर पर नशा छोड़ने की इच्छा होना, तो क्या यह addiction/problem का sign है और next step क्या होना चाहिए?","अगर ऐसी हालत हो कि rehab जाए बिना घर पर नशा छोड़ने की इच्छा होना, तो घर वाले क्या समझें और क्या कदम उठाएं?",किस स्थिति में outpatient/home support संभव है और कब नहीं समझाना,विशिष्ट prescription/dose न दें; बिना assessment diagnosis न करें; qualified professional referral को स्पष्ट रखें।,Conditional,CLINICAL_ASSESSMENT_IF_NEEDED,Recommended,Draft - Expert Review Required,QUT | Home Quit | Care Planning | Regular Use | Moderate | TREATMENT | general
QUT_04_4,QUT,नशा छोड़ना एवं Motivation,Home Quit,Helper/Community Member,Other Person,Adult / Any age,Any / Not specified,Regular Use,Care Planning,Moderate,TREATMENT,"यदि किसी व्यक्ति में rehab जाए बिना घर पर नशा छोड़ने की इच्छा होना, तो उसे उचित सहायता तक कैसे पहुंचाया जाए?",किसी जानने वाले के साथ rehab जाए बिना घर पर नशा छोड़ने की इच्छा होना; उसकी मदद कैसे करें?,"अगर किसी person में rehab जाए बिना घर पर नशा छोड़ने की इच्छा होना, तो safe support और referral कैसे करें?","गांव/मोहल्ले में किसी के साथ rehab जाए बिना घर पर नशा छोड़ने की इच्छा होना, तो उसे बिना बदनाम किए मदद तक कैसे पहुंचाएं?",किस स्थिति में outpatient/home support संभव है और कब नहीं समझाना,विशिष्ट prescription/dose न दें; बिना assessment diagnosis न करें; qualified professional referral को स्पष्ट रखें।,Conditional,CLINICAL_ASSESSMENT_IF_NEEDED,Recommended,Draft - Expert Review Required,QUT | Home Quit | Care Planning | Regular Use | Moderate | TREATMENT | helper
QUT_05_1,QUT,नशा छोड़ना एवं Motivation,Trigger Plan,Self,Self,Adult / Any age,Any / Not specified,Regular Use,Quit Planning,Routine,ACTION,मेरे साथ नशा छोड़ते समय triggers से निपटने की कोई योजना न होना। मुझे अब क्या करना चाहिए?,मेरे साथ यह हो रहा है कि नशा छोड़ते समय triggers से निपटने की कोई योजना न होना। मैं कैसे संभालूं?,मेरे case में नशा छोड़ते समय triggers से निपटने की कोई योजना न होना। मुझे अभी क्या next step लेना चाहिए?,मुझसे यह दिक्कत हो रही है कि नशा छोड़ते समय triggers से निपटने की कोई योजना न होना; मैं इसे कैसे छोड़ूं या संभालूं?,"trigger map, coping list और support contacts बनवाना","बिना पर्याप्त जानकारी diagnosis न करें; moral judgement, stigma, shame या guaranteed cure जैसी भाषा से बचें।",No routine escalation,STANDARD,Recommended,Draft - Expert Review Required,QUT | Trigger Plan | Quit Planning | Regular Use | Routine | ACTION | self
QUT_05_2,QUT,नशा छोड़ना एवं Motivation,Trigger Plan,Family Member,Family Member,Adult / Any age,Any / Not specified,Regular Use,Quit Planning,Routine,ACTION,मेरे परिवार के एक सदस्य में नशा छोड़ते समय triggers से निपटने की कोई योजना न होना। हम उसकी सुरक्षित और सही तरीके से मदद कैसे करें?,घर में एक व्यक्ति के साथ नशा छोड़ते समय triggers से निपटने की कोई योजना न होना। हमें क्या करना चाहिए?,मेरे family member में नशा छोड़ते समय triggers से निपटने की कोई योजना न होना। हम help कैसे करें और कब professional help लें?,हमारे घर में एक सदस्य के साथ नशा छोड़ते समय triggers से निपटने की कोई योजना न होना; समझाने और इलाज के लिए क्या तरीका रखें?,"trigger map, coping list और support contacts बनवाना","बिना पर्याप्त जानकारी diagnosis न करें; moral judgement, stigma, shame या guaranteed cure जैसी भाषा से बचें।",No routine escalation,STANDARD,Recommended,Draft - Expert Review Required,QUT | Trigger Plan | Quit Planning | Regular Use | Routine | ACTION | family
QUT_05_3,QUT,नशा छोड़ना एवं Motivation,Trigger Plan,General Public,Person with possible substance-use concern,Adult / Any age,Any / Not specified,Regular Use,Quit Planning,Routine,ACTION,"यदि नशा छोड़ते समय triggers से निपटने की कोई योजना न होना, तो इसका क्या अर्थ हो सकता है और सही अगला कदम क्या होना चाहिए?","अगर नशा छोड़ते समय triggers से निपटने की कोई योजना न होना, तो इसे कितना serious मानें और क्या करें?","अगर नशा छोड़ते समय triggers से निपटने की कोई योजना न होना, तो क्या यह addiction/problem का sign है और next step क्या होना चाहिए?","अगर ऐसी हालत हो कि नशा छोड़ते समय triggers से निपटने की कोई योजना न होना, तो घर वाले क्या समझें और क्या कदम उठाएं?","trigger map, coping list और support contacts बनवाना","बिना पर्याप्त जानकारी diagnosis न करें; moral judgement, stigma, shame या guaranteed cure जैसी भाषा से बचें।",No routine escalation,STANDARD,Recommended,Draft - Expert Review Required,QUT | Trigger Plan | Quit Planning | Regular Use | Routine | ACTION | general
QUT_05_4,QUT,नशा छोड़ना एवं Motivation,Trigger Plan,Helper/Community Member,Other Person,Adult / Any age,Any / Not specified,Regular Use,Quit Planning,Routine,ACTION,"यदि किसी व्यक्ति में नशा छोड़ते समय triggers से निपटने की कोई योजना न होना, तो उसे उचित सहायता तक कैसे पहुंचाया जाए?",किसी जानने वाले के साथ नशा छोड़ते समय triggers से निपटने की कोई योजना न होना; उसकी मदद कैसे करें?,"अगर किसी person में नशा छोड़ते समय triggers से निपटने की कोई योजना न होना, तो safe support और referral कैसे करें?","गांव/मोहल्ले में किसी के साथ नशा छोड़ते समय triggers से निपटने की कोई योजना न होना, तो उसे बिना बदनाम किए मदद तक कैसे पहुंचाएं?","trigger map, coping list और support contacts बनवाना","बिना पर्याप्त जानकारी diagnosis न करें; moral judgement, stigma, shame या guaranteed cure जैसी भाषा से बचें।",No routine escalation,STANDARD,Recommended,Draft - Expert Review Required,QUT | Trigger Plan | Quit Planning | Regular Use | Routine | ACTION | helper
QUT_06_1,QUT,नशा छोड़ना एवं Motivation,Social Circle,Self,Self,Adult / Any age,Any / Not specified,Regular Use,Social Support,Moderate,MOTIVATE,मेरे साथ नशा छोड़ना चाहना लेकिन सारे दोस्त नशा करते हों। मुझे अब क्या करना चाहिए?,मेरे साथ यह हो रहा है कि नशा छोड़ना चाहना लेकिन सारे दोस्त नशा करते हों। मैं कैसे संभालूं?,मेरे case में नशा छोड़ना चाहना लेकिन सारे दोस्त नशा करते हों। मुझे अभी क्या next step लेना चाहिए?,मुझसे यह दिक्कत हो रही है कि नशा छोड़ना चाहना लेकिन सारे दोस्त नशा करते हों; मैं इसे कैसे छोड़ूं या संभालूं?,"boundaries, alternative social network और high-risk situations समझाना","बिना पर्याप्त जानकारी diagnosis न करें; moral judgement, stigma, shame या guaranteed cure जैसी भाषा से बचें।",Conditional,CLINICAL_ASSESSMENT_IF_NEEDED,Recommended,Draft - Expert Review Required,QUT | Social Circle | Social Support | Regular Use | Moderate | MOTIVATE | self
QUT_06_2,QUT,नशा छोड़ना एवं Motivation,Social Circle,Family Member,Family Member,Adult / Any age,Any / Not specified,Regular Use,Social Support,Moderate,MOTIVATE,मेरे परिवार के एक सदस्य में नशा छोड़ना चाहना लेकिन सारे दोस्त नशा करते हों। हम उसकी सुरक्षित और सही तरीके से मदद कैसे करें?,घर में एक व्यक्ति के साथ नशा छोड़ना चाहना लेकिन सारे दोस्त नशा करते हों। हमें क्या करना चाहिए?,मेरे family member में नशा छोड़ना चाहना लेकिन सारे दोस्त नशा करते हों। हम help कैसे करें और कब professional help लें?,हमारे घर में एक सदस्य के साथ नशा छोड़ना चाहना लेकिन सारे दोस्त नशा करते हों; समझाने और इलाज के लिए क्या तरीका रखें?,"boundaries, alternative social network और high-risk situations समझाना","बिना पर्याप्त जानकारी diagnosis न करें; moral judgement, stigma, shame या guaranteed cure जैसी भाषा से बचें।",Conditional,CLINICAL_ASSESSMENT_IF_NEEDED,Recommended,Draft - Expert Review Required,QUT | Social Circle | Social Support | Regular Use | Moderate | MOTIVATE | family
QUT_06_3,QUT,नशा छोड़ना एवं Motivation,Social Circle,General Public,Person with possible substance-use concern,Adult / Any age,Any / Not specified,Regular Use,Social Support,Moderate,MOTIVATE,"यदि नशा छोड़ना चाहना लेकिन सारे दोस्त नशा करते हों, तो इसका क्या अर्थ हो सकता है और सही अगला कदम क्या होना चाहिए?","अगर नशा छोड़ना चाहना लेकिन सारे दोस्त नशा करते हों, तो इसे कितना serious मानें और क्या करें?","अगर नशा छोड़ना चाहना लेकिन सारे दोस्त नशा करते हों, तो क्या यह addiction/problem का sign है और next step क्या होना चाहिए?","अगर ऐसी हालत हो कि नशा छोड़ना चाहना लेकिन सारे दोस्त नशा करते हों, तो घर वाले क्या समझें और क्या कदम उठाएं?","boundaries, alternative social network और high-risk situations समझाना","बिना पर्याप्त जानकारी diagnosis न करें; moral judgement, stigma, shame या guaranteed cure जैसी भाषा से बचें।",Conditional,CLINICAL_ASSESSMENT_IF_NEEDED,Recommended,Draft - Expert Review Required,QUT | Social Circle | Social Support | Regular Use | Moderate | MOTIVATE | general
QUT_06_4,QUT,नशा छोड़ना एवं Motivation,Social Circle,Helper/Community Member,Other Person,Adult / Any age,Any / Not specified,Regular Use,Social Support,Moderate,MOTIVATE,"यदि किसी व्यक्ति में नशा छोड़ना चाहना लेकिन सारे दोस्त नशा करते हों, तो उसे उचित सहायता तक कैसे पहुंचाया जाए?",किसी जानने वाले के साथ नशा छोड़ना चाहना लेकिन सारे दोस्त नशा करते हों; उसकी मदद कैसे करें?,"अगर किसी person में नशा छोड़ना चाहना लेकिन सारे दोस्त नशा करते हों, तो safe support और referral कैसे करें?","गांव/मोहल्ले में किसी के साथ नशा छोड़ना चाहना लेकिन सारे दोस्त नशा करते हों, तो उसे बिना बदनाम किए मदद तक कैसे पहुंचाएं?","boundaries, alternative social network और high-risk situations समझाना","बिना पर्याप्त जानकारी diagnosis न करें; moral judgement, stigma, shame या guaranteed cure जैसी भाषा से बचें।",Conditional,CLINICAL_ASSESSMENT_IF_NEEDED,Recommended,Draft - Expert Review Required,QUT | Social Circle | Social Support | Regular Use | Moderate | MOTIVATE | helper
QUT_07_1,QUT,नशा छोड़ना एवं Motivation,Daily Routine,Self,Self,Adult / Any age,Any / Not specified,Recovery,Lifestyle Recovery,Routine,ACTION,मेरे साथ नशा छोड़ने के बाद खाली समय और routine संभालना मुश्किल होना। मुझे अब क्या करना चाहिए?,मेरे साथ यह हो रहा है कि नशा छोड़ने के बाद खाली समय और routine संभालना मुश्किल होना। मैं कैसे संभालूं?,मेरे case में नशा छोड़ने के बाद खाली समय और routine संभालना मुश्किल होना। मुझे अभी क्या next step लेना चाहिए?,मुझसे यह दिक्कत हो रही है कि नशा छोड़ने के बाद खाली समय और routine संभालना मुश्किल होना; मैं इसे कैसे छोड़ूं या संभालूं?,"sleep, activity, meals, exercise और meaningful routine बनाना","बिना पर्याप्त जानकारी diagnosis न करें; moral judgement, stigma, shame या guaranteed cure जैसी भाषा से बचें।",No routine escalation,STANDARD,Recommended,Draft - Expert Review Required,QUT | Daily Routine | Lifestyle Recovery | Recovery | Routine | ACTION | self
QUT_07_2,QUT,नशा छोड़ना एवं Motivation,Daily Routine,Family Member,Family Member,Adult / Any age,Any / Not specified,Recovery,Lifestyle Recovery,Routine,ACTION,मेरे परिवार के एक सदस्य में नशा छोड़ने के बाद खाली समय और routine संभालना मुश्किल होना। हम उसकी सुरक्षित और सही तरीके से मदद कैसे करें?,घर में एक व्यक्ति के साथ नशा छोड़ने के बाद खाली समय और routine संभालना मुश्किल होना। हमें क्या करना चाहिए?,मेरे family member में नशा छोड़ने के बाद खाली समय और routine संभालना मुश्किल होना। हम help कैसे करें और कब professional help लें?,हमारे घर में एक सदस्य के साथ नशा छोड़ने के बाद खाली समय और routine संभालना मुश्किल होना; समझाने और इलाज के लिए क्या तरीका रखें?,"sleep, activity, meals, exercise और meaningful routine बनाना","बिना पर्याप्त जानकारी diagnosis न करें; moral judgement, stigma, shame या guaranteed cure जैसी भाषा से बचें।",No routine escalation,STANDARD,Recommended,Draft - Expert Review Required,QUT | Daily Routine | Lifestyle Recovery | Recovery | Routine | ACTION | family
QUT_07_3,QUT,नशा छोड़ना एवं Motivation,Daily Routine,General Public,Person with possible substance-use concern,Adult / Any age,Any / Not specified,Recovery,Lifestyle Recovery,Routine,ACTION,"यदि नशा छोड़ने के बाद खाली समय और routine संभालना मुश्किल होना, तो इसका क्या अर्थ हो सकता है और सही अगला कदम क्या होना चाहिए?","अगर नशा छोड़ने के बाद खाली समय और routine संभालना मुश्किल होना, तो इसे कितना serious मानें और क्या करें?","अगर नशा छोड़ने के बाद खाली समय और routine संभालना मुश्किल होना, तो क्या यह addiction/problem का sign है और next step क्या होना चाहिए?","अगर ऐसी हालत हो कि नशा छोड़ने के बाद खाली समय और routine संभालना मुश्किल होना, तो घर वाले क्या समझें और क्या कदम उठाएं?","sleep, activity, meals, exercise और meaningful routine बनाना","बिना पर्याप्त जानकारी diagnosis न करें; moral judgement, stigma, shame या guaranteed cure जैसी भाषा से बचें।",No routine escalation,STANDARD,Recommended,Draft - Expert Review Required,QUT | Daily Routine | Lifestyle Recovery | Recovery | Routine | ACTION | general
QUT_07_4,QUT,नशा छोड़ना एवं Motivation,Daily Routine,Helper/Community Member,Other Person,Adult / Any age,Any / Not specified,Recovery,Lifestyle Recovery,Routine,ACTION,"यदि किसी व्यक्ति में नशा छोड़ने के बाद खाली समय और routine संभालना मुश्किल होना, तो उसे उचित सहायता तक कैसे पहुंचाया जाए?",किसी जानने वाले के साथ नशा छोड़ने के बाद खाली समय और routine संभालना मुश्किल होना; उसकी मदद कैसे करें?,"अगर किसी person में नशा छोड़ने के बाद खाली समय और routine संभालना मुश्किल होना, तो safe support और referral कैसे करें?","गांव/मोहल्ले में किसी के साथ नशा छोड़ने के बाद खाली समय और routine संभालना मुश्किल होना, तो उसे बिना बदनाम किए मदद तक कैसे पहुंचाएं?","sleep, activity, meals, exercise और meaningful routine बनाना","बिना पर्याप्त जानकारी diagnosis न करें; moral judgement, stigma, shame या guaranteed cure जैसी भाषा से बचें।",No routine escalation,STANDARD,Recommended,Draft - Expert Review Required,QUT | Daily Routine | Lifestyle Recovery | Recovery | Routine | ACTION | helper
QUT_08_1,QUT,नशा छोड़ना एवं Motivation,Multiple Failed Attempts,Self,Self,Adult / Any age,Any / Not specified,Relapse,Motivation,Moderate,RELAPSE,मेरे साथ कई बार छोड़ने की कोशिश के बाद फिर नशा शुरू हो जाना। मुझे अब क्या करना चाहिए?,मेरे साथ यह हो रहा है कि कई बार छोड़ने की कोशिश के बाद फिर नशा शुरू हो जाना। मैं कैसे संभालूं?,मेरे case में कई बार छोड़ने की कोशिश के बाद फिर नशा शुरू हो जाना। मुझे अभी क्या next step लेना चाहिए?,मुझसे यह दिक्कत हो रही है कि कई बार छोड़ने की कोशिश के बाद फिर नशा शुरू हो जाना; मैं इसे कैसे छोड़ूं या संभालूं?,failure framing से बचकर treatment intensity और triggers review करना,"बिना पर्याप्त जानकारी diagnosis न करें; moral judgement, stigma, shame या guaranteed cure जैसी भाषा से बचें।",Conditional,CLINICAL_ASSESSMENT_IF_NEEDED,Recommended,Draft - Expert Review Required,QUT | Multiple Failed Attempts | Motivation | Relapse | Moderate | RELAPSE | self
QUT_08_2,QUT,नशा छोड़ना एवं Motivation,Multiple Failed Attempts,Family Member,Family Member,Adult / Any age,Any / Not specified,Relapse,Motivation,Moderate,RELAPSE,मेरे परिवार के एक सदस्य में कई बार छोड़ने की कोशिश के बाद फिर नशा शुरू हो जाना। हम उसकी सुरक्षित और सही तरीके से मदद कैसे करें?,घर में एक व्यक्ति के साथ कई बार छोड़ने की कोशिश के बाद फिर नशा शुरू हो जाना। हमें क्या करना चाहिए?,मेरे family member में कई बार छोड़ने की कोशिश के बाद फिर नशा शुरू हो जाना। हम help कैसे करें और कब professional help लें?,हमारे घर में एक सदस्य के साथ कई बार छोड़ने की कोशिश के बाद फिर नशा शुरू हो जाना; समझाने और इलाज के लिए क्या तरीका रखें?,failure framing से बचकर treatment intensity और triggers review करना,"बिना पर्याप्त जानकारी diagnosis न करें; moral judgement, stigma, shame या guaranteed cure जैसी भाषा से बचें।",Conditional,CLINICAL_ASSESSMENT_IF_NEEDED,Recommended,Draft - Expert Review Required,QUT | Multiple Failed Attempts | Motivation | Relapse | Moderate | RELAPSE | family
QUT_08_3,QUT,नशा छोड़ना एवं Motivation,Multiple Failed Attempts,General Public,Person with possible substance-use concern,Adult / Any age,Any / Not specified,Relapse,Motivation,Moderate,RELAPSE,"यदि कई बार छोड़ने की कोशिश के बाद फिर नशा शुरू हो जाना, तो इसका क्या अर्थ हो सकता है और सही अगला कदम क्या होना चाहिए?","अगर कई बार छोड़ने की कोशिश के बाद फिर नशा शुरू हो जाना, तो इसे कितना serious मानें और क्या करें?","अगर कई बार छोड़ने की कोशिश के बाद फिर नशा शुरू हो जाना, तो क्या यह addiction/problem का sign है और next step क्या होना चाहिए?","अगर ऐसी हालत हो कि कई बार छोड़ने की कोशिश के बाद फिर नशा शुरू हो जाना, तो घर वाले क्या समझें और क्या कदम उठाएं?",failure framing से बचकर treatment intensity और triggers review करना,"बिना पर्याप्त जानकारी diagnosis न करें; moral judgement, stigma, shame या guaranteed cure जैसी भाषा से बचें।",Conditional,CLINICAL_ASSESSMENT_IF_NEEDED,Recommended,Draft - Expert Review Required,QUT | Multiple Failed Attempts | Motivation | Relapse | Moderate | RELAPSE | general
QUT_08_4,QUT,नशा छोड़ना एवं Motivation,Multiple Failed Attempts,Helper/Community Member,Other Person,Adult / Any age,Any / Not specified,Relapse,Motivation,Moderate,RELAPSE,"यदि किसी व्यक्ति में कई बार छोड़ने की कोशिश के बाद फिर नशा शुरू हो जाना, तो उसे उचित सहायता तक कैसे पहुंचाया जाए?",किसी जानने वाले के साथ कई बार छोड़ने की कोशिश के बाद फिर नशा शुरू हो जाना; उसकी मदद कैसे करें?,"अगर किसी person में कई बार छोड़ने की कोशिश के बाद फिर नशा शुरू हो जाना, तो safe support और referral कैसे करें?","गांव/मोहल्ले में किसी के साथ कई बार छोड़ने की कोशिश के बाद फिर नशा शुरू हो जाना, तो उसे बिना बदनाम किए मदद तक कैसे पहुंचाएं?",failure framing से बचकर treatment intensity और triggers review करना,"बिना पर्याप्त जानकारी diagnosis न करें; moral judgement, stigma, shame या guaranteed cure जैसी भाषा से बचें।",Conditional,CLINICAL_ASSESSMENT_IF_NEEDED,Recommended,Draft - Expert Review Required,QUT | Multiple Failed Attempts | Motivation | Relapse | Moderate | RELAPSE | helper
QUT_09_1,QUT,नशा छोड़ना एवं Motivation,Family Motivation,Self,Self,Adult / Any age,Any / Not specified,Regular Use,Motivational Support,Moderate,FAMILY,मेरे साथ परिवार व्यक्ति को treatment के लिए तैयार करना चाहता हो। मुझे अब क्या करना चाहिए?,मेरे साथ यह हो रहा है कि परिवार व्यक्ति को treatment के लिए तैयार करना चाहता हो। मैं कैसे संभालूं?,मेरे case में परिवार व्यक्ति को treatment के लिए तैयार करना चाहता हो। मुझे अभी क्या next step लेना चाहिए?,मुझसे यह दिक्कत हो रही है कि परिवार व्यक्ति को treatment के लिए तैयार करना चाहता हो; मैं इसे कैसे छोड़ूं या संभालूं?,"confrontation की बजाय motivational, specific और compassionate बातचीत बताना","बिना पर्याप्त जानकारी diagnosis न करें; moral judgement, stigma, shame या guaranteed cure जैसी भाषा से बचें।",Conditional,CLINICAL_ASSESSMENT_IF_NEEDED,Recommended,Draft - Expert Review Required,QUT | Family Motivation | Motivational Support | Regular Use | Moderate | FAMILY | self
QUT_09_2,QUT,नशा छोड़ना एवं Motivation,Family Motivation,Family Member,Family Member,Adult / Any age,Any / Not specified,Regular Use,Motivational Support,Moderate,FAMILY,मेरे परिवार के एक सदस्य में परिवार व्यक्ति को treatment के लिए तैयार करना चाहता हो। हम उसकी सुरक्षित और सही तरीके से मदद कैसे करें?,घर में एक व्यक्ति के साथ परिवार व्यक्ति को treatment के लिए तैयार करना चाहता हो। हमें क्या करना चाहिए?,मेरे family member में परिवार व्यक्ति को treatment के लिए तैयार करना चाहता हो। हम help कैसे करें और कब professional help लें?,हमारे घर में एक सदस्य के साथ परिवार व्यक्ति को treatment के लिए तैयार करना चाहता हो; समझाने और इलाज के लिए क्या तरीका रखें?,"confrontation की बजाय motivational, specific और compassionate बातचीत बताना","बिना पर्याप्त जानकारी diagnosis न करें; moral judgement, stigma, shame या guaranteed cure जैसी भाषा से बचें।",Conditional,CLINICAL_ASSESSMENT_IF_NEEDED,Recommended,Draft - Expert Review Required,QUT | Family Motivation | Motivational Support | Regular Use | Moderate | FAMILY | family
QUT_09_3,QUT,नशा छोड़ना एवं Motivation,Family Motivation,General Public,Person with possible substance-use concern,Adult / Any age,Any / Not specified,Regular Use,Motivational Support,Moderate,FAMILY,"यदि परिवार व्यक्ति को treatment के लिए तैयार करना चाहता हो, तो इसका क्या अर्थ हो सकता है और सही अगला कदम क्या होना चाहिए?","अगर परिवार व्यक्ति को treatment के लिए तैयार करना चाहता हो, तो इसे कितना serious मानें और क्या करें?","अगर परिवार व्यक्ति को treatment के लिए तैयार करना चाहता हो, तो क्या यह addiction/problem का sign है और next step क्या होना चाहिए?","अगर ऐसी हालत हो कि परिवार व्यक्ति को treatment के लिए तैयार करना चाहता हो, तो घर वाले क्या समझें और क्या कदम उठाएं?","confrontation की बजाय motivational, specific और compassionate बातचीत बताना","बिना पर्याप्त जानकारी diagnosis न करें; moral judgement, stigma, shame या guaranteed cure जैसी भाषा से बचें।",Conditional,CLINICAL_ASSESSMENT_IF_NEEDED,Recommended,Draft - Expert Review Required,QUT | Family Motivation | Motivational Support | Regular Use | Moderate | FAMILY | general
QUT_09_4,QUT,नशा छोड़ना एवं Motivation,Family Motivation,Helper/Community Member,Other Person,Adult / Any age,Any / Not specified,Regular Use,Motivational Support,Moderate,FAMILY,"यदि किसी व्यक्ति में परिवार व्यक्ति को treatment के लिए तैयार करना चाहता हो, तो उसे उचित सहायता तक कैसे पहुंचाया जाए?",किसी जानने वाले के साथ परिवार व्यक्ति को treatment के लिए तैयार करना चाहता हो; उसकी मदद कैसे करें?,"अगर किसी person में परिवार व्यक्ति को treatment के लिए तैयार करना चाहता हो, तो safe support और referral कैसे करें?","गांव/मोहल्ले में किसी के साथ परिवार व्यक्ति को treatment के लिए तैयार करना चाहता हो, तो उसे बिना बदनाम किए मदद तक कैसे पहुंचाएं?","confrontation की बजाय motivational, specific और compassionate बातचीत बताना","बिना पर्याप्त जानकारी diagnosis न करें; moral judgement, stigma, shame या guaranteed cure जैसी भाषा से बचें।",Conditional,CLINICAL_ASSESSMENT_IF_NEEDED,Recommended,Draft - Expert Review Required,QUT | Family Motivation | Motivational Support | Regular Use | Moderate | FAMILY | helper
QUT_10_1,QUT,नशा छोड़ना एवं Motivation,Fear of Withdrawal,Self,Self,Adult / Any age,Any / Not specified,Dependence,Motivation,Moderate,TREATMENT,मेरे साथ withdrawal के डर से व्यक्ति नशा छोड़ने की कोशिश ही न करना। मुझे अब क्या करना चाहिए?,मेरे साथ यह हो रहा है कि withdrawal के डर से व्यक्ति नशा छोड़ने की कोशिश ही न करना। मैं कैसे संभालूं?,मेरे case में withdrawal के डर से व्यक्ति नशा छोड़ने की कोशिश ही न करना। मुझे अभी क्या next step लेना चाहिए?,मुझसे यह दिक्कत हो रही है कि withdrawal के डर से व्यक्ति नशा छोड़ने की कोशिश ही न करना; मैं इसे कैसे छोड़ूं या संभालूं?,fear validate कर supervised treatment options समझाना,विशिष्ट prescription/dose न दें; बिना assessment diagnosis न करें; qualified professional referral को स्पष्ट रखें।,Conditional,CLINICAL_ASSESSMENT_IF_NEEDED,Recommended,Draft - Expert Review Required,QUT | Fear of Withdrawal | Motivation | Dependence | Moderate | TREATMENT | self
QUT_10_2,QUT,नशा छोड़ना एवं Motivation,Fear of Withdrawal,Family Member,Family Member,Adult / Any age,Any / Not specified,Dependence,Motivation,Moderate,TREATMENT,मेरे परिवार के एक सदस्य में withdrawal के डर से व्यक्ति नशा छोड़ने की कोशिश ही न करना। हम उसकी सुरक्षित और सही तरीके से मदद कैसे करें?,घर में एक व्यक्ति के साथ withdrawal के डर से व्यक्ति नशा छोड़ने की कोशिश ही न करना। हमें क्या करना चाहिए?,मेरे family member में withdrawal के डर से व्यक्ति नशा छोड़ने की कोशिश ही न करना। हम help कैसे करें और कब professional help लें?,हमारे घर में एक सदस्य के साथ withdrawal के डर से व्यक्ति नशा छोड़ने की कोशिश ही न करना; समझाने और इलाज के लिए क्या तरीका रखें?,fear validate कर supervised treatment options समझाना,विशिष्ट prescription/dose न दें; बिना assessment diagnosis न करें; qualified professional referral को स्पष्ट रखें।,Conditional,CLINICAL_ASSESSMENT_IF_NEEDED,Recommended,Draft - Expert Review Required,QUT | Fear of Withdrawal | Motivation | Dependence | Moderate | TREATMENT | family
QUT_10_3,QUT,नशा छोड़ना एवं Motivation,Fear of Withdrawal,General Public,Person with possible substance-use concern,Adult / Any age,Any / Not specified,Dependence,Motivation,Moderate,TREATMENT,"यदि withdrawal के डर से व्यक्ति नशा छोड़ने की कोशिश ही न करना, तो इसका क्या अर्थ हो सकता है और सही अगला कदम क्या होना चाहिए?","अगर withdrawal के डर से व्यक्ति नशा छोड़ने की कोशिश ही न करना, तो इसे कितना serious मानें और क्या करें?","अगर withdrawal के डर से व्यक्ति नशा छोड़ने की कोशिश ही न करना, तो क्या यह addiction/problem का sign है और next step क्या होना चाहिए?","अगर ऐसी हालत हो कि withdrawal के डर से व्यक्ति नशा छोड़ने की कोशिश ही न करना, तो घर वाले क्या समझें और क्या कदम उठाएं?",fear validate कर supervised treatment options समझाना,विशिष्ट prescription/dose न दें; बिना assessment diagnosis न करें; qualified professional referral को स्पष्ट रखें।,Conditional,CLINICAL_ASSESSMENT_IF_NEEDED,Recommended,Draft - Expert Review Required,QUT | Fear of Withdrawal | Motivation | Dependence | Moderate | TREATMENT | general
QUT_10_4,QUT,नशा छोड़ना एवं Motivation,Fear of Withdrawal,Helper/Community Member,Other Person,Adult / Any age,Any / Not specified,Dependence,Motivation,Moderate,TREATMENT,"यदि किसी व्यक्ति में withdrawal के डर से व्यक्ति नशा छोड़ने की कोशिश ही न करना, तो उसे उचित सहायता तक कैसे पहुंचाया जाए?",किसी जानने वाले के साथ withdrawal के डर से व्यक्ति नशा छोड़ने की कोशिश ही न करना; उसकी मदद कैसे करें?,"अगर किसी person में withdrawal के डर से व्यक्ति नशा छोड़ने की कोशिश ही न करना, तो safe support और referral कैसे करें?","गांव/मोहल्ले में किसी के साथ withdrawal के डर से व्यक्ति नशा छोड़ने की कोशिश ही न करना, तो उसे बिना बदनाम किए मदद तक कैसे पहुंचाएं?",fear validate कर supervised treatment options समझाना,विशिष्ट prescription/dose न दें; बिना assessment diagnosis न करें; qualified professional referral को स्पष्ट रखें।,Conditional,CLINICAL_ASSESSMENT_IF_NEEDED,Recommended,Draft - Expert Review Required,QUT | Fear of Withdrawal | Motivation | Dependence | Moderate | TREATMENT | helper
WDL_01_1,WDL,Withdrawal एवं Craving,Craving,Self,Self,Adult / Any age,Any / Not specified,Withdrawal,Craving Management,Moderate,ACTION,मेरे साथ नशा बंद करने के बाद अचानक बहुत तेज craving होना। मुझे अब क्या करना चाहिए?,मेरे साथ यह हो रहा है कि नशा बंद करने के बाद अचानक बहुत तेज craving होना। मैं कैसे संभालूं?,मेरे case में नशा बंद करने के बाद अचानक बहुत तेज craving होना। मुझे अभी क्या next step लेना चाहिए?,मुझसे यह दिक्कत हो रही है कि नशा बंद करने के बाद अचानक बहुत तेज craving होना; मैं इसे कैसे छोड़ूं या संभालूं?,short-term coping और support contact strategy बताना,"बिना पर्याप्त जानकारी diagnosis न करें; moral judgement, stigma, shame या guaranteed cure जैसी भाषा से बचें।",Conditional,CLINICAL_ASSESSMENT_IF_NEEDED,Yes,Draft - Expert Review Required,WDL | Craving | Craving Management | Withdrawal | Moderate | ACTION | self
WDL_01_2,WDL,Withdrawal एवं Craving,Craving,Family Member,Family Member,Adult / Any age,Any / Not specified,Withdrawal,Craving Management,Moderate,ACTION,मेरे परिवार के एक सदस्य में नशा बंद करने के बाद अचानक बहुत तेज craving होना। हम उसकी सुरक्षित और सही तरीके से मदद कैसे करें?,घर में एक व्यक्ति के साथ नशा बंद करने के बाद अचानक बहुत तेज craving होना। हमें क्या करना चाहिए?,मेरे family member में नशा बंद करने के बाद अचानक बहुत तेज craving होना। हम help कैसे करें और कब professional help लें?,हमारे घर में एक सदस्य के साथ नशा बंद करने के बाद अचानक बहुत तेज craving होना; समझाने और इलाज के लिए क्या तरीका रखें?,short-term coping और support contact strategy बताना,"बिना पर्याप्त जानकारी diagnosis न करें; moral judgement, stigma, shame या guaranteed cure जैसी भाषा से बचें।",Conditional,CLINICAL_ASSESSMENT_IF_NEEDED,Yes,Draft - Expert Review Required,WDL | Craving | Craving Management | Withdrawal | Moderate | ACTION | family
WDL_01_3,WDL,Withdrawal एवं Craving,Craving,General Public,Person with possible substance-use concern,Adult / Any age,Any / Not specified,Withdrawal,Craving Management,Moderate,ACTION,"यदि नशा बंद करने के बाद अचानक बहुत तेज craving होना, तो इसका क्या अर्थ हो सकता है और सही अगला कदम क्या होना चाहिए?","अगर नशा बंद करने के बाद अचानक बहुत तेज craving होना, तो इसे कितना serious मानें और क्या करें?","अगर नशा बंद करने के बाद अचानक बहुत तेज craving होना, तो क्या यह addiction/problem का sign है और next step क्या होना चाहिए?","अगर ऐसी हालत हो कि नशा बंद करने के बाद अचानक बहुत तेज craving होना, तो घर वाले क्या समझें और क्या कदम उठाएं?",short-term coping और support contact strategy बताना,"बिना पर्याप्त जानकारी diagnosis न करें; moral judgement, stigma, shame या guaranteed cure जैसी भाषा से बचें।",Conditional,CLINICAL_ASSESSMENT_IF_NEEDED,Yes,Draft - Expert Review Required,WDL | Craving | Craving Management | Withdrawal | Moderate | ACTION | general
WDL_01_4,WDL,Withdrawal एवं Craving,Craving,Helper/Community Member,Other Person,Adult / Any age,Any / Not specified,Withdrawal,Craving Management,Moderate,ACTION,"यदि किसी व्यक्ति में नशा बंद करने के बाद अचानक बहुत तेज craving होना, तो उसे उचित सहायता तक कैसे पहुंचाया जाए?",किसी जानने वाले के साथ नशा बंद करने के बाद अचानक बहुत तेज craving होना; उसकी मदद कैसे करें?,"अगर किसी person में नशा बंद करने के बाद अचानक बहुत तेज craving होना, तो safe support और referral कैसे करें?","गांव/मोहल्ले में किसी के साथ नशा बंद करने के बाद अचानक बहुत तेज craving होना, तो उसे बिना बदनाम किए मदद तक कैसे पहुंचाएं?",short-term coping और support contact strategy बताना,"बिना पर्याप्त जानकारी diagnosis न करें; moral judgement, stigma, shame या guaranteed cure जैसी भाषा से बचें।",Conditional,CLINICAL_ASSESSMENT_IF_NEEDED,Yes,Draft - Expert Review Required,WDL | Craving | Craving Management | Withdrawal | Moderate | ACTION | helper
WDL_02_1,WDL,Withdrawal एवं Craving,Insomnia,Self,Self,Adult / Any age,Any / Not specified,Withdrawal,Withdrawal Symptom,Moderate,ACTION,मेरे साथ नशा छोड़ने के बाद कई रातों से नींद बहुत खराब होना। मुझे अब क्या करना चाहिए?,मेरे साथ यह हो रहा है कि नशा छोड़ने के बाद कई रातों से नींद बहुत खराब होना। मैं कैसे संभालूं?,मेरे case में नशा छोड़ने के बाद कई रातों से नींद बहुत खराब होना। मुझे अभी क्या next step लेना चाहिए?,मुझसे यह दिक्कत हो रही है कि नशा छोड़ने के बाद कई रातों से नींद बहुत खराब होना; मैं इसे कैसे छोड़ूं या संभालूं?,sleep hygiene के साथ substance-specific clinical review thresholds बताना,"बिना पर्याप्त जानकारी diagnosis न करें; moral judgement, stigma, shame या guaranteed cure जैसी भाषा से बचें।",Conditional,CLINICAL_ASSESSMENT_IF_NEEDED,Yes,Draft - Expert Review Required,WDL | Insomnia | Withdrawal Symptom | Withdrawal | Moderate | ACTION | self
WDL_02_2,WDL,Withdrawal एवं Craving,Insomnia,Family Member,Family Member,Adult / Any age,Any / Not specified,Withdrawal,Withdrawal Symptom,Moderate,ACTION,मेरे परिवार के एक सदस्य में नशा छोड़ने के बाद कई रातों से नींद बहुत खराब होना। हम उसकी सुरक्षित और सही तरीके से मदद कैसे करें?,घर में एक व्यक्ति के साथ नशा छोड़ने के बाद कई रातों से नींद बहुत खराब होना। हमें क्या करना चाहिए?,मेरे family member में नशा छोड़ने के बाद कई रातों से नींद बहुत खराब होना। हम help कैसे करें और कब professional help लें?,हमारे घर में एक सदस्य के साथ नशा छोड़ने के बाद कई रातों से नींद बहुत खराब होना; समझाने और इलाज के लिए क्या तरीका रखें?,sleep hygiene के साथ substance-specific clinical review thresholds बताना,"बिना पर्याप्त जानकारी diagnosis न करें; moral judgement, stigma, shame या guaranteed cure जैसी भाषा से बचें।",Conditional,CLINICAL_ASSESSMENT_IF_NEEDED,Yes,Draft - Expert Review Required,WDL | Insomnia | Withdrawal Symptom | Withdrawal | Moderate | ACTION | family
WDL_02_3,WDL,Withdrawal एवं Craving,Insomnia,General Public,Person with possible substance-use concern,Adult / Any age,Any / Not specified,Withdrawal,Withdrawal Symptom,Moderate,ACTION,"यदि नशा छोड़ने के बाद कई रातों से नींद बहुत खराब होना, तो इसका क्या अर्थ हो सकता है और सही अगला कदम क्या होना चाहिए?","अगर नशा छोड़ने के बाद कई रातों से नींद बहुत खराब होना, तो इसे कितना serious मानें और क्या करें?","अगर नशा छोड़ने के बाद कई रातों से नींद बहुत खराब होना, तो क्या यह addiction/problem का sign है और next step क्या होना चाहिए?","अगर ऐसी हालत हो कि नशा छोड़ने के बाद कई रातों से नींद बहुत खराब होना, तो घर वाले क्या समझें और क्या कदम उठाएं?",sleep hygiene के साथ substance-specific clinical review thresholds बताना,"बिना पर्याप्त जानकारी diagnosis न करें; moral judgement, stigma, shame या guaranteed cure जैसी भाषा से बचें।",Conditional,CLINICAL_ASSESSMENT_IF_NEEDED,Yes,Draft - Expert Review Required,WDL | Insomnia | Withdrawal Symptom | Withdrawal | Moderate | ACTION | general
WDL_02_4,WDL,Withdrawal एवं Craving,Insomnia,Helper/Community Member,Other Person,Adult / Any age,Any / Not specified,Withdrawal,Withdrawal Symptom,Moderate,ACTION,"यदि किसी व्यक्ति में नशा छोड़ने के बाद कई रातों से नींद बहुत खराब होना, तो उसे उचित सहायता तक कैसे पहुंचाया जाए?",किसी जानने वाले के साथ नशा छोड़ने के बाद कई रातों से नींद बहुत खराब होना; उसकी मदद कैसे करें?,"अगर किसी person में नशा छोड़ने के बाद कई रातों से नींद बहुत खराब होना, तो safe support और referral कैसे करें?","गांव/मोहल्ले में किसी के साथ नशा छोड़ने के बाद कई रातों से नींद बहुत खराब होना, तो उसे बिना बदनाम किए मदद तक कैसे पहुंचाएं?",sleep hygiene के साथ substance-specific clinical review thresholds बताना,"बिना पर्याप्त जानकारी diagnosis न करें; moral judgement, stigma, shame या guaranteed cure जैसी भाषा से बचें।",Conditional,CLINICAL_ASSESSMENT_IF_NEEDED,Yes,Draft - Expert Review Required,WDL | Insomnia | Withdrawal Symptom | Withdrawal | Moderate | ACTION | helper
WDL_03_1,WDL,Withdrawal एवं Craving,Irritability,Self,Self,Adult / Any age,Any / Not specified,Withdrawal,Withdrawal Symptom,Moderate,ACTION,मेरे साथ नशा छोड़ने के बाद बहुत ज्यादा चिड़चिड़ापन या गुस्सा होना। मुझे अब क्या करना चाहिए?,मेरे साथ यह हो रहा है कि नशा छोड़ने के बाद बहुत ज्यादा चिड़चिड़ापन या गुस्सा होना। मैं कैसे संभालूं?,मेरे case में नशा छोड़ने के बाद बहुत ज्यादा चिड़चिड़ापन या गुस्सा होना। मुझे अभी क्या next step लेना चाहिए?,मुझसे यह दिक्कत हो रही है कि नशा छोड़ने के बाद बहुत ज्यादा चिड़चिड़ापन या गुस्सा होना; मैं इसे कैसे छोड़ूं या संभालूं?,normal vs severe symptoms और safety planning समझाना,"बिना पर्याप्त जानकारी diagnosis न करें; moral judgement, stigma, shame या guaranteed cure जैसी भाषा से बचें।",Conditional,CLINICAL_ASSESSMENT_IF_NEEDED,Yes,Draft - Expert Review Required,WDL | Irritability | Withdrawal Symptom | Withdrawal | Moderate | ACTION | self
WDL_03_2,WDL,Withdrawal एवं Craving,Irritability,Family Member,Family Member,Adult / Any age,Any / Not specified,Withdrawal,Withdrawal Symptom,Moderate,ACTION,मेरे परिवार के एक सदस्य में नशा छोड़ने के बाद बहुत ज्यादा चिड़चिड़ापन या गुस्सा होना। हम उसकी सुरक्षित और सही तरीके से मदद कैसे करें?,घर में एक व्यक्ति के साथ नशा छोड़ने के बाद बहुत ज्यादा चिड़चिड़ापन या गुस्सा होना। हमें क्या करना चाहिए?,मेरे family member में नशा छोड़ने के बाद बहुत ज्यादा चिड़चिड़ापन या गुस्सा होना। हम help कैसे करें और कब professional help लें?,हमारे घर में एक सदस्य के साथ नशा छोड़ने के बाद बहुत ज्यादा चिड़चिड़ापन या गुस्सा होना; समझाने और इलाज के लिए क्या तरीका रखें?,normal vs severe symptoms और safety planning समझाना,"बिना पर्याप्त जानकारी diagnosis न करें; moral judgement, stigma, shame या guaranteed cure जैसी भाषा से बचें।",Conditional,CLINICAL_ASSESSMENT_IF_NEEDED,Yes,Draft - Expert Review Required,WDL | Irritability | Withdrawal Symptom | Withdrawal | Moderate | ACTION | family
WDL_03_3,WDL,Withdrawal एवं Craving,Irritability,General Public,Person with possible substance-use concern,Adult / Any age,Any / Not specified,Withdrawal,Withdrawal Symptom,Moderate,ACTION,"यदि नशा छोड़ने के बाद बहुत ज्यादा चिड़चिड़ापन या गुस्सा होना, तो इसका क्या अर्थ हो सकता है और सही अगला कदम क्या होना चाहिए?","अगर नशा छोड़ने के बाद बहुत ज्यादा चिड़चिड़ापन या गुस्सा होना, तो इसे कितना serious मानें और क्या करें?","अगर नशा छोड़ने के बाद बहुत ज्यादा चिड़चिड़ापन या गुस्सा होना, तो क्या यह addiction/problem का sign है और next step क्या होना चाहिए?","अगर ऐसी हालत हो कि नशा छोड़ने के बाद बहुत ज्यादा चिड़चिड़ापन या गुस्सा होना, तो घर वाले क्या समझें और क्या कदम उठाएं?",normal vs severe symptoms और safety planning समझाना,"बिना पर्याप्त जानकारी diagnosis न करें; moral judgement, stigma, shame या guaranteed cure जैसी भाषा से बचें।",Conditional,CLINICAL_ASSESSMENT_IF_NEEDED,Yes,Draft - Expert Review Required,WDL | Irritability | Withdrawal Symptom | Withdrawal | Moderate | ACTION | general
WDL_03_4,WDL,Withdrawal एवं Craving,Irritability,Helper/Community Member,Other Person,Adult / Any age,Any / Not specified,Withdrawal,Withdrawal Symptom,Moderate,ACTION,"यदि किसी व्यक्ति में नशा छोड़ने के बाद बहुत ज्यादा चिड़चिड़ापन या गुस्सा होना, तो उसे उचित सहायता तक कैसे पहुंचाया जाए?",किसी जानने वाले के साथ नशा छोड़ने के बाद बहुत ज्यादा चिड़चिड़ापन या गुस्सा होना; उसकी मदद कैसे करें?,"अगर किसी person में नशा छोड़ने के बाद बहुत ज्यादा चिड़चिड़ापन या गुस्सा होना, तो safe support और referral कैसे करें?","गांव/मोहल्ले में किसी के साथ नशा छोड़ने के बाद बहुत ज्यादा चिड़चिड़ापन या गुस्सा होना, तो उसे बिना बदनाम किए मदद तक कैसे पहुंचाएं?",normal vs severe symptoms और safety planning समझाना,"बिना पर्याप्त जानकारी diagnosis न करें; moral judgement, stigma, shame या guaranteed cure जैसी भाषा से बचें।",Conditional,CLINICAL_ASSESSMENT_IF_NEEDED,Yes,Draft - Expert Review Required,WDL | Irritability | Withdrawal Symptom | Withdrawal | Moderate | ACTION | helper
WDL_04_1,WDL,Withdrawal एवं Craving,Tremor,Self,Self,Adult / Any age,Any / Not specified,Withdrawal,Withdrawal Red Flag,High,ACTION,मेरे साथ नशा कम या बंद करने के बाद हाथ कांपना। मुझे अब क्या करना चाहिए?,मेरे साथ यह हो रहा है कि नशा कम या बंद करने के बाद हाथ कांपना। मैं कैसे संभालूं?,मेरे case में नशा कम या बंद करने के बाद हाथ कांपना। मुझे अभी क्या next step लेना चाहिए?,मुझसे यह दिक्कत हो रही है कि नशा कम या बंद करने के बाद हाथ कांपना; मैं इसे कैसे छोड़ूं या संभालूं?,prompt medical assessment की जरूरत बताना,"घर पर जोखिमपूर्ण detox, medication dosing या false reassurance न दें; urgent professional assessment को delay न करें।",Urgent,URGENT_ASSESSMENT,Yes,Draft - Expert Review Required,WDL | Tremor | Withdrawal Red Flag | Withdrawal | High | ACTION | self
WDL_04_2,WDL,Withdrawal एवं Craving,Tremor,Family Member,Family Member,Adult / Any age,Any / Not specified,Withdrawal,Withdrawal Red Flag,High,ACTION,मेरे परिवार के एक सदस्य में नशा कम या बंद करने के बाद हाथ कांपना। हम उसकी सुरक्षित और सही तरीके से मदद कैसे करें?,घर में एक व्यक्ति के साथ नशा कम या बंद करने के बाद हाथ कांपना। हमें क्या करना चाहिए?,मेरे family member में नशा कम या बंद करने के बाद हाथ कांपना। हम help कैसे करें और कब professional help लें?,हमारे घर में एक सदस्य के साथ नशा कम या बंद करने के बाद हाथ कांपना; समझाने और इलाज के लिए क्या तरीका रखें?,prompt medical assessment की जरूरत बताना,"घर पर जोखिमपूर्ण detox, medication dosing या false reassurance न दें; urgent professional assessment को delay न करें।",Urgent,URGENT_ASSESSMENT,Yes,Draft - Expert Review Required,WDL | Tremor | Withdrawal Red Flag | Withdrawal | High | ACTION | family
WDL_04_3,WDL,Withdrawal एवं Craving,Tremor,General Public,Person with possible substance-use concern,Adult / Any age,Any / Not specified,Withdrawal,Withdrawal Red Flag,High,ACTION,"यदि नशा कम या बंद करने के बाद हाथ कांपना, तो इसका क्या अर्थ हो सकता है और सही अगला कदम क्या होना चाहिए?","अगर नशा कम या बंद करने के बाद हाथ कांपना, तो इसे कितना serious मानें और क्या करें?","अगर नशा कम या बंद करने के बाद हाथ कांपना, तो क्या यह addiction/problem का sign है और next step क्या होना चाहिए?","अगर ऐसी हालत हो कि नशा कम या बंद करने के बाद हाथ कांपना, तो घर वाले क्या समझें और क्या कदम उठाएं?",prompt medical assessment की जरूरत बताना,"घर पर जोखिमपूर्ण detox, medication dosing या false reassurance न दें; urgent professional assessment को delay न करें।",Urgent,URGENT_ASSESSMENT,Yes,Draft - Expert Review Required,WDL | Tremor | Withdrawal Red Flag | Withdrawal | High | ACTION | general
WDL_04_4,WDL,Withdrawal एवं Craving,Tremor,Helper/Community Member,Other Person,Adult / Any age,Any / Not specified,Withdrawal,Withdrawal Red Flag,High,ACTION,"यदि किसी व्यक्ति में नशा कम या बंद करने के बाद हाथ कांपना, तो उसे उचित सहायता तक कैसे पहुंचाया जाए?",किसी जानने वाले के साथ नशा कम या बंद करने के बाद हाथ कांपना; उसकी मदद कैसे करें?,"अगर किसी person में नशा कम या बंद करने के बाद हाथ कांपना, तो safe support और referral कैसे करें?","गांव/मोहल्ले में किसी के साथ नशा कम या बंद करने के बाद हाथ कांपना, तो उसे बिना बदनाम किए मदद तक कैसे पहुंचाएं?",prompt medical assessment की जरूरत बताना,"घर पर जोखिमपूर्ण detox, medication dosing या false reassurance न दें; urgent professional assessment को delay न करें।",Urgent,URGENT_ASSESSMENT,Yes,Draft - Expert Review Required,WDL | Tremor | Withdrawal Red Flag | Withdrawal | High | ACTION | helper
WDL_05_1,WDL,Withdrawal एवं Craving,Sweating/Palpitations,Self,Self,Adult / Any age,Any / Not specified,Withdrawal,Withdrawal Red Flag,High,ACTION,"मेरे साथ नशा छोड़ने के बाद बहुत पसीना, घबराहट या धड़कन तेज होना। मुझे अब क्या करना चाहिए?","मेरे साथ यह हो रहा है कि नशा छोड़ने के बाद बहुत पसीना, घबराहट या धड़कन तेज होना। मैं कैसे संभालूं?","मेरे case में नशा छोड़ने के बाद बहुत पसीना, घबराहट या धड़कन तेज होना। मुझे अभी क्या next step लेना चाहिए?","मुझसे यह दिक्कत हो रही है कि नशा छोड़ने के बाद बहुत पसीना, घबराहट या धड़कन तेज होना; मैं इसे कैसे छोड़ूं या संभालूं?",severity assess कर urgent medical review की दिशा देना,"घर पर जोखिमपूर्ण detox, medication dosing या false reassurance न दें; urgent professional assessment को delay न करें।",Urgent,URGENT_ASSESSMENT,Yes,Draft - Expert Review Required,WDL | Sweating/Palpitations | Withdrawal Red Flag | Withdrawal | High | ACTION | self
WDL_05_2,WDL,Withdrawal एवं Craving,Sweating/Palpitations,Family Member,Family Member,Adult / Any age,Any / Not specified,Withdrawal,Withdrawal Red Flag,High,ACTION,"मेरे परिवार के एक सदस्य में नशा छोड़ने के बाद बहुत पसीना, घबराहट या धड़कन तेज होना। हम उसकी सुरक्षित और सही तरीके से मदद कैसे करें?","घर में एक व्यक्ति के साथ नशा छोड़ने के बाद बहुत पसीना, घबराहट या धड़कन तेज होना। हमें क्या करना चाहिए?","मेरे family member में नशा छोड़ने के बाद बहुत पसीना, घबराहट या धड़कन तेज होना। हम help कैसे करें और कब professional help लें?","हमारे घर में एक सदस्य के साथ नशा छोड़ने के बाद बहुत पसीना, घबराहट या धड़कन तेज होना; समझाने और इलाज के लिए क्या तरीका रखें?",severity assess कर urgent medical review की दिशा देना,"घर पर जोखिमपूर्ण detox, medication dosing या false reassurance न दें; urgent professional assessment को delay न करें।",Urgent,URGENT_ASSESSMENT,Yes,Draft - Expert Review Required,WDL | Sweating/Palpitations | Withdrawal Red Flag | Withdrawal | High | ACTION | family
WDL_05_3,WDL,Withdrawal एवं Craving,Sweating/Palpitations,General Public,Person with possible substance-use concern,Adult / Any age,Any / Not specified,Withdrawal,Withdrawal Red Flag,High,ACTION,"यदि नशा छोड़ने के बाद बहुत पसीना, घबराहट या धड़कन तेज होना, तो इसका क्या अर्थ हो सकता है और सही अगला कदम क्या होना चाहिए?","अगर नशा छोड़ने के बाद बहुत पसीना, घबराहट या धड़कन तेज होना, तो इसे कितना serious मानें और क्या करें?","अगर नशा छोड़ने के बाद बहुत पसीना, घबराहट या धड़कन तेज होना, तो क्या यह addiction/problem का sign है और next step क्या होना चाहिए?","अगर ऐसी हालत हो कि नशा छोड़ने के बाद बहुत पसीना, घबराहट या धड़कन तेज होना, तो घर वाले क्या समझें और क्या कदम उठाएं?",severity assess कर urgent medical review की दिशा देना,"घर पर जोखिमपूर्ण detox, medication dosing या false reassurance न दें; urgent professional assessment को delay न करें।",Urgent,URGENT_ASSESSMENT,Yes,Draft - Expert Review Required,WDL | Sweating/Palpitations | Withdrawal Red Flag | Withdrawal | High | ACTION | general
WDL_05_4,WDL,Withdrawal एवं Craving,Sweating/Palpitations,Helper/Community Member,Other Person,Adult / Any age,Any / Not specified,Withdrawal,Withdrawal Red Flag,High,ACTION,"यदि किसी व्यक्ति में नशा छोड़ने के बाद बहुत पसीना, घबराहट या धड़कन तेज होना, तो उसे उचित सहायता तक कैसे पहुंचाया जाए?","किसी जानने वाले के साथ नशा छोड़ने के बाद बहुत पसीना, घबराहट या धड़कन तेज होना; उसकी मदद कैसे करें?","अगर किसी person में नशा छोड़ने के बाद बहुत पसीना, घबराहट या धड़कन तेज होना, तो safe support और referral कैसे करें?","गांव/मोहल्ले में किसी के साथ नशा छोड़ने के बाद बहुत पसीना, घबराहट या धड़कन तेज होना, तो उसे बिना बदनाम किए मदद तक कैसे पहुंचाएं?",severity assess कर urgent medical review की दिशा देना,"घर पर जोखिमपूर्ण detox, medication dosing या false reassurance न दें; urgent professional assessment को delay न करें।",Urgent,URGENT_ASSESSMENT,Yes,Draft - Expert Review Required,WDL | Sweating/Palpitations | Withdrawal Red Flag | Withdrawal | High | ACTION | helper
WDL_06_1,WDL,Withdrawal एवं Craving,Vomiting/Dehydration,Self,Self,Adult / Any age,Any / Not specified,Withdrawal,Withdrawal Complication,High,ACTION,मेरे साथ withdrawal के दौरान लगातार उल्टी या पानी न टिकना। मुझे अब क्या करना चाहिए?,मेरे साथ यह हो रहा है कि withdrawal के दौरान लगातार उल्टी या पानी न टिकना। मैं कैसे संभालूं?,मेरे case में withdrawal के दौरान लगातार उल्टी या पानी न टिकना। मुझे अभी क्या next step लेना चाहिए?,मुझसे यह दिक्कत हो रही है कि withdrawal के दौरान लगातार उल्टी या पानी न टिकना; मैं इसे कैसे छोड़ूं या संभालूं?,dehydration/complication risk और urgent care बताना,"घर पर जोखिमपूर्ण detox, medication dosing या false reassurance न दें; urgent professional assessment को delay न करें।",Urgent,URGENT_ASSESSMENT,Yes,Draft - Expert Review Required,WDL | Vomiting/Dehydration | Withdrawal Complication | Withdrawal | High | ACTION | self
WDL_06_2,WDL,Withdrawal एवं Craving,Vomiting/Dehydration,Family Member,Family Member,Adult / Any age,Any / Not specified,Withdrawal,Withdrawal Complication,High,ACTION,मेरे परिवार के एक सदस्य में withdrawal के दौरान लगातार उल्टी या पानी न टिकना। हम उसकी सुरक्षित और सही तरीके से मदद कैसे करें?,घर में एक व्यक्ति के साथ withdrawal के दौरान लगातार उल्टी या पानी न टिकना। हमें क्या करना चाहिए?,मेरे family member में withdrawal के दौरान लगातार उल्टी या पानी न टिकना। हम help कैसे करें और कब professional help लें?,हमारे घर में एक सदस्य के साथ withdrawal के दौरान लगातार उल्टी या पानी न टिकना; समझाने और इलाज के लिए क्या तरीका रखें?,dehydration/complication risk और urgent care बताना,"घर पर जोखिमपूर्ण detox, medication dosing या false reassurance न दें; urgent professional assessment को delay न करें।",Urgent,URGENT_ASSESSMENT,Yes,Draft - Expert Review Required,WDL | Vomiting/Dehydration | Withdrawal Complication | Withdrawal | High | ACTION | family
WDL_06_3,WDL,Withdrawal एवं Craving,Vomiting/Dehydration,General Public,Person with possible substance-use concern,Adult / Any age,Any / Not specified,Withdrawal,Withdrawal Complication,High,ACTION,"यदि withdrawal के दौरान लगातार उल्टी या पानी न टिकना, तो इसका क्या अर्थ हो सकता है और सही अगला कदम क्या होना चाहिए?","अगर withdrawal के दौरान लगातार उल्टी या पानी न टिकना, तो इसे कितना serious मानें और क्या करें?","अगर withdrawal के दौरान लगातार उल्टी या पानी न टिकना, तो क्या यह addiction/problem का sign है और next step क्या होना चाहिए?","अगर ऐसी हालत हो कि withdrawal के दौरान लगातार उल्टी या पानी न टिकना, तो घर वाले क्या समझें और क्या कदम उठाएं?",dehydration/complication risk और urgent care बताना,"घर पर जोखिमपूर्ण detox, medication dosing या false reassurance न दें; urgent professional assessment को delay न करें।",Urgent,URGENT_ASSESSMENT,Yes,Draft - Expert Review Required,WDL | Vomiting/Dehydration | Withdrawal Complication | Withdrawal | High | ACTION | general
WDL_06_4,WDL,Withdrawal एवं Craving,Vomiting/Dehydration,Helper/Community Member,Other Person,Adult / Any age,Any / Not specified,Withdrawal,Withdrawal Complication,High,ACTION,"यदि किसी व्यक्ति में withdrawal के दौरान लगातार उल्टी या पानी न टिकना, तो उसे उचित सहायता तक कैसे पहुंचाया जाए?",किसी जानने वाले के साथ withdrawal के दौरान लगातार उल्टी या पानी न टिकना; उसकी मदद कैसे करें?,"अगर किसी person में withdrawal के दौरान लगातार उल्टी या पानी न टिकना, तो safe support और referral कैसे करें?","गांव/मोहल्ले में किसी के साथ withdrawal के दौरान लगातार उल्टी या पानी न टिकना, तो उसे बिना बदनाम किए मदद तक कैसे पहुंचाएं?",dehydration/complication risk और urgent care बताना,"घर पर जोखिमपूर्ण detox, medication dosing या false reassurance न दें; urgent professional assessment को delay न करें।",Urgent,URGENT_ASSESSMENT,Yes,Draft - Expert Review Required,WDL | Vomiting/Dehydration | Withdrawal Complication | Withdrawal | High | ACTION | helper
WDL_07_1,WDL,Withdrawal एवं Craving,Confusion,Self,Self,Adult / Any age,Any / Not specified,Withdrawal,Severe Withdrawal,Emergency,CRISIS,"मेरे साथ नशा छोड़ने के बाद भ्रम, disorientation या असामान्य व्यवहार होना। मुझे अब क्या करना चाहिए?","मेरे साथ यह हो रहा है कि नशा छोड़ने के बाद भ्रम, disorientation या असामान्य व्यवहार होना। मैं कैसे संभालूं?","मेरे case में नशा छोड़ने के बाद भ्रम, disorientation या असामान्य व्यवहार होना। मुझे अभी क्या next step लेना चाहिए?","मुझसे यह दिक्कत हो रही है कि नशा छोड़ने के बाद भ्रम, disorientation या असामान्य व्यवहार होना; मैं इसे कैसे छोड़ूं या संभालूं?",emergency medical evaluation activate करना,"लंबी counselling/diagnosis में न जाएं; अकेला न छोड़ने, तत्काल emergency medical/safety help और स्थानीय आपात सेवा को प्राथमिकता दें।",Immediate,EMERGENCY_ROUTE,Yes,Draft - Expert Review Required,WDL | Confusion | Severe Withdrawal | Withdrawal | Emergency | CRISIS | self
WDL_07_2,WDL,Withdrawal एवं Craving,Confusion,Family Member,Family Member,Adult / Any age,Any / Not specified,Withdrawal,Severe Withdrawal,Emergency,CRISIS,"मेरे परिवार के एक सदस्य में नशा छोड़ने के बाद भ्रम, disorientation या असामान्य व्यवहार होना। हम उसकी सुरक्षित और सही तरीके से मदद कैसे करें?","घर में एक व्यक्ति के साथ नशा छोड़ने के बाद भ्रम, disorientation या असामान्य व्यवहार होना। हमें क्या करना चाहिए?","मेरे family member में नशा छोड़ने के बाद भ्रम, disorientation या असामान्य व्यवहार होना। हम help कैसे करें और कब professional help लें?","हमारे घर में एक सदस्य के साथ नशा छोड़ने के बाद भ्रम, disorientation या असामान्य व्यवहार होना; समझाने और इलाज के लिए क्या तरीका रखें?",emergency medical evaluation activate करना,"लंबी counselling/diagnosis में न जाएं; अकेला न छोड़ने, तत्काल emergency medical/safety help और स्थानीय आपात सेवा को प्राथमिकता दें।",Immediate,EMERGENCY_ROUTE,Yes,Draft - Expert Review Required,WDL | Confusion | Severe Withdrawal | Withdrawal | Emergency | CRISIS | family
WDL_07_3,WDL,Withdrawal एवं Craving,Confusion,General Public,Person with possible substance-use concern,Adult / Any age,Any / Not specified,Withdrawal,Severe Withdrawal,Emergency,CRISIS,"यदि नशा छोड़ने के बाद भ्रम, disorientation या असामान्य व्यवहार होना, तो इसका क्या अर्थ हो सकता है और सही अगला कदम क्या होना चाहिए?","अगर नशा छोड़ने के बाद भ्रम, disorientation या असामान्य व्यवहार होना, तो इसे कितना serious मानें और क्या करें?","अगर नशा छोड़ने के बाद भ्रम, disorientation या असामान्य व्यवहार होना, तो क्या यह addiction/problem का sign है और next step क्या होना चाहिए?","अगर ऐसी हालत हो कि नशा छोड़ने के बाद भ्रम, disorientation या असामान्य व्यवहार होना, तो घर वाले क्या समझें और क्या कदम उठाएं?",emergency medical evaluation activate करना,"लंबी counselling/diagnosis में न जाएं; अकेला न छोड़ने, तत्काल emergency medical/safety help और स्थानीय आपात सेवा को प्राथमिकता दें।",Immediate,EMERGENCY_ROUTE,Yes,Draft - Expert Review Required,WDL | Confusion | Severe Withdrawal | Withdrawal | Emergency | CRISIS | general
WDL_07_4,WDL,Withdrawal एवं Craving,Confusion,Helper/Community Member,Other Person,Adult / Any age,Any / Not specified,Withdrawal,Severe Withdrawal,Emergency,CRISIS,"यदि किसी व्यक्ति में नशा छोड़ने के बाद भ्रम, disorientation या असामान्य व्यवहार होना, तो उसे उचित सहायता तक कैसे पहुंचाया जाए?","किसी जानने वाले के साथ नशा छोड़ने के बाद भ्रम, disorientation या असामान्य व्यवहार होना; उसकी मदद कैसे करें?","अगर किसी person में नशा छोड़ने के बाद भ्रम, disorientation या असामान्य व्यवहार होना, तो safe support और referral कैसे करें?","गांव/मोहल्ले में किसी के साथ नशा छोड़ने के बाद भ्रम, disorientation या असामान्य व्यवहार होना, तो उसे बिना बदनाम किए मदद तक कैसे पहुंचाएं?",emergency medical evaluation activate करना,"लंबी counselling/diagnosis में न जाएं; अकेला न छोड़ने, तत्काल emergency medical/safety help और स्थानीय आपात सेवा को प्राथमिकता दें।",Immediate,EMERGENCY_ROUTE,Yes,Draft - Expert Review Required,WDL | Confusion | Severe Withdrawal | Withdrawal | Emergency | CRISIS | helper
WDL_08_1,WDL,Withdrawal एवं Craving,Hallucination,Self,Self,Adult / Any age,Any / Not specified,Withdrawal,Severe Withdrawal,Emergency,CRISIS,मेरे साथ withdrawal के दौरान ऐसी चीजें दिखना या सुनाई देना जो मौजूद नहीं हैं। मुझे अब क्या करना चाहिए?,मेरे साथ यह हो रहा है कि withdrawal के दौरान ऐसी चीजें दिखना या सुनाई देना जो मौजूद नहीं हैं। मैं कैसे संभालूं?,मेरे case में withdrawal के दौरान ऐसी चीजें दिखना या सुनाई देना जो मौजूद नहीं हैं। मुझे अभी क्या next step लेना चाहिए?,मुझसे यह दिक्कत हो रही है कि withdrawal के दौरान ऐसी चीजें दिखना या सुनाई देना जो मौजूद नहीं हैं; मैं इसे कैसे छोड़ूं या संभालूं?,emergency response और supervision पर जोर देना,"लंबी counselling/diagnosis में न जाएं; अकेला न छोड़ने, तत्काल emergency medical/safety help और स्थानीय आपात सेवा को प्राथमिकता दें।",Immediate,EMERGENCY_ROUTE,Yes,Draft - Expert Review Required,WDL | Hallucination | Severe Withdrawal | Withdrawal | Emergency | CRISIS | self
WDL_08_2,WDL,Withdrawal एवं Craving,Hallucination,Family Member,Family Member,Adult / Any age,Any / Not specified,Withdrawal,Severe Withdrawal,Emergency,CRISIS,मेरे परिवार के एक सदस्य में withdrawal के दौरान ऐसी चीजें दिखना या सुनाई देना जो मौजूद नहीं हैं। हम उसकी सुरक्षित और सही तरीके से मदद कैसे करें?,घर में एक व्यक्ति के साथ withdrawal के दौरान ऐसी चीजें दिखना या सुनाई देना जो मौजूद नहीं हैं। हमें क्या करना चाहिए?,मेरे family member में withdrawal के दौरान ऐसी चीजें दिखना या सुनाई देना जो मौजूद नहीं हैं। हम help कैसे करें और कब professional help लें?,हमारे घर में एक सदस्य के साथ withdrawal के दौरान ऐसी चीजें दिखना या सुनाई देना जो मौजूद नहीं हैं; समझाने और इलाज के लिए क्या तरीका रखें?,emergency response और supervision पर जोर देना,"लंबी counselling/diagnosis में न जाएं; अकेला न छोड़ने, तत्काल emergency medical/safety help और स्थानीय आपात सेवा को प्राथमिकता दें।",Immediate,EMERGENCY_ROUTE,Yes,Draft - Expert Review Required,WDL | Hallucination | Severe Withdrawal | Withdrawal | Emergency | CRISIS | family
WDL_08_3,WDL,Withdrawal एवं Craving,Hallucination,General Public,Person with possible substance-use concern,Adult / Any age,Any / Not specified,Withdrawal,Severe Withdrawal,Emergency,CRISIS,"यदि withdrawal के दौरान ऐसी चीजें दिखना या सुनाई देना जो मौजूद नहीं हैं, तो इसका क्या अर्थ हो सकता है और सही अगला कदम क्या होना चाहिए?","अगर withdrawal के दौरान ऐसी चीजें दिखना या सुनाई देना जो मौजूद नहीं हैं, तो इसे कितना serious मानें और क्या करें?","अगर withdrawal के दौरान ऐसी चीजें दिखना या सुनाई देना जो मौजूद नहीं हैं, तो क्या यह addiction/problem का sign है और next step क्या होना चाहिए?","अगर ऐसी हालत हो कि withdrawal के दौरान ऐसी चीजें दिखना या सुनाई देना जो मौजूद नहीं हैं, तो घर वाले क्या समझें और क्या कदम उठाएं?",emergency response और supervision पर जोर देना,"लंबी counselling/diagnosis में न जाएं; अकेला न छोड़ने, तत्काल emergency medical/safety help और स्थानीय आपात सेवा को प्राथमिकता दें।",Immediate,EMERGENCY_ROUTE,Yes,Draft - Expert Review Required,WDL | Hallucination | Severe Withdrawal | Withdrawal | Emergency | CRISIS | general
WDL_08_4,WDL,Withdrawal एवं Craving,Hallucination,Helper/Community Member,Other Person,Adult / Any age,Any / Not specified,Withdrawal,Severe Withdrawal,Emergency,CRISIS,"यदि किसी व्यक्ति में withdrawal के दौरान ऐसी चीजें दिखना या सुनाई देना जो मौजूद नहीं हैं, तो उसे उचित सहायता तक कैसे पहुंचाया जाए?",किसी जानने वाले के साथ withdrawal के दौरान ऐसी चीजें दिखना या सुनाई देना जो मौजूद नहीं हैं; उसकी मदद कैसे करें?,"अगर किसी person में withdrawal के दौरान ऐसी चीजें दिखना या सुनाई देना जो मौजूद नहीं हैं, तो safe support और referral कैसे करें?","गांव/मोहल्ले में किसी के साथ withdrawal के दौरान ऐसी चीजें दिखना या सुनाई देना जो मौजूद नहीं हैं, तो उसे बिना बदनाम किए मदद तक कैसे पहुंचाएं?",emergency response और supervision पर जोर देना,"लंबी counselling/diagnosis में न जाएं; अकेला न छोड़ने, तत्काल emergency medical/safety help और स्थानीय आपात सेवा को प्राथमिकता दें।",Immediate,EMERGENCY_ROUTE,Yes,Draft - Expert Review Required,WDL | Hallucination | Severe Withdrawal | Withdrawal | Emergency | CRISIS | helper
WDL_09_1,WDL,Withdrawal एवं Craving,Seizure,Self,Self,Adult / Any age,Any / Not specified,Withdrawal,Severe Withdrawal,Emergency,CRISIS,मेरे साथ नशा बंद करने के बाद दौरा पड़ना। मुझे अब क्या करना चाहिए?,मेरे साथ यह हो रहा है कि नशा बंद करने के बाद दौरा पड़ना। मैं कैसे संभालूं?,मेरे case में नशा बंद करने के बाद दौरा पड़ना। मुझे अभी क्या next step लेना चाहिए?,मुझसे यह दिक्कत हो रही है कि नशा बंद करने के बाद दौरा पड़ना; मैं इसे कैसे छोड़ूं या संभालूं?,तत्काल emergency medical help की ओर route करना,"लंबी counselling/diagnosis में न जाएं; अकेला न छोड़ने, तत्काल emergency medical/safety help और स्थानीय आपात सेवा को प्राथमिकता दें।",Immediate,EMERGENCY_ROUTE,Yes,Draft - Expert Review Required,WDL | Seizure | Severe Withdrawal | Withdrawal | Emergency | CRISIS | self
WDL_09_2,WDL,Withdrawal एवं Craving,Seizure,Family Member,Family Member,Adult / Any age,Any / Not specified,Withdrawal,Severe Withdrawal,Emergency,CRISIS,मेरे परिवार के एक सदस्य में नशा बंद करने के बाद दौरा पड़ना। हम उसकी सुरक्षित और सही तरीके से मदद कैसे करें?,घर में एक व्यक्ति के साथ नशा बंद करने के बाद दौरा पड़ना। हमें क्या करना चाहिए?,मेरे family member में नशा बंद करने के बाद दौरा पड़ना। हम help कैसे करें और कब professional help लें?,हमारे घर में एक सदस्य के साथ नशा बंद करने के बाद दौरा पड़ना; समझाने और इलाज के लिए क्या तरीका रखें?,तत्काल emergency medical help की ओर route करना,"लंबी counselling/diagnosis में न जाएं; अकेला न छोड़ने, तत्काल emergency medical/safety help और स्थानीय आपात सेवा को प्राथमिकता दें।",Immediate,EMERGENCY_ROUTE,Yes,Draft - Expert Review Required,WDL | Seizure | Severe Withdrawal | Withdrawal | Emergency | CRISIS | family
WDL_09_3,WDL,Withdrawal एवं Craving,Seizure,General Public,Person with possible substance-use concern,Adult / Any age,Any / Not specified,Withdrawal,Severe Withdrawal,Emergency,CRISIS,"यदि नशा बंद करने के बाद दौरा पड़ना, तो इसका क्या अर्थ हो सकता है और सही अगला कदम क्या होना चाहिए?","अगर नशा बंद करने के बाद दौरा पड़ना, तो इसे कितना serious मानें और क्या करें?","अगर नशा बंद करने के बाद दौरा पड़ना, तो क्या यह addiction/problem का sign है और next step क्या होना चाहिए?","अगर ऐसी हालत हो कि नशा बंद करने के बाद दौरा पड़ना, तो घर वाले क्या समझें और क्या कदम उठाएं?",तत्काल emergency medical help की ओर route करना,"लंबी counselling/diagnosis में न जाएं; अकेला न छोड़ने, तत्काल emergency medical/safety help और स्थानीय आपात सेवा को प्राथमिकता दें।",Immediate,EMERGENCY_ROUTE,Yes,Draft - Expert Review Required,WDL | Seizure | Severe Withdrawal | Withdrawal | Emergency | CRISIS | general
WDL_09_4,WDL,Withdrawal एवं Craving,Seizure,Helper/Community Member,Other Person,Adult / Any age,Any / Not specified,Withdrawal,Severe Withdrawal,Emergency,CRISIS,"यदि किसी व्यक्ति में नशा बंद करने के बाद दौरा पड़ना, तो उसे उचित सहायता तक कैसे पहुंचाया जाए?",किसी जानने वाले के साथ नशा बंद करने के बाद दौरा पड़ना; उसकी मदद कैसे करें?,"अगर किसी person में नशा बंद करने के बाद दौरा पड़ना, तो safe support और referral कैसे करें?","गांव/मोहल्ले में किसी के साथ नशा बंद करने के बाद दौरा पड़ना, तो उसे बिना बदनाम किए मदद तक कैसे पहुंचाएं?",तत्काल emergency medical help की ओर route करना,"लंबी counselling/diagnosis में न जाएं; अकेला न छोड़ने, तत्काल emergency medical/safety help और स्थानीय आपात सेवा को प्राथमिकता दें।",Immediate,EMERGENCY_ROUTE,Yes,Draft - Expert Review Required,WDL | Seizure | Severe Withdrawal | Withdrawal | Emergency | CRISIS | helper
WDL_10_1,WDL,Withdrawal एवं Craving,Craving Trigger,Self,Self,Adult / Any age,Any / Not specified,Recovery,Trigger Management,Moderate,RELAPSE,"मेरे साथ किसी खास जगह, दोस्त या घटना से अचानक craving बहुत बढ़ना। मुझे अब क्या करना चाहिए?","मेरे साथ यह हो रहा है कि किसी खास जगह, दोस्त या घटना से अचानक craving बहुत बढ़ना। मैं कैसे संभालूं?","मेरे case में किसी खास जगह, दोस्त या घटना से अचानक craving बहुत बढ़ना। मुझे अभी क्या next step लेना चाहिए?","मुझसे यह दिक्कत हो रही है कि किसी खास जगह, दोस्त या घटना से अचानक craving बहुत बढ़ना; मैं इसे कैसे छोड़ूं या संभालूं?","trigger interruption, delay, support और exit plan बताना","बिना पर्याप्त जानकारी diagnosis न करें; moral judgement, stigma, shame या guaranteed cure जैसी भाषा से बचें।",Conditional,CLINICAL_ASSESSMENT_IF_NEEDED,Yes,Draft - Expert Review Required,WDL | Craving Trigger | Trigger Management | Recovery | Moderate | RELAPSE | self
WDL_10_2,WDL,Withdrawal एवं Craving,Craving Trigger,Family Member,Family Member,Adult / Any age,Any / Not specified,Recovery,Trigger Management,Moderate,RELAPSE,"मेरे परिवार के एक सदस्य में किसी खास जगह, दोस्त या घटना से अचानक craving बहुत बढ़ना। हम उसकी सुरक्षित और सही तरीके से मदद कैसे करें?","घर में एक व्यक्ति के साथ किसी खास जगह, दोस्त या घटना से अचानक craving बहुत बढ़ना। हमें क्या करना चाहिए?","मेरे family member में किसी खास जगह, दोस्त या घटना से अचानक craving बहुत बढ़ना। हम help कैसे करें और कब professional help लें?","हमारे घर में एक सदस्य के साथ किसी खास जगह, दोस्त या घटना से अचानक craving बहुत बढ़ना; समझाने और इलाज के लिए क्या तरीका रखें?","trigger interruption, delay, support और exit plan बताना","बिना पर्याप्त जानकारी diagnosis न करें; moral judgement, stigma, shame या guaranteed cure जैसी भाषा से बचें।",Conditional,CLINICAL_ASSESSMENT_IF_NEEDED,Yes,Draft - Expert Review Required,WDL | Craving Trigger | Trigger Management | Recovery | Moderate | RELAPSE | family
WDL_10_3,WDL,Withdrawal एवं Craving,Craving Trigger,General Public,Person with possible substance-use concern,Adult / Any age,Any / Not specified,Recovery,Trigger Management,Moderate,RELAPSE,"यदि किसी खास जगह, दोस्त या घटना से अचानक craving बहुत बढ़ना, तो इसका क्या अर्थ हो सकता है और सही अगला कदम क्या होना चाहिए?","अगर किसी खास जगह, दोस्त या घटना से अचानक craving बहुत बढ़ना, तो इसे कितना serious मानें और क्या करें?","अगर किसी खास जगह, दोस्त या घटना से अचानक craving बहुत बढ़ना, तो क्या यह addiction/problem का sign है और next step क्या होना चाहिए?","अगर ऐसी हालत हो कि किसी खास जगह, दोस्त या घटना से अचानक craving बहुत बढ़ना, तो घर वाले क्या समझें और क्या कदम उठाएं?","trigger interruption, delay, support और exit plan बताना","बिना पर्याप्त जानकारी diagnosis न करें; moral judgement, stigma, shame या guaranteed cure जैसी भाषा से बचें।",Conditional,CLINICAL_ASSESSMENT_IF_NEEDED,Yes,Draft - Expert Review Required,WDL | Craving Trigger | Trigger Management | Recovery | Moderate | RELAPSE | general
WDL_10_4,WDL,Withdrawal एवं Craving,Craving Trigger,Helper/Community Member,Other Person,Adult / Any age,Any / Not specified,Recovery,Trigger Management,Moderate,RELAPSE,"यदि किसी व्यक्ति में किसी खास जगह, दोस्त या घटना से अचानक craving बहुत बढ़ना, तो उसे उचित सहायता तक कैसे पहुंचाया जाए?","किसी जानने वाले के साथ किसी खास जगह, दोस्त या घटना से अचानक craving बहुत बढ़ना; उसकी मदद कैसे करें?","अगर किसी person में किसी खास जगह, दोस्त या घटना से अचानक craving बहुत बढ़ना, तो safe support और referral कैसे करें?","गांव/मोहल्ले में किसी के साथ किसी खास जगह, दोस्त या घटना से अचानक craving बहुत बढ़ना, तो उसे बिना बदनाम किए मदद तक कैसे पहुंचाएं?","trigger interruption, delay, support और exit plan बताना","बिना पर्याप्त जानकारी diagnosis न करें; moral judgement, stigma, shame या guaranteed cure जैसी भाषा से बचें।",Conditional,CLINICAL_ASSESSMENT_IF_NEEDED,Yes,Draft - Expert Review Required,WDL | Craving Trigger | Trigger Management | Recovery | Moderate | RELAPSE | helper
TRT_01_1,TRT,"Treatment, Counselling एवं Rehabilitation",Who to Consult,Self,Self,Adult / Any age,Any / Not specified,Treatment,Care Navigation,Routine,TREATMENT,"मेरे साथ समझ न आना कि psychiatrist, psychologist, counsellor या physician में किससे संपर्क करें। मुझे अब क्या करना चाहिए?","मेरे साथ यह हो रहा है कि समझ न आना कि psychiatrist, psychologist, counsellor या physician में किससे संपर्क करें। मैं कैसे संभालूं?","मेरे case में समझ न आना कि psychiatrist, psychologist, counsellor या physician में किससे संपर्क करें। मुझे अभी क्या next step लेना चाहिए?","मुझसे यह दिक्कत हो रही है कि समझ न आना कि psychiatrist, psychologist, counsellor या physician में किससे संपर्क करें; मैं इसे कैसे छोड़ूं या संभालूं?",roles समझाकर appropriate entry point बताना,विशिष्ट prescription/dose न दें; बिना assessment diagnosis न करें; qualified professional referral को स्पष्ट रखें।,No routine escalation,STANDARD,Recommended,Draft - Expert Review Required,TRT | Who to Consult | Care Navigation | Treatment | Routine | TREATMENT | self
TRT_01_2,TRT,"Treatment, Counselling एवं Rehabilitation",Who to Consult,Family Member,Family Member,Adult / Any age,Any / Not specified,Treatment,Care Navigation,Routine,TREATMENT,"मेरे परिवार के एक सदस्य में समझ न आना कि psychiatrist, psychologist, counsellor या physician में किससे संपर्क करें। हम उसकी सुरक्षित और सही तरीके से मदद कैसे करें?","घर में एक व्यक्ति के साथ समझ न आना कि psychiatrist, psychologist, counsellor या physician में किससे संपर्क करें। हमें क्या करना चाहिए?","मेरे family member में समझ न आना कि psychiatrist, psychologist, counsellor या physician में किससे संपर्क करें। हम help कैसे करें और कब professional help लें?","हमारे घर में एक सदस्य के साथ समझ न आना कि psychiatrist, psychologist, counsellor या physician में किससे संपर्क करें; समझाने और इलाज के लिए क्या तरीका रखें?",roles समझाकर appropriate entry point बताना,विशिष्ट prescription/dose न दें; बिना assessment diagnosis न करें; qualified professional referral को स्पष्ट रखें।,No routine escalation,STANDARD,Recommended,Draft - Expert Review Required,TRT | Who to Consult | Care Navigation | Treatment | Routine | TREATMENT | family
TRT_01_3,TRT,"Treatment, Counselling एवं Rehabilitation",Who to Consult,General Public,Person with possible substance-use concern,Adult / Any age,Any / Not specified,Treatment,Care Navigation,Routine,TREATMENT,"यदि समझ न आना कि psychiatrist, psychologist, counsellor या physician में किससे संपर्क करें, तो इसका क्या अर्थ हो सकता है और सही अगला कदम क्या होना चाहिए?","अगर समझ न आना कि psychiatrist, psychologist, counsellor या physician में किससे संपर्क करें, तो इसे कितना serious मानें और क्या करें?","अगर समझ न आना कि psychiatrist, psychologist, counsellor या physician में किससे संपर्क करें, तो क्या यह addiction/problem का sign है और next step क्या होना चाहिए?","अगर ऐसी हालत हो कि समझ न आना कि psychiatrist, psychologist, counsellor या physician में किससे संपर्क करें, तो घर वाले क्या समझें और क्या कदम उठाएं?",roles समझाकर appropriate entry point बताना,विशिष्ट prescription/dose न दें; बिना assessment diagnosis न करें; qualified professional referral को स्पष्ट रखें।,No routine escalation,STANDARD,Recommended,Draft - Expert Review Required,TRT | Who to Consult | Care Navigation | Treatment | Routine | TREATMENT | general
TRT_01_4,TRT,"Treatment, Counselling एवं Rehabilitation",Who to Consult,Helper/Community Member,Other Person,Adult / Any age,Any / Not specified,Treatment,Care Navigation,Routine,TREATMENT,"यदि किसी व्यक्ति में समझ न आना कि psychiatrist, psychologist, counsellor या physician में किससे संपर्क करें, तो उसे उचित सहायता तक कैसे पहुंचाया जाए?","किसी जानने वाले के साथ समझ न आना कि psychiatrist, psychologist, counsellor या physician में किससे संपर्क करें; उसकी मदद कैसे करें?","अगर किसी person में समझ न आना कि psychiatrist, psychologist, counsellor या physician में किससे संपर्क करें, तो safe support और referral कैसे करें?","गांव/मोहल्ले में किसी के साथ समझ न आना कि psychiatrist, psychologist, counsellor या physician में किससे संपर्क करें, तो उसे बिना बदनाम किए मदद तक कैसे पहुंचाएं?",roles समझाकर appropriate entry point बताना,विशिष्ट prescription/dose न दें; बिना assessment diagnosis न करें; qualified professional referral को स्पष्ट रखें।,No routine escalation,STANDARD,Recommended,Draft - Expert Review Required,TRT | Who to Consult | Care Navigation | Treatment | Routine | TREATMENT | helper
TRT_02_1,TRT,"Treatment, Counselling एवं Rehabilitation",Detox,Self,Self,Adult / Any age,Any / Not specified,Treatment,Treatment Literacy,Routine,INFO,मेरे साथ detoxification के दौरान क्या होता है यह जानने की जरूरत होना। मुझे अब क्या करना चाहिए?,मेरे साथ यह हो रहा है कि detoxification के दौरान क्या होता है यह जानने की जरूरत होना। मैं कैसे संभालूं?,मेरे case में detoxification के दौरान क्या होता है यह जानने की जरूरत होना। मुझे अभी क्या next step लेना चाहिए?,मुझसे यह दिक्कत हो रही है कि detoxification के दौरान क्या होता है यह जानने की जरूरत होना; मैं इसे कैसे छोड़ूं या संभालूं?,"detox का उद्देश्य, monitoring और limitations समझाना","बिना पर्याप्त जानकारी diagnosis न करें; moral judgement, stigma, shame या guaranteed cure जैसी भाषा से बचें।",No routine escalation,STANDARD,Recommended,Draft - Expert Review Required,TRT | Detox | Treatment Literacy | Treatment | Routine | INFO | self
TRT_02_2,TRT,"Treatment, Counselling एवं Rehabilitation",Detox,Family Member,Family Member,Adult / Any age,Any / Not specified,Treatment,Treatment Literacy,Routine,INFO,मेरे परिवार के एक सदस्य में detoxification के दौरान क्या होता है यह जानने की जरूरत होना। हम उसकी सुरक्षित और सही तरीके से मदद कैसे करें?,घर में एक व्यक्ति के साथ detoxification के दौरान क्या होता है यह जानने की जरूरत होना। हमें क्या करना चाहिए?,मेरे family member में detoxification के दौरान क्या होता है यह जानने की जरूरत होना। हम help कैसे करें और कब professional help लें?,हमारे घर में एक सदस्य के साथ detoxification के दौरान क्या होता है यह जानने की जरूरत होना; समझाने और इलाज के लिए क्या तरीका रखें?,"detox का उद्देश्य, monitoring और limitations समझाना","बिना पर्याप्त जानकारी diagnosis न करें; moral judgement, stigma, shame या guaranteed cure जैसी भाषा से बचें।",No routine escalation,STANDARD,Recommended,Draft - Expert Review Required,TRT | Detox | Treatment Literacy | Treatment | Routine | INFO | family
TRT_02_3,TRT,"Treatment, Counselling एवं Rehabilitation",Detox,General Public,Person with possible substance-use concern,Adult / Any age,Any / Not specified,Treatment,Treatment Literacy,Routine,INFO,"यदि detoxification के दौरान क्या होता है यह जानने की जरूरत होना, तो इसका क्या अर्थ हो सकता है और सही अगला कदम क्या होना चाहिए?","अगर detoxification के दौरान क्या होता है यह जानने की जरूरत होना, तो इसे कितना serious मानें और क्या करें?","अगर detoxification के दौरान क्या होता है यह जानने की जरूरत होना, तो क्या यह addiction/problem का sign है और next step क्या होना चाहिए?","अगर ऐसी हालत हो कि detoxification के दौरान क्या होता है यह जानने की जरूरत होना, तो घर वाले क्या समझें और क्या कदम उठाएं?","detox का उद्देश्य, monitoring और limitations समझाना","बिना पर्याप्त जानकारी diagnosis न करें; moral judgement, stigma, shame या guaranteed cure जैसी भाषा से बचें।",No routine escalation,STANDARD,Recommended,Draft - Expert Review Required,TRT | Detox | Treatment Literacy | Treatment | Routine | INFO | general
TRT_02_4,TRT,"Treatment, Counselling एवं Rehabilitation",Detox,Helper/Community Member,Other Person,Adult / Any age,Any / Not specified,Treatment,Treatment Literacy,Routine,INFO,"यदि किसी व्यक्ति में detoxification के दौरान क्या होता है यह जानने की जरूरत होना, तो उसे उचित सहायता तक कैसे पहुंचाया जाए?",किसी जानने वाले के साथ detoxification के दौरान क्या होता है यह जानने की जरूरत होना; उसकी मदद कैसे करें?,"अगर किसी person में detoxification के दौरान क्या होता है यह जानने की जरूरत होना, तो safe support और referral कैसे करें?","गांव/मोहल्ले में किसी के साथ detoxification के दौरान क्या होता है यह जानने की जरूरत होना, तो उसे बिना बदनाम किए मदद तक कैसे पहुंचाएं?","detox का उद्देश्य, monitoring और limitations समझाना","बिना पर्याप्त जानकारी diagnosis न करें; moral judgement, stigma, shame या guaranteed cure जैसी भाषा से बचें।",No routine escalation,STANDARD,Recommended,Draft - Expert Review Required,TRT | Detox | Treatment Literacy | Treatment | Routine | INFO | helper
TRT_03_1,TRT,"Treatment, Counselling एवं Rehabilitation",Outpatient vs Inpatient,Self,Self,Adult / Any age,Any / Not specified,Treatment,Level of Care,Moderate,TREATMENT,मेरे साथ घर से इलाज और admission में से सही विकल्प चुनने की जरूरत होना। मुझे अब क्या करना चाहिए?,मेरे साथ यह हो रहा है कि घर से इलाज और admission में से सही विकल्प चुनने की जरूरत होना। मैं कैसे संभालूं?,मेरे case में घर से इलाज और admission में से सही विकल्प चुनने की जरूरत होना। मुझे अभी क्या next step लेना चाहिए?,मुझसे यह दिक्कत हो रही है कि घर से इलाज और admission में से सही विकल्प चुनने की जरूरत होना; मैं इसे कैसे छोड़ूं या संभालूं?,"severity, safety, support और withdrawal risk के आधार पर level of care समझाना",विशिष्ट prescription/dose न दें; बिना assessment diagnosis न करें; qualified professional referral को स्पष्ट रखें।,Conditional,CLINICAL_ASSESSMENT_IF_NEEDED,Recommended,Draft - Expert Review Required,TRT | Outpatient vs Inpatient | Level of Care | Treatment | Moderate | TREATMENT | self
TRT_03_2,TRT,"Treatment, Counselling एवं Rehabilitation",Outpatient vs Inpatient,Family Member,Family Member,Adult / Any age,Any / Not specified,Treatment,Level of Care,Moderate,TREATMENT,मेरे परिवार के एक सदस्य में घर से इलाज और admission में से सही विकल्प चुनने की जरूरत होना। हम उसकी सुरक्षित और सही तरीके से मदद कैसे करें?,घर में एक व्यक्ति के साथ घर से इलाज और admission में से सही विकल्प चुनने की जरूरत होना। हमें क्या करना चाहिए?,मेरे family member में घर से इलाज और admission में से सही विकल्प चुनने की जरूरत होना। हम help कैसे करें और कब professional help लें?,हमारे घर में एक सदस्य के साथ घर से इलाज और admission में से सही विकल्प चुनने की जरूरत होना; समझाने और इलाज के लिए क्या तरीका रखें?,"severity, safety, support और withdrawal risk के आधार पर level of care समझाना",विशिष्ट prescription/dose न दें; बिना assessment diagnosis न करें; qualified professional referral को स्पष्ट रखें।,Conditional,CLINICAL_ASSESSMENT_IF_NEEDED,Recommended,Draft - Expert Review Required,TRT | Outpatient vs Inpatient | Level of Care | Treatment | Moderate | TREATMENT | family
TRT_03_3,TRT,"Treatment, Counselling एवं Rehabilitation",Outpatient vs Inpatient,General Public,Person with possible substance-use concern,Adult / Any age,Any / Not specified,Treatment,Level of Care,Moderate,TREATMENT,"यदि घर से इलाज और admission में से सही विकल्प चुनने की जरूरत होना, तो इसका क्या अर्थ हो सकता है और सही अगला कदम क्या होना चाहिए?","अगर घर से इलाज और admission में से सही विकल्प चुनने की जरूरत होना, तो इसे कितना serious मानें और क्या करें?","अगर घर से इलाज और admission में से सही विकल्प चुनने की जरूरत होना, तो क्या यह addiction/problem का sign है और next step क्या होना चाहिए?","अगर ऐसी हालत हो कि घर से इलाज और admission में से सही विकल्प चुनने की जरूरत होना, तो घर वाले क्या समझें और क्या कदम उठाएं?","severity, safety, support और withdrawal risk के आधार पर level of care समझाना",विशिष्ट prescription/dose न दें; बिना assessment diagnosis न करें; qualified professional referral को स्पष्ट रखें।,Conditional,CLINICAL_ASSESSMENT_IF_NEEDED,Recommended,Draft - Expert Review Required,TRT | Outpatient vs Inpatient | Level of Care | Treatment | Moderate | TREATMENT | general
TRT_03_4,TRT,"Treatment, Counselling एवं Rehabilitation",Outpatient vs Inpatient,Helper/Community Member,Other Person,Adult / Any age,Any / Not specified,Treatment,Level of Care,Moderate,TREATMENT,"यदि किसी व्यक्ति में घर से इलाज और admission में से सही विकल्प चुनने की जरूरत होना, तो उसे उचित सहायता तक कैसे पहुंचाया जाए?",किसी जानने वाले के साथ घर से इलाज और admission में से सही विकल्प चुनने की जरूरत होना; उसकी मदद कैसे करें?,"अगर किसी person में घर से इलाज और admission में से सही विकल्प चुनने की जरूरत होना, तो safe support और referral कैसे करें?","गांव/मोहल्ले में किसी के साथ घर से इलाज और admission में से सही विकल्प चुनने की जरूरत होना, तो उसे बिना बदनाम किए मदद तक कैसे पहुंचाएं?","severity, safety, support और withdrawal risk के आधार पर level of care समझाना",विशिष्ट prescription/dose न दें; बिना assessment diagnosis न करें; qualified professional referral को स्पष्ट रखें।,Conditional,CLINICAL_ASSESSMENT_IF_NEEDED,Recommended,Draft - Expert Review Required,TRT | Outpatient vs Inpatient | Level of Care | Treatment | Moderate | TREATMENT | helper
TRT_04_1,TRT,"Treatment, Counselling एवं Rehabilitation",Rehab Selection,Self,Self,Adult / Any age,Any / Not specified,Treatment,Service Selection,Moderate,TREATMENT,मेरे साथ अच्छा और सुरक्षित rehabilitation centre चुनना। मुझे अब क्या करना चाहिए?,मेरे साथ यह हो रहा है कि अच्छा और सुरक्षित rehabilitation centre चुनना। मैं कैसे संभालूं?,मेरे case में अच्छा और सुरक्षित rehabilitation centre चुनना। मुझे अभी क्या next step लेना चाहिए?,मुझसे यह दिक्कत हो रही है कि अच्छा और सुरक्षित rehabilitation centre चुनना; मैं इसे कैसे छोड़ूं या संभालूं?,"qualified staff, consent, safety, transparency, follow-up जैसे criteria बताना",विशिष्ट prescription/dose न दें; बिना assessment diagnosis न करें; qualified professional referral को स्पष्ट रखें।,Conditional,CLINICAL_ASSESSMENT_IF_NEEDED,Recommended,Draft - Expert Review Required,TRT | Rehab Selection | Service Selection | Treatment | Moderate | TREATMENT | self
TRT_04_2,TRT,"Treatment, Counselling एवं Rehabilitation",Rehab Selection,Family Member,Family Member,Adult / Any age,Any / Not specified,Treatment,Service Selection,Moderate,TREATMENT,मेरे परिवार के एक सदस्य में अच्छा और सुरक्षित rehabilitation centre चुनना। हम उसकी सुरक्षित और सही तरीके से मदद कैसे करें?,घर में एक व्यक्ति के साथ अच्छा और सुरक्षित rehabilitation centre चुनना। हमें क्या करना चाहिए?,मेरे family member में अच्छा और सुरक्षित rehabilitation centre चुनना। हम help कैसे करें और कब professional help लें?,हमारे घर में एक सदस्य के साथ अच्छा और सुरक्षित rehabilitation centre चुनना; समझाने और इलाज के लिए क्या तरीका रखें?,"qualified staff, consent, safety, transparency, follow-up जैसे criteria बताना",विशिष्ट prescription/dose न दें; बिना assessment diagnosis न करें; qualified professional referral को स्पष्ट रखें।,Conditional,CLINICAL_ASSESSMENT_IF_NEEDED,Recommended,Draft - Expert Review Required,TRT | Rehab Selection | Service Selection | Treatment | Moderate | TREATMENT | family
TRT_04_3,TRT,"Treatment, Counselling एवं Rehabilitation",Rehab Selection,General Public,Person with possible substance-use concern,Adult / Any age,Any / Not specified,Treatment,Service Selection,Moderate,TREATMENT,"यदि अच्छा और सुरक्षित rehabilitation centre चुनना, तो इसका क्या अर्थ हो सकता है और सही अगला कदम क्या होना चाहिए?","अगर अच्छा और सुरक्षित rehabilitation centre चुनना, तो इसे कितना serious मानें और क्या करें?","अगर अच्छा और सुरक्षित rehabilitation centre चुनना, तो क्या यह addiction/problem का sign है और next step क्या होना चाहिए?","अगर ऐसी हालत हो कि अच्छा और सुरक्षित rehabilitation centre चुनना, तो घर वाले क्या समझें और क्या कदम उठाएं?","qualified staff, consent, safety, transparency, follow-up जैसे criteria बताना",विशिष्ट prescription/dose न दें; बिना assessment diagnosis न करें; qualified professional referral को स्पष्ट रखें।,Conditional,CLINICAL_ASSESSMENT_IF_NEEDED,Recommended,Draft - Expert Review Required,TRT | Rehab Selection | Service Selection | Treatment | Moderate | TREATMENT | general
TRT_04_4,TRT,"Treatment, Counselling एवं Rehabilitation",Rehab Selection,Helper/Community Member,Other Person,Adult / Any age,Any / Not specified,Treatment,Service Selection,Moderate,TREATMENT,"यदि किसी व्यक्ति में अच्छा और सुरक्षित rehabilitation centre चुनना, तो उसे उचित सहायता तक कैसे पहुंचाया जाए?",किसी जानने वाले के साथ अच्छा और सुरक्षित rehabilitation centre चुनना; उसकी मदद कैसे करें?,"अगर किसी person में अच्छा और सुरक्षित rehabilitation centre चुनना, तो safe support और referral कैसे करें?","गांव/मोहल्ले में किसी के साथ अच्छा और सुरक्षित rehabilitation centre चुनना, तो उसे बिना बदनाम किए मदद तक कैसे पहुंचाएं?","qualified staff, consent, safety, transparency, follow-up जैसे criteria बताना",विशिष्ट prescription/dose न दें; बिना assessment diagnosis न करें; qualified professional referral को स्पष्ट रखें।,Conditional,CLINICAL_ASSESSMENT_IF_NEEDED,Recommended,Draft - Expert Review Required,TRT | Rehab Selection | Service Selection | Treatment | Moderate | TREATMENT | helper
TRT_05_1,TRT,"Treatment, Counselling एवं Rehabilitation",Forced Rehab,Self,Self,Adult / Any age,Any / Not specified,Treatment,Consent/Ethics,Moderate,FAMILY,मेरे साथ व्यक्ति treatment नहीं चाहता और परिवार उसे जबरदस्ती rehab भेजना चाहता है। मुझे अब क्या करना चाहिए?,मेरे साथ यह हो रहा है कि व्यक्ति treatment नहीं चाहता और परिवार उसे जबरदस्ती rehab भेजना चाहता है। मैं कैसे संभालूं?,मेरे case में व्यक्ति treatment नहीं चाहता और परिवार उसे जबरदस्ती rehab भेजना चाहता है। मुझे अभी क्या next step लेना चाहिए?,मुझसे यह दिक्कत हो रही है कि व्यक्ति treatment नहीं चाहता और परिवार उसे जबरदस्ती rehab भेजना चाहता है; मैं इसे कैसे छोड़ूं या संभालूं?,"safety, capacity, legal/ethical safeguards और motivational approaches बताना","बिना पर्याप्त जानकारी diagnosis न करें; moral judgement, stigma, shame या guaranteed cure जैसी भाषा से बचें।",Conditional,CLINICAL_ASSESSMENT_IF_NEEDED,Recommended,Draft - Expert Review Required,TRT | Forced Rehab | Consent/Ethics | Treatment | Moderate | FAMILY | self
TRT_05_2,TRT,"Treatment, Counselling एवं Rehabilitation",Forced Rehab,Family Member,Family Member,Adult / Any age,Any / Not specified,Treatment,Consent/Ethics,Moderate,FAMILY,मेरे परिवार के एक सदस्य में व्यक्ति treatment नहीं चाहता और परिवार उसे जबरदस्ती rehab भेजना चाहता है। हम उसकी सुरक्षित और सही तरीके से मदद कैसे करें?,घर में एक व्यक्ति के साथ व्यक्ति treatment नहीं चाहता और परिवार उसे जबरदस्ती rehab भेजना चाहता है। हमें क्या करना चाहिए?,मेरे family member में व्यक्ति treatment नहीं चाहता और परिवार उसे जबरदस्ती rehab भेजना चाहता है। हम help कैसे करें और कब professional help लें?,हमारे घर में एक सदस्य के साथ व्यक्ति treatment नहीं चाहता और परिवार उसे जबरदस्ती rehab भेजना चाहता है; समझाने और इलाज के लिए क्या तरीका रखें?,"safety, capacity, legal/ethical safeguards और motivational approaches बताना","बिना पर्याप्त जानकारी diagnosis न करें; moral judgement, stigma, shame या guaranteed cure जैसी भाषा से बचें।",Conditional,CLINICAL_ASSESSMENT_IF_NEEDED,Recommended,Draft - Expert Review Required,TRT | Forced Rehab | Consent/Ethics | Treatment | Moderate | FAMILY | family
TRT_05_3,TRT,"Treatment, Counselling एवं Rehabilitation",Forced Rehab,General Public,Person with possible substance-use concern,Adult / Any age,Any / Not specified,Treatment,Consent/Ethics,Moderate,FAMILY,"यदि व्यक्ति treatment नहीं चाहता और परिवार उसे जबरदस्ती rehab भेजना चाहता है, तो इसका क्या अर्थ हो सकता है और सही अगला कदम क्या होना चाहिए?","अगर व्यक्ति treatment नहीं चाहता और परिवार उसे जबरदस्ती rehab भेजना चाहता है, तो इसे कितना serious मानें और क्या करें?","अगर व्यक्ति treatment नहीं चाहता और परिवार उसे जबरदस्ती rehab भेजना चाहता है, तो क्या यह addiction/problem का sign है और next step क्या होना चाहिए?","अगर ऐसी हालत हो कि व्यक्ति treatment नहीं चाहता और परिवार उसे जबरदस्ती rehab भेजना चाहता है, तो घर वाले क्या समझें और क्या कदम उठाएं?","safety, capacity, legal/ethical safeguards और motivational approaches बताना","बिना पर्याप्त जानकारी diagnosis न करें; moral judgement, stigma, shame या guaranteed cure जैसी भाषा से बचें।",Conditional,CLINICAL_ASSESSMENT_IF_NEEDED,Recommended,Draft - Expert Review Required,TRT | Forced Rehab | Consent/Ethics | Treatment | Moderate | FAMILY | general
TRT_05_4,TRT,"Treatment, Counselling एवं Rehabilitation",Forced Rehab,Helper/Community Member,Other Person,Adult / Any age,Any / Not specified,Treatment,Consent/Ethics,Moderate,FAMILY,"यदि किसी व्यक्ति में व्यक्ति treatment नहीं चाहता और परिवार उसे जबरदस्ती rehab भेजना चाहता है, तो उसे उचित सहायता तक कैसे पहुंचाया जाए?",किसी जानने वाले के साथ व्यक्ति treatment नहीं चाहता और परिवार उसे जबरदस्ती rehab भेजना चाहता है; उसकी मदद कैसे करें?,"अगर किसी person में व्यक्ति treatment नहीं चाहता और परिवार उसे जबरदस्ती rehab भेजना चाहता है, तो safe support और referral कैसे करें?","गांव/मोहल्ले में किसी के साथ व्यक्ति treatment नहीं चाहता और परिवार उसे जबरदस्ती rehab भेजना चाहता है, तो उसे बिना बदनाम किए मदद तक कैसे पहुंचाएं?","safety, capacity, legal/ethical safeguards और motivational approaches बताना","बिना पर्याप्त जानकारी diagnosis न करें; moral judgement, stigma, shame या guaranteed cure जैसी भाषा से बचें।",Conditional,CLINICAL_ASSESSMENT_IF_NEEDED,Recommended,Draft - Expert Review Required,TRT | Forced Rehab | Consent/Ethics | Treatment | Moderate | FAMILY | helper
TRT_06_1,TRT,"Treatment, Counselling एवं Rehabilitation",Medication,Self,Self,Adult / Any age,Any / Not specified,Treatment,Treatment Literacy,Routine,INFO,मेरे साथ addiction treatment में medicines की भूमिका समझना। मुझे अब क्या करना चाहिए?,मेरे साथ यह हो रहा है कि addiction treatment में medicines की भूमिका समझना। मैं कैसे संभालूं?,मेरे case में addiction treatment में medicines की भूमिका समझना। मुझे अभी क्या next step लेना चाहिए?,मुझसे यह दिक्कत हो रही है कि addiction treatment में medicines की भूमिका समझना; मैं इसे कैसे छोड़ूं या संभालूं?,medication को clinician-supervised component के रूप में समझाना,"बिना पर्याप्त जानकारी diagnosis न करें; moral judgement, stigma, shame या guaranteed cure जैसी भाषा से बचें।",No routine escalation,STANDARD,Recommended,Draft - Expert Review Required,TRT | Medication | Treatment Literacy | Treatment | Routine | INFO | self
TRT_06_2,TRT,"Treatment, Counselling एवं Rehabilitation",Medication,Family Member,Family Member,Adult / Any age,Any / Not specified,Treatment,Treatment Literacy,Routine,INFO,मेरे परिवार के एक सदस्य में addiction treatment में medicines की भूमिका समझना। हम उसकी सुरक्षित और सही तरीके से मदद कैसे करें?,घर में एक व्यक्ति के साथ addiction treatment में medicines की भूमिका समझना। हमें क्या करना चाहिए?,मेरे family member में addiction treatment में medicines की भूमिका समझना। हम help कैसे करें और कब professional help लें?,हमारे घर में एक सदस्य के साथ addiction treatment में medicines की भूमिका समझना; समझाने और इलाज के लिए क्या तरीका रखें?,medication को clinician-supervised component के रूप में समझाना,"बिना पर्याप्त जानकारी diagnosis न करें; moral judgement, stigma, shame या guaranteed cure जैसी भाषा से बचें।",No routine escalation,STANDARD,Recommended,Draft - Expert Review Required,TRT | Medication | Treatment Literacy | Treatment | Routine | INFO | family
TRT_06_3,TRT,"Treatment, Counselling एवं Rehabilitation",Medication,General Public,Person with possible substance-use concern,Adult / Any age,Any / Not specified,Treatment,Treatment Literacy,Routine,INFO,"यदि addiction treatment में medicines की भूमिका समझना, तो इसका क्या अर्थ हो सकता है और सही अगला कदम क्या होना चाहिए?","अगर addiction treatment में medicines की भूमिका समझना, तो इसे कितना serious मानें और क्या करें?","अगर addiction treatment में medicines की भूमिका समझना, तो क्या यह addiction/problem का sign है और next step क्या होना चाहिए?","अगर ऐसी हालत हो कि addiction treatment में medicines की भूमिका समझना, तो घर वाले क्या समझें और क्या कदम उठाएं?",medication को clinician-supervised component के रूप में समझाना,"बिना पर्याप्त जानकारी diagnosis न करें; moral judgement, stigma, shame या guaranteed cure जैसी भाषा से बचें।",No routine escalation,STANDARD,Recommended,Draft - Expert Review Required,TRT | Medication | Treatment Literacy | Treatment | Routine | INFO | general
TRT_06_4,TRT,"Treatment, Counselling एवं Rehabilitation",Medication,Helper/Community Member,Other Person,Adult / Any age,Any / Not specified,Treatment,Treatment Literacy,Routine,INFO,"यदि किसी व्यक्ति में addiction treatment में medicines की भूमिका समझना, तो उसे उचित सहायता तक कैसे पहुंचाया जाए?",किसी जानने वाले के साथ addiction treatment में medicines की भूमिका समझना; उसकी मदद कैसे करें?,"अगर किसी person में addiction treatment में medicines की भूमिका समझना, तो safe support और referral कैसे करें?","गांव/मोहल्ले में किसी के साथ addiction treatment में medicines की भूमिका समझना, तो उसे बिना बदनाम किए मदद तक कैसे पहुंचाएं?",medication को clinician-supervised component के रूप में समझाना,"बिना पर्याप्त जानकारी diagnosis न करें; moral judgement, stigma, shame या guaranteed cure जैसी भाषा से बचें।",No routine escalation,STANDARD,Recommended,Draft - Expert Review Required,TRT | Medication | Treatment Literacy | Treatment | Routine | INFO | helper
TRT_07_1,TRT,"Treatment, Counselling एवं Rehabilitation",Counselling,Self,Self,Adult / Any age,Any / Not specified,Treatment,Treatment Literacy,Routine,INFO,मेरे साथ counselling से addiction में वास्तविक फायदा कैसे होता है यह समझना। मुझे अब क्या करना चाहिए?,मेरे साथ यह हो रहा है कि counselling से addiction में वास्तविक फायदा कैसे होता है यह समझना। मैं कैसे संभालूं?,मेरे case में counselling से addiction में वास्तविक फायदा कैसे होता है यह समझना। मुझे अभी क्या next step लेना चाहिए?,मुझसे यह दिक्कत हो रही है कि counselling से addiction में वास्तविक फायदा कैसे होता है यह समझना; मैं इसे कैसे छोड़ूं या संभालूं?,"skills, triggers, motivation और relapse prevention की भूमिका बताना","बिना पर्याप्त जानकारी diagnosis न करें; moral judgement, stigma, shame या guaranteed cure जैसी भाषा से बचें।",No routine escalation,STANDARD,Recommended,Draft - Expert Review Required,TRT | Counselling | Treatment Literacy | Treatment | Routine | INFO | self
TRT_07_2,TRT,"Treatment, Counselling एवं Rehabilitation",Counselling,Family Member,Family Member,Adult / Any age,Any / Not specified,Treatment,Treatment Literacy,Routine,INFO,मेरे परिवार के एक सदस्य में counselling से addiction में वास्तविक फायदा कैसे होता है यह समझना। हम उसकी सुरक्षित और सही तरीके से मदद कैसे करें?,घर में एक व्यक्ति के साथ counselling से addiction में वास्तविक फायदा कैसे होता है यह समझना। हमें क्या करना चाहिए?,मेरे family member में counselling से addiction में वास्तविक फायदा कैसे होता है यह समझना। हम help कैसे करें और कब professional help लें?,हमारे घर में एक सदस्य के साथ counselling से addiction में वास्तविक फायदा कैसे होता है यह समझना; समझाने और इलाज के लिए क्या तरीका रखें?,"skills, triggers, motivation और relapse prevention की भूमिका बताना","बिना पर्याप्त जानकारी diagnosis न करें; moral judgement, stigma, shame या guaranteed cure जैसी भाषा से बचें।",No routine escalation,STANDARD,Recommended,Draft - Expert Review Required,TRT | Counselling | Treatment Literacy | Treatment | Routine | INFO | family
TRT_07_3,TRT,"Treatment, Counselling एवं Rehabilitation",Counselling,General Public,Person with possible substance-use concern,Adult / Any age,Any / Not specified,Treatment,Treatment Literacy,Routine,INFO,"यदि counselling से addiction में वास्तविक फायदा कैसे होता है यह समझना, तो इसका क्या अर्थ हो सकता है और सही अगला कदम क्या होना चाहिए?","अगर counselling से addiction में वास्तविक फायदा कैसे होता है यह समझना, तो इसे कितना serious मानें और क्या करें?","अगर counselling से addiction में वास्तविक फायदा कैसे होता है यह समझना, तो क्या यह addiction/problem का sign है और next step क्या होना चाहिए?","अगर ऐसी हालत हो कि counselling से addiction में वास्तविक फायदा कैसे होता है यह समझना, तो घर वाले क्या समझें और क्या कदम उठाएं?","skills, triggers, motivation और relapse prevention की भूमिका बताना","बिना पर्याप्त जानकारी diagnosis न करें; moral judgement, stigma, shame या guaranteed cure जैसी भाषा से बचें।",No routine escalation,STANDARD,Recommended,Draft - Expert Review Required,TRT | Counselling | Treatment Literacy | Treatment | Routine | INFO | general
TRT_07_4,TRT,"Treatment, Counselling एवं Rehabilitation",Counselling,Helper/Community Member,Other Person,Adult / Any age,Any / Not specified,Treatment,Treatment Literacy,Routine,INFO,"यदि किसी व्यक्ति में counselling से addiction में वास्तविक फायदा कैसे होता है यह समझना, तो उसे उचित सहायता तक कैसे पहुंचाया जाए?",किसी जानने वाले के साथ counselling से addiction में वास्तविक फायदा कैसे होता है यह समझना; उसकी मदद कैसे करें?,"अगर किसी person में counselling से addiction में वास्तविक फायदा कैसे होता है यह समझना, तो safe support और referral कैसे करें?","गांव/मोहल्ले में किसी के साथ counselling से addiction में वास्तविक फायदा कैसे होता है यह समझना, तो उसे बिना बदनाम किए मदद तक कैसे पहुंचाएं?","skills, triggers, motivation और relapse prevention की भूमिका बताना","बिना पर्याप्त जानकारी diagnosis न करें; moral judgement, stigma, shame या guaranteed cure जैसी भाषा से बचें।",No routine escalation,STANDARD,Recommended,Draft - Expert Review Required,TRT | Counselling | Treatment Literacy | Treatment | Routine | INFO | helper
TRT_08_1,TRT,"Treatment, Counselling एवं Rehabilitation",Family Therapy,Self,Self,Adult / Any age,Any / Not specified,Treatment,Family Treatment,Routine,FAMILY,मेरे साथ परिवार को therapy में शामिल करने की जरूरत समझना। मुझे अब क्या करना चाहिए?,मेरे साथ यह हो रहा है कि परिवार को therapy में शामिल करने की जरूरत समझना। मैं कैसे संभालूं?,मेरे case में परिवार को therapy में शामिल करने की जरूरत समझना। मुझे अभी क्या next step लेना चाहिए?,मुझसे यह दिक्कत हो रही है कि परिवार को therapy में शामिल करने की जरूरत समझना; मैं इसे कैसे छोड़ूं या संभालूं?,"communication, boundaries और recovery environment की भूमिका बताना","बिना पर्याप्त जानकारी diagnosis न करें; moral judgement, stigma, shame या guaranteed cure जैसी भाषा से बचें।",No routine escalation,STANDARD,Recommended,Draft - Expert Review Required,TRT | Family Therapy | Family Treatment | Treatment | Routine | FAMILY | self
TRT_08_2,TRT,"Treatment, Counselling एवं Rehabilitation",Family Therapy,Family Member,Family Member,Adult / Any age,Any / Not specified,Treatment,Family Treatment,Routine,FAMILY,मेरे परिवार के एक सदस्य में परिवार को therapy में शामिल करने की जरूरत समझना। हम उसकी सुरक्षित और सही तरीके से मदद कैसे करें?,घर में एक व्यक्ति के साथ परिवार को therapy में शामिल करने की जरूरत समझना। हमें क्या करना चाहिए?,मेरे family member में परिवार को therapy में शामिल करने की जरूरत समझना। हम help कैसे करें और कब professional help लें?,हमारे घर में एक सदस्य के साथ परिवार को therapy में शामिल करने की जरूरत समझना; समझाने और इलाज के लिए क्या तरीका रखें?,"communication, boundaries और recovery environment की भूमिका बताना","बिना पर्याप्त जानकारी diagnosis न करें; moral judgement, stigma, shame या guaranteed cure जैसी भाषा से बचें।",No routine escalation,STANDARD,Recommended,Draft - Expert Review Required,TRT | Family Therapy | Family Treatment | Treatment | Routine | FAMILY | family
TRT_08_3,TRT,"Treatment, Counselling एवं Rehabilitation",Family Therapy,General Public,Person with possible substance-use concern,Adult / Any age,Any / Not specified,Treatment,Family Treatment,Routine,FAMILY,"यदि परिवार को therapy में शामिल करने की जरूरत समझना, तो इसका क्या अर्थ हो सकता है और सही अगला कदम क्या होना चाहिए?","अगर परिवार को therapy में शामिल करने की जरूरत समझना, तो इसे कितना serious मानें और क्या करें?","अगर परिवार को therapy में शामिल करने की जरूरत समझना, तो क्या यह addiction/problem का sign है और next step क्या होना चाहिए?","अगर ऐसी हालत हो कि परिवार को therapy में शामिल करने की जरूरत समझना, तो घर वाले क्या समझें और क्या कदम उठाएं?","communication, boundaries और recovery environment की भूमिका बताना","बिना पर्याप्त जानकारी diagnosis न करें; moral judgement, stigma, shame या guaranteed cure जैसी भाषा से बचें।",No routine escalation,STANDARD,Recommended,Draft - Expert Review Required,TRT | Family Therapy | Family Treatment | Treatment | Routine | FAMILY | general
TRT_08_4,TRT,"Treatment, Counselling एवं Rehabilitation",Family Therapy,Helper/Community Member,Other Person,Adult / Any age,Any / Not specified,Treatment,Family Treatment,Routine,FAMILY,"यदि किसी व्यक्ति में परिवार को therapy में शामिल करने की जरूरत समझना, तो उसे उचित सहायता तक कैसे पहुंचाया जाए?",किसी जानने वाले के साथ परिवार को therapy में शामिल करने की जरूरत समझना; उसकी मदद कैसे करें?,"अगर किसी person में परिवार को therapy में शामिल करने की जरूरत समझना, तो safe support और referral कैसे करें?","गांव/मोहल्ले में किसी के साथ परिवार को therapy में शामिल करने की जरूरत समझना, तो उसे बिना बदनाम किए मदद तक कैसे पहुंचाएं?","communication, boundaries और recovery environment की भूमिका बताना","बिना पर्याप्त जानकारी diagnosis न करें; moral judgement, stigma, shame या guaranteed cure जैसी भाषा से बचें।",No routine escalation,STANDARD,Recommended,Draft - Expert Review Required,TRT | Family Therapy | Family Treatment | Treatment | Routine | FAMILY | helper
TRT_09_1,TRT,"Treatment, Counselling एवं Rehabilitation",Follow Up,Self,Self,Adult / Any age,Any / Not specified,Recovery,Continuity of Care,Routine,RELAPSE,मेरे साथ rehab या detox के बाद follow-up को अनावश्यक समझना। मुझे अब क्या करना चाहिए?,मेरे साथ यह हो रहा है कि rehab या detox के बाद follow-up को अनावश्यक समझना। मैं कैसे संभालूं?,मेरे case में rehab या detox के बाद follow-up को अनावश्यक समझना। मुझे अभी क्या next step लेना चाहिए?,मुझसे यह दिक्कत हो रही है कि rehab या detox के बाद follow-up को अनावश्यक समझना; मैं इसे कैसे छोड़ूं या संभालूं?,continuing care और relapse prevention का महत्व समझाना,"बिना पर्याप्त जानकारी diagnosis न करें; moral judgement, stigma, shame या guaranteed cure जैसी भाषा से बचें।",No routine escalation,STANDARD,Recommended,Draft - Expert Review Required,TRT | Follow Up | Continuity of Care | Recovery | Routine | RELAPSE | self
TRT_09_2,TRT,"Treatment, Counselling एवं Rehabilitation",Follow Up,Family Member,Family Member,Adult / Any age,Any / Not specified,Recovery,Continuity of Care,Routine,RELAPSE,मेरे परिवार के एक सदस्य में rehab या detox के बाद follow-up को अनावश्यक समझना। हम उसकी सुरक्षित और सही तरीके से मदद कैसे करें?,घर में एक व्यक्ति के साथ rehab या detox के बाद follow-up को अनावश्यक समझना। हमें क्या करना चाहिए?,मेरे family member में rehab या detox के बाद follow-up को अनावश्यक समझना। हम help कैसे करें और कब professional help लें?,हमारे घर में एक सदस्य के साथ rehab या detox के बाद follow-up को अनावश्यक समझना; समझाने और इलाज के लिए क्या तरीका रखें?,continuing care और relapse prevention का महत्व समझाना,"बिना पर्याप्त जानकारी diagnosis न करें; moral judgement, stigma, shame या guaranteed cure जैसी भाषा से बचें।",No routine escalation,STANDARD,Recommended,Draft - Expert Review Required,TRT | Follow Up | Continuity of Care | Recovery | Routine | RELAPSE | family
TRT_09_3,TRT,"Treatment, Counselling एवं Rehabilitation",Follow Up,General Public,Person with possible substance-use concern,Adult / Any age,Any / Not specified,Recovery,Continuity of Care,Routine,RELAPSE,"यदि rehab या detox के बाद follow-up को अनावश्यक समझना, तो इसका क्या अर्थ हो सकता है और सही अगला कदम क्या होना चाहिए?","अगर rehab या detox के बाद follow-up को अनावश्यक समझना, तो इसे कितना serious मानें और क्या करें?","अगर rehab या detox के बाद follow-up को अनावश्यक समझना, तो क्या यह addiction/problem का sign है और next step क्या होना चाहिए?","अगर ऐसी हालत हो कि rehab या detox के बाद follow-up को अनावश्यक समझना, तो घर वाले क्या समझें और क्या कदम उठाएं?",continuing care और relapse prevention का महत्व समझाना,"बिना पर्याप्त जानकारी diagnosis न करें; moral judgement, stigma, shame या guaranteed cure जैसी भाषा से बचें।",No routine escalation,STANDARD,Recommended,Draft - Expert Review Required,TRT | Follow Up | Continuity of Care | Recovery | Routine | RELAPSE | general
TRT_09_4,TRT,"Treatment, Counselling एवं Rehabilitation",Follow Up,Helper/Community Member,Other Person,Adult / Any age,Any / Not specified,Recovery,Continuity of Care,Routine,RELAPSE,"यदि किसी व्यक्ति में rehab या detox के बाद follow-up को अनावश्यक समझना, तो उसे उचित सहायता तक कैसे पहुंचाया जाए?",किसी जानने वाले के साथ rehab या detox के बाद follow-up को अनावश्यक समझना; उसकी मदद कैसे करें?,"अगर किसी person में rehab या detox के बाद follow-up को अनावश्यक समझना, तो safe support और referral कैसे करें?","गांव/मोहल्ले में किसी के साथ rehab या detox के बाद follow-up को अनावश्यक समझना, तो उसे बिना बदनाम किए मदद तक कैसे पहुंचाएं?",continuing care और relapse prevention का महत्व समझाना,"बिना पर्याप्त जानकारी diagnosis न करें; moral judgement, stigma, shame या guaranteed cure जैसी भाषा से बचें।",No routine escalation,STANDARD,Recommended,Draft - Expert Review Required,TRT | Follow Up | Continuity of Care | Recovery | Routine | RELAPSE | helper
TRT_10_1,TRT,"Treatment, Counselling एवं Rehabilitation",Cost/Access,Self,Self,Adult / Any age,Any / Not specified,Treatment,Access to Care,Routine,TREATMENT,मेरे साथ कम खर्च या सरकारी नशा मुक्ति सेवाएं खोजने की जरूरत होना। मुझे अब क्या करना चाहिए?,मेरे साथ यह हो रहा है कि कम खर्च या सरकारी नशा मुक्ति सेवाएं खोजने की जरूरत होना। मैं कैसे संभालूं?,मेरे case में कम खर्च या सरकारी नशा मुक्ति सेवाएं खोजने की जरूरत होना। मुझे अभी क्या next step लेना चाहिए?,मुझसे यह दिक्कत हो रही है कि कम खर्च या सरकारी नशा मुक्ति सेवाएं खोजने की जरूरत होना; मैं इसे कैसे छोड़ूं या संभालूं?,स्थानीय verified services/helplines खोजने की दिशा देना,विशिष्ट prescription/dose न दें; बिना assessment diagnosis न करें; qualified professional referral को स्पष्ट रखें।,No routine escalation,STANDARD,Recommended,Draft - Expert Review Required,TRT | Cost/Access | Access to Care | Treatment | Routine | TREATMENT | self
TRT_10_2,TRT,"Treatment, Counselling एवं Rehabilitation",Cost/Access,Family Member,Family Member,Adult / Any age,Any / Not specified,Treatment,Access to Care,Routine,TREATMENT,मेरे परिवार के एक सदस्य में कम खर्च या सरकारी नशा मुक्ति सेवाएं खोजने की जरूरत होना। हम उसकी सुरक्षित और सही तरीके से मदद कैसे करें?,घर में एक व्यक्ति के साथ कम खर्च या सरकारी नशा मुक्ति सेवाएं खोजने की जरूरत होना। हमें क्या करना चाहिए?,मेरे family member में कम खर्च या सरकारी नशा मुक्ति सेवाएं खोजने की जरूरत होना। हम help कैसे करें और कब professional help लें?,हमारे घर में एक सदस्य के साथ कम खर्च या सरकारी नशा मुक्ति सेवाएं खोजने की जरूरत होना; समझाने और इलाज के लिए क्या तरीका रखें?,स्थानीय verified services/helplines खोजने की दिशा देना,विशिष्ट prescription/dose न दें; बिना assessment diagnosis न करें; qualified professional referral को स्पष्ट रखें।,No routine escalation,STANDARD,Recommended,Draft - Expert Review Required,TRT | Cost/Access | Access to Care | Treatment | Routine | TREATMENT | family
TRT_10_3,TRT,"Treatment, Counselling एवं Rehabilitation",Cost/Access,General Public,Person with possible substance-use concern,Adult / Any age,Any / Not specified,Treatment,Access to Care,Routine,TREATMENT,"यदि कम खर्च या सरकारी नशा मुक्ति सेवाएं खोजने की जरूरत होना, तो इसका क्या अर्थ हो सकता है और सही अगला कदम क्या होना चाहिए?","अगर कम खर्च या सरकारी नशा मुक्ति सेवाएं खोजने की जरूरत होना, तो इसे कितना serious मानें और क्या करें?","अगर कम खर्च या सरकारी नशा मुक्ति सेवाएं खोजने की जरूरत होना, तो क्या यह addiction/problem का sign है और next step क्या होना चाहिए?","अगर ऐसी हालत हो कि कम खर्च या सरकारी नशा मुक्ति सेवाएं खोजने की जरूरत होना, तो घर वाले क्या समझें और क्या कदम उठाएं?",स्थानीय verified services/helplines खोजने की दिशा देना,विशिष्ट prescription/dose न दें; बिना assessment diagnosis न करें; qualified professional referral को स्पष्ट रखें।,No routine escalation,STANDARD,Recommended,Draft - Expert Review Required,TRT | Cost/Access | Access to Care | Treatment | Routine | TREATMENT | general
TRT_10_4,TRT,"Treatment, Counselling एवं Rehabilitation",Cost/Access,Helper/Community Member,Other Person,Adult / Any age,Any / Not specified,Treatment,Access to Care,Routine,TREATMENT,"यदि किसी व्यक्ति में कम खर्च या सरकारी नशा मुक्ति सेवाएं खोजने की जरूरत होना, तो उसे उचित सहायता तक कैसे पहुंचाया जाए?",किसी जानने वाले के साथ कम खर्च या सरकारी नशा मुक्ति सेवाएं खोजने की जरूरत होना; उसकी मदद कैसे करें?,"अगर किसी person में कम खर्च या सरकारी नशा मुक्ति सेवाएं खोजने की जरूरत होना, तो safe support और referral कैसे करें?","गांव/मोहल्ले में किसी के साथ कम खर्च या सरकारी नशा मुक्ति सेवाएं खोजने की जरूरत होना, तो उसे बिना बदनाम किए मदद तक कैसे पहुंचाएं?",स्थानीय verified services/helplines खोजने की दिशा देना,विशिष्ट prescription/dose न दें; बिना assessment diagnosis न करें; qualified professional referral को स्पष्ट रखें।,No routine escalation,STANDARD,Recommended,Draft - Expert Review Required,TRT | Cost/Access | Access to Care | Treatment | Routine | TREATMENT | helper
REC_01_1,REC,Recovery एवं Relapse,Single Lapse,Self,Self,Adult / Any age,Any / Not specified,Relapse,Lapse Response,Moderate,RELAPSE,मेरे साथ कई महीनों की recovery के बाद एक बार फिर नशा कर लेना। मुझे अब क्या करना चाहिए?,मेरे साथ यह हो रहा है कि कई महीनों की recovery के बाद एक बार फिर नशा कर लेना। मैं कैसे संभालूं?,मेरे case में कई महीनों की recovery के बाद एक बार फिर नशा कर लेना। मुझे अभी क्या next step लेना चाहिए?,मुझसे यह दिक्कत हो रही है कि कई महीनों की recovery के बाद एक बार फिर नशा कर लेना; मैं इसे कैसे छोड़ूं या संभालूं?,shame कम करते हुए तत्काल reset और risk review करना,"बिना पर्याप्त जानकारी diagnosis न करें; moral judgement, stigma, shame या guaranteed cure जैसी भाषा से बचें।",Conditional,CLINICAL_ASSESSMENT_IF_NEEDED,Recommended,Draft - Expert Review Required,REC | Single Lapse | Lapse Response | Relapse | Moderate | RELAPSE | self
REC_01_2,REC,Recovery एवं Relapse,Single Lapse,Family Member,Family Member,Adult / Any age,Any / Not specified,Relapse,Lapse Response,Moderate,RELAPSE,मेरे परिवार के एक सदस्य में कई महीनों की recovery के बाद एक बार फिर नशा कर लेना। हम उसकी सुरक्षित और सही तरीके से मदद कैसे करें?,घर में एक व्यक्ति के साथ कई महीनों की recovery के बाद एक बार फिर नशा कर लेना। हमें क्या करना चाहिए?,मेरे family member में कई महीनों की recovery के बाद एक बार फिर नशा कर लेना। हम help कैसे करें और कब professional help लें?,हमारे घर में एक सदस्य के साथ कई महीनों की recovery के बाद एक बार फिर नशा कर लेना; समझाने और इलाज के लिए क्या तरीका रखें?,shame कम करते हुए तत्काल reset और risk review करना,"बिना पर्याप्त जानकारी diagnosis न करें; moral judgement, stigma, shame या guaranteed cure जैसी भाषा से बचें।",Conditional,CLINICAL_ASSESSMENT_IF_NEEDED,Recommended,Draft - Expert Review Required,REC | Single Lapse | Lapse Response | Relapse | Moderate | RELAPSE | family
REC_01_3,REC,Recovery एवं Relapse,Single Lapse,General Public,Person with possible substance-use concern,Adult / Any age,Any / Not specified,Relapse,Lapse Response,Moderate,RELAPSE,"यदि कई महीनों की recovery के बाद एक बार फिर नशा कर लेना, तो इसका क्या अर्थ हो सकता है और सही अगला कदम क्या होना चाहिए?","अगर कई महीनों की recovery के बाद एक बार फिर नशा कर लेना, तो इसे कितना serious मानें और क्या करें?","अगर कई महीनों की recovery के बाद एक बार फिर नशा कर लेना, तो क्या यह addiction/problem का sign है और next step क्या होना चाहिए?","अगर ऐसी हालत हो कि कई महीनों की recovery के बाद एक बार फिर नशा कर लेना, तो घर वाले क्या समझें और क्या कदम उठाएं?",shame कम करते हुए तत्काल reset और risk review करना,"बिना पर्याप्त जानकारी diagnosis न करें; moral judgement, stigma, shame या guaranteed cure जैसी भाषा से बचें।",Conditional,CLINICAL_ASSESSMENT_IF_NEEDED,Recommended,Draft - Expert Review Required,REC | Single Lapse | Lapse Response | Relapse | Moderate | RELAPSE | general
REC_01_4,REC,Recovery एवं Relapse,Single Lapse,Helper/Community Member,Other Person,Adult / Any age,Any / Not specified,Relapse,Lapse Response,Moderate,RELAPSE,"यदि किसी व्यक्ति में कई महीनों की recovery के बाद एक बार फिर नशा कर लेना, तो उसे उचित सहायता तक कैसे पहुंचाया जाए?",किसी जानने वाले के साथ कई महीनों की recovery के बाद एक बार फिर नशा कर लेना; उसकी मदद कैसे करें?,"अगर किसी person में कई महीनों की recovery के बाद एक बार फिर नशा कर लेना, तो safe support और referral कैसे करें?","गांव/मोहल्ले में किसी के साथ कई महीनों की recovery के बाद एक बार फिर नशा कर लेना, तो उसे बिना बदनाम किए मदद तक कैसे पहुंचाएं?",shame कम करते हुए तत्काल reset और risk review करना,"बिना पर्याप्त जानकारी diagnosis न करें; moral judgement, stigma, shame या guaranteed cure जैसी भाषा से बचें।",Conditional,CLINICAL_ASSESSMENT_IF_NEEDED,Recommended,Draft - Expert Review Required,REC | Single Lapse | Lapse Response | Relapse | Moderate | RELAPSE | helper
REC_02_1,REC,Recovery एवं Relapse,Full Relapse,Self,Self,Adult / Any age,Any / Not specified,Relapse,Relapse Response,Moderate,RELAPSE,मेरे साथ कुछ दिनों या हफ्तों से फिर नियमित नशा शुरू हो जाना। मुझे अब क्या करना चाहिए?,मेरे साथ यह हो रहा है कि कुछ दिनों या हफ्तों से फिर नियमित नशा शुरू हो जाना। मैं कैसे संभालूं?,मेरे case में कुछ दिनों या हफ्तों से फिर नियमित नशा शुरू हो जाना। मुझे अभी क्या next step लेना चाहिए?,मुझसे यह दिक्कत हो रही है कि कुछ दिनों या हफ्तों से फिर नियमित नशा शुरू हो जाना; मैं इसे कैसे छोड़ूं या संभालूं?,treatment re-engagement और safety assessment सुझाना,"बिना पर्याप्त जानकारी diagnosis न करें; moral judgement, stigma, shame या guaranteed cure जैसी भाषा से बचें।",Conditional,CLINICAL_ASSESSMENT_IF_NEEDED,Recommended,Draft - Expert Review Required,REC | Full Relapse | Relapse Response | Relapse | Moderate | RELAPSE | self
REC_02_2,REC,Recovery एवं Relapse,Full Relapse,Family Member,Family Member,Adult / Any age,Any / Not specified,Relapse,Relapse Response,Moderate,RELAPSE,मेरे परिवार के एक सदस्य में कुछ दिनों या हफ्तों से फिर नियमित नशा शुरू हो जाना। हम उसकी सुरक्षित और सही तरीके से मदद कैसे करें?,घर में एक व्यक्ति के साथ कुछ दिनों या हफ्तों से फिर नियमित नशा शुरू हो जाना। हमें क्या करना चाहिए?,मेरे family member में कुछ दिनों या हफ्तों से फिर नियमित नशा शुरू हो जाना। हम help कैसे करें और कब professional help लें?,हमारे घर में एक सदस्य के साथ कुछ दिनों या हफ्तों से फिर नियमित नशा शुरू हो जाना; समझाने और इलाज के लिए क्या तरीका रखें?,treatment re-engagement और safety assessment सुझाना,"बिना पर्याप्त जानकारी diagnosis न करें; moral judgement, stigma, shame या guaranteed cure जैसी भाषा से बचें।",Conditional,CLINICAL_ASSESSMENT_IF_NEEDED,Recommended,Draft - Expert Review Required,REC | Full Relapse | Relapse Response | Relapse | Moderate | RELAPSE | family
REC_02_3,REC,Recovery एवं Relapse,Full Relapse,General Public,Person with possible substance-use concern,Adult / Any age,Any / Not specified,Relapse,Relapse Response,Moderate,RELAPSE,"यदि कुछ दिनों या हफ्तों से फिर नियमित नशा शुरू हो जाना, तो इसका क्या अर्थ हो सकता है और सही अगला कदम क्या होना चाहिए?","अगर कुछ दिनों या हफ्तों से फिर नियमित नशा शुरू हो जाना, तो इसे कितना serious मानें और क्या करें?","अगर कुछ दिनों या हफ्तों से फिर नियमित नशा शुरू हो जाना, तो क्या यह addiction/problem का sign है और next step क्या होना चाहिए?","अगर ऐसी हालत हो कि कुछ दिनों या हफ्तों से फिर नियमित नशा शुरू हो जाना, तो घर वाले क्या समझें और क्या कदम उठाएं?",treatment re-engagement और safety assessment सुझाना,"बिना पर्याप्त जानकारी diagnosis न करें; moral judgement, stigma, shame या guaranteed cure जैसी भाषा से बचें।",Conditional,CLINICAL_ASSESSMENT_IF_NEEDED,Recommended,Draft - Expert Review Required,REC | Full Relapse | Relapse Response | Relapse | Moderate | RELAPSE | general
REC_02_4,REC,Recovery एवं Relapse,Full Relapse,Helper/Community Member,Other Person,Adult / Any age,Any / Not specified,Relapse,Relapse Response,Moderate,RELAPSE,"यदि किसी व्यक्ति में कुछ दिनों या हफ्तों से फिर नियमित नशा शुरू हो जाना, तो उसे उचित सहायता तक कैसे पहुंचाया जाए?",किसी जानने वाले के साथ कुछ दिनों या हफ्तों से फिर नियमित नशा शुरू हो जाना; उसकी मदद कैसे करें?,"अगर किसी person में कुछ दिनों या हफ्तों से फिर नियमित नशा शुरू हो जाना, तो safe support और referral कैसे करें?","गांव/मोहल्ले में किसी के साथ कुछ दिनों या हफ्तों से फिर नियमित नशा शुरू हो जाना, तो उसे बिना बदनाम किए मदद तक कैसे पहुंचाएं?",treatment re-engagement और safety assessment सुझाना,"बिना पर्याप्त जानकारी diagnosis न करें; moral judgement, stigma, shame या guaranteed cure जैसी भाषा से बचें।",Conditional,CLINICAL_ASSESSMENT_IF_NEEDED,Recommended,Draft - Expert Review Required,REC | Full Relapse | Relapse Response | Relapse | Moderate | RELAPSE | helper
REC_03_1,REC,Recovery एवं Relapse,Trigger Mapping,Self,Self,Adult / Any age,Any / Not specified,Recovery,Relapse Prevention,Routine,RELAPSE,मेरे साथ अपने relapse triggers पहचानने में कठिनाई होना। मुझे अब क्या करना चाहिए?,मेरे साथ यह हो रहा है कि अपने relapse triggers पहचानने में कठिनाई होना। मैं कैसे संभालूं?,मेरे case में अपने relapse triggers पहचानने में कठिनाई होना। मुझे अभी क्या next step लेना चाहिए?,मुझसे यह दिक्कत हो रही है कि अपने relapse triggers पहचानने में कठिनाई होना; मैं इसे कैसे छोड़ूं या संभालूं?,people-places-feelings-events trigger map बनाना,"बिना पर्याप्त जानकारी diagnosis न करें; moral judgement, stigma, shame या guaranteed cure जैसी भाषा से बचें।",No routine escalation,STANDARD,Recommended,Draft - Expert Review Required,REC | Trigger Mapping | Relapse Prevention | Recovery | Routine | RELAPSE | self
REC_03_2,REC,Recovery एवं Relapse,Trigger Mapping,Family Member,Family Member,Adult / Any age,Any / Not specified,Recovery,Relapse Prevention,Routine,RELAPSE,मेरे परिवार के एक सदस्य में अपने relapse triggers पहचानने में कठिनाई होना। हम उसकी सुरक्षित और सही तरीके से मदद कैसे करें?,घर में एक व्यक्ति के साथ अपने relapse triggers पहचानने में कठिनाई होना। हमें क्या करना चाहिए?,मेरे family member में अपने relapse triggers पहचानने में कठिनाई होना। हम help कैसे करें और कब professional help लें?,हमारे घर में एक सदस्य के साथ अपने relapse triggers पहचानने में कठिनाई होना; समझाने और इलाज के लिए क्या तरीका रखें?,people-places-feelings-events trigger map बनाना,"बिना पर्याप्त जानकारी diagnosis न करें; moral judgement, stigma, shame या guaranteed cure जैसी भाषा से बचें।",No routine escalation,STANDARD,Recommended,Draft - Expert Review Required,REC | Trigger Mapping | Relapse Prevention | Recovery | Routine | RELAPSE | family
REC_03_3,REC,Recovery एवं Relapse,Trigger Mapping,General Public,Person with possible substance-use concern,Adult / Any age,Any / Not specified,Recovery,Relapse Prevention,Routine,RELAPSE,"यदि अपने relapse triggers पहचानने में कठिनाई होना, तो इसका क्या अर्थ हो सकता है और सही अगला कदम क्या होना चाहिए?","अगर अपने relapse triggers पहचानने में कठिनाई होना, तो इसे कितना serious मानें और क्या करें?","अगर अपने relapse triggers पहचानने में कठिनाई होना, तो क्या यह addiction/problem का sign है और next step क्या होना चाहिए?","अगर ऐसी हालत हो कि अपने relapse triggers पहचानने में कठिनाई होना, तो घर वाले क्या समझें और क्या कदम उठाएं?",people-places-feelings-events trigger map बनाना,"बिना पर्याप्त जानकारी diagnosis न करें; moral judgement, stigma, shame या guaranteed cure जैसी भाषा से बचें।",No routine escalation,STANDARD,Recommended,Draft - Expert Review Required,REC | Trigger Mapping | Relapse Prevention | Recovery | Routine | RELAPSE | general
REC_03_4,REC,Recovery एवं Relapse,Trigger Mapping,Helper/Community Member,Other Person,Adult / Any age,Any / Not specified,Recovery,Relapse Prevention,Routine,RELAPSE,"यदि किसी व्यक्ति में अपने relapse triggers पहचानने में कठिनाई होना, तो उसे उचित सहायता तक कैसे पहुंचाया जाए?",किसी जानने वाले के साथ अपने relapse triggers पहचानने में कठिनाई होना; उसकी मदद कैसे करें?,"अगर किसी person में अपने relapse triggers पहचानने में कठिनाई होना, तो safe support और referral कैसे करें?","गांव/मोहल्ले में किसी के साथ अपने relapse triggers पहचानने में कठिनाई होना, तो उसे बिना बदनाम किए मदद तक कैसे पहुंचाएं?",people-places-feelings-events trigger map बनाना,"बिना पर्याप्त जानकारी diagnosis न करें; moral judgement, stigma, shame या guaranteed cure जैसी भाषा से बचें।",No routine escalation,STANDARD,Recommended,Draft - Expert Review Required,REC | Trigger Mapping | Relapse Prevention | Recovery | Routine | RELAPSE | helper
REC_04_1,REC,Recovery एवं Relapse,High-Risk Events,Self,Self,Adult / Any age,Any / Not specified,Recovery,Relapse Prevention,Moderate,RELAPSE,"मेरे साथ शादी, पार्टी या त्योहार में relapse का डर होना। मुझे अब क्या करना चाहिए?","मेरे साथ यह हो रहा है कि शादी, पार्टी या त्योहार में relapse का डर होना। मैं कैसे संभालूं?","मेरे case में शादी, पार्टी या त्योहार में relapse का डर होना। मुझे अभी क्या next step लेना चाहिए?","मुझसे यह दिक्कत हो रही है कि शादी, पार्टी या त्योहार में relapse का डर होना; मैं इसे कैसे छोड़ूं या संभालूं?","exit plan, sober support और refusal strategy बताना","बिना पर्याप्त जानकारी diagnosis न करें; moral judgement, stigma, shame या guaranteed cure जैसी भाषा से बचें।",Conditional,CLINICAL_ASSESSMENT_IF_NEEDED,Recommended,Draft - Expert Review Required,REC | High-Risk Events | Relapse Prevention | Recovery | Moderate | RELAPSE | self
REC_04_2,REC,Recovery एवं Relapse,High-Risk Events,Family Member,Family Member,Adult / Any age,Any / Not specified,Recovery,Relapse Prevention,Moderate,RELAPSE,"मेरे परिवार के एक सदस्य में शादी, पार्टी या त्योहार में relapse का डर होना। हम उसकी सुरक्षित और सही तरीके से मदद कैसे करें?","घर में एक व्यक्ति के साथ शादी, पार्टी या त्योहार में relapse का डर होना। हमें क्या करना चाहिए?","मेरे family member में शादी, पार्टी या त्योहार में relapse का डर होना। हम help कैसे करें और कब professional help लें?","हमारे घर में एक सदस्य के साथ शादी, पार्टी या त्योहार में relapse का डर होना; समझाने और इलाज के लिए क्या तरीका रखें?","exit plan, sober support और refusal strategy बताना","बिना पर्याप्त जानकारी diagnosis न करें; moral judgement, stigma, shame या guaranteed cure जैसी भाषा से बचें।",Conditional,CLINICAL_ASSESSMENT_IF_NEEDED,Recommended,Draft - Expert Review Required,REC | High-Risk Events | Relapse Prevention | Recovery | Moderate | RELAPSE | family
REC_04_3,REC,Recovery एवं Relapse,High-Risk Events,General Public,Person with possible substance-use concern,Adult / Any age,Any / Not specified,Recovery,Relapse Prevention,Moderate,RELAPSE,"यदि शादी, पार्टी या त्योहार में relapse का डर होना, तो इसका क्या अर्थ हो सकता है और सही अगला कदम क्या होना चाहिए?","अगर शादी, पार्टी या त्योहार में relapse का डर होना, तो इसे कितना serious मानें और क्या करें?","अगर शादी, पार्टी या त्योहार में relapse का डर होना, तो क्या यह addiction/problem का sign है और next step क्या होना चाहिए?","अगर ऐसी हालत हो कि शादी, पार्टी या त्योहार में relapse का डर होना, तो घर वाले क्या समझें और क्या कदम उठाएं?","exit plan, sober support और refusal strategy बताना","बिना पर्याप्त जानकारी diagnosis न करें; moral judgement, stigma, shame या guaranteed cure जैसी भाषा से बचें।",Conditional,CLINICAL_ASSESSMENT_IF_NEEDED,Recommended,Draft - Expert Review Required,REC | High-Risk Events | Relapse Prevention | Recovery | Moderate | RELAPSE | general
REC_04_4,REC,Recovery एवं Relapse,High-Risk Events,Helper/Community Member,Other Person,Adult / Any age,Any / Not specified,Recovery,Relapse Prevention,Moderate,RELAPSE,"यदि किसी व्यक्ति में शादी, पार्टी या त्योहार में relapse का डर होना, तो उसे उचित सहायता तक कैसे पहुंचाया जाए?","किसी जानने वाले के साथ शादी, पार्टी या त्योहार में relapse का डर होना; उसकी मदद कैसे करें?","अगर किसी person में शादी, पार्टी या त्योहार में relapse का डर होना, तो safe support और referral कैसे करें?","गांव/मोहल्ले में किसी के साथ शादी, पार्टी या त्योहार में relapse का डर होना, तो उसे बिना बदनाम किए मदद तक कैसे पहुंचाएं?","exit plan, sober support और refusal strategy बताना","बिना पर्याप्त जानकारी diagnosis न करें; moral judgement, stigma, shame या guaranteed cure जैसी भाषा से बचें।",Conditional,CLINICAL_ASSESSMENT_IF_NEEDED,Recommended,Draft - Expert Review Required,REC | High-Risk Events | Relapse Prevention | Recovery | Moderate | RELAPSE | helper
REC_05_1,REC,Recovery एवं Relapse,Old Friends,Self,Self,Adult / Any age,Any / Not specified,Recovery,Social Trigger,Moderate,RELAPSE,मेरे साथ पुराने नशा करने वाले दोस्तों से मिलने पर craving बढ़ना। मुझे अब क्या करना चाहिए?,मेरे साथ यह हो रहा है कि पुराने नशा करने वाले दोस्तों से मिलने पर craving बढ़ना। मैं कैसे संभालूं?,मेरे case में पुराने नशा करने वाले दोस्तों से मिलने पर craving बढ़ना। मुझे अभी क्या next step लेना चाहिए?,मुझसे यह दिक्कत हो रही है कि पुराने नशा करने वाले दोस्तों से मिलने पर craving बढ़ना; मैं इसे कैसे छोड़ूं या संभालूं?,boundaries और alternative social network पर काम करना,"बिना पर्याप्त जानकारी diagnosis न करें; moral judgement, stigma, shame या guaranteed cure जैसी भाषा से बचें।",Conditional,CLINICAL_ASSESSMENT_IF_NEEDED,Recommended,Draft - Expert Review Required,REC | Old Friends | Social Trigger | Recovery | Moderate | RELAPSE | self
REC_05_2,REC,Recovery एवं Relapse,Old Friends,Family Member,Family Member,Adult / Any age,Any / Not specified,Recovery,Social Trigger,Moderate,RELAPSE,मेरे परिवार के एक सदस्य में पुराने नशा करने वाले दोस्तों से मिलने पर craving बढ़ना। हम उसकी सुरक्षित और सही तरीके से मदद कैसे करें?,घर में एक व्यक्ति के साथ पुराने नशा करने वाले दोस्तों से मिलने पर craving बढ़ना। हमें क्या करना चाहिए?,मेरे family member में पुराने नशा करने वाले दोस्तों से मिलने पर craving बढ़ना। हम help कैसे करें और कब professional help लें?,हमारे घर में एक सदस्य के साथ पुराने नशा करने वाले दोस्तों से मिलने पर craving बढ़ना; समझाने और इलाज के लिए क्या तरीका रखें?,boundaries और alternative social network पर काम करना,"बिना पर्याप्त जानकारी diagnosis न करें; moral judgement, stigma, shame या guaranteed cure जैसी भाषा से बचें।",Conditional,CLINICAL_ASSESSMENT_IF_NEEDED,Recommended,Draft - Expert Review Required,REC | Old Friends | Social Trigger | Recovery | Moderate | RELAPSE | family
REC_05_3,REC,Recovery एवं Relapse,Old Friends,General Public,Person with possible substance-use concern,Adult / Any age,Any / Not specified,Recovery,Social Trigger,Moderate,RELAPSE,"यदि पुराने नशा करने वाले दोस्तों से मिलने पर craving बढ़ना, तो इसका क्या अर्थ हो सकता है और सही अगला कदम क्या होना चाहिए?","अगर पुराने नशा करने वाले दोस्तों से मिलने पर craving बढ़ना, तो इसे कितना serious मानें और क्या करें?","अगर पुराने नशा करने वाले दोस्तों से मिलने पर craving बढ़ना, तो क्या यह addiction/problem का sign है और next step क्या होना चाहिए?","अगर ऐसी हालत हो कि पुराने नशा करने वाले दोस्तों से मिलने पर craving बढ़ना, तो घर वाले क्या समझें और क्या कदम उठाएं?",boundaries और alternative social network पर काम करना,"बिना पर्याप्त जानकारी diagnosis न करें; moral judgement, stigma, shame या guaranteed cure जैसी भाषा से बचें।",Conditional,CLINICAL_ASSESSMENT_IF_NEEDED,Recommended,Draft - Expert Review Required,REC | Old Friends | Social Trigger | Recovery | Moderate | RELAPSE | general
REC_05_4,REC,Recovery एवं Relapse,Old Friends,Helper/Community Member,Other Person,Adult / Any age,Any / Not specified,Recovery,Social Trigger,Moderate,RELAPSE,"यदि किसी व्यक्ति में पुराने नशा करने वाले दोस्तों से मिलने पर craving बढ़ना, तो उसे उचित सहायता तक कैसे पहुंचाया जाए?",किसी जानने वाले के साथ पुराने नशा करने वाले दोस्तों से मिलने पर craving बढ़ना; उसकी मदद कैसे करें?,"अगर किसी person में पुराने नशा करने वाले दोस्तों से मिलने पर craving बढ़ना, तो safe support और referral कैसे करें?","गांव/मोहल्ले में किसी के साथ पुराने नशा करने वाले दोस्तों से मिलने पर craving बढ़ना, तो उसे बिना बदनाम किए मदद तक कैसे पहुंचाएं?",boundaries और alternative social network पर काम करना,"बिना पर्याप्त जानकारी diagnosis न करें; moral judgement, stigma, shame या guaranteed cure जैसी भाषा से बचें।",Conditional,CLINICAL_ASSESSMENT_IF_NEEDED,Recommended,Draft - Expert Review Required,REC | Old Friends | Social Trigger | Recovery | Moderate | RELAPSE | helper
REC_06_1,REC,Recovery एवं Relapse,Shame,Self,Self,Adult / Any age,Any / Not specified,Relapse,Emotional Recovery,Moderate,MOTIVATE,मेरे साथ relapse के बाद खुद को असफल या बेकार समझना। मुझे अब क्या करना चाहिए?,मेरे साथ यह हो रहा है कि relapse के बाद खुद को असफल या बेकार समझना। मैं कैसे संभालूं?,मेरे case में relapse के बाद खुद को असफल या बेकार समझना। मुझे अभी क्या next step लेना चाहिए?,मुझसे यह दिक्कत हो रही है कि relapse के बाद खुद को असफल या बेकार समझना; मैं इसे कैसे छोड़ूं या संभालूं?,self-blame कम कर learning-oriented recovery framing देना,"बिना पर्याप्त जानकारी diagnosis न करें; moral judgement, stigma, shame या guaranteed cure जैसी भाषा से बचें।",Conditional,CLINICAL_ASSESSMENT_IF_NEEDED,Recommended,Draft - Expert Review Required,REC | Shame | Emotional Recovery | Relapse | Moderate | MOTIVATE | self
REC_06_2,REC,Recovery एवं Relapse,Shame,Family Member,Family Member,Adult / Any age,Any / Not specified,Relapse,Emotional Recovery,Moderate,MOTIVATE,मेरे परिवार के एक सदस्य में relapse के बाद खुद को असफल या बेकार समझना। हम उसकी सुरक्षित और सही तरीके से मदद कैसे करें?,घर में एक व्यक्ति के साथ relapse के बाद खुद को असफल या बेकार समझना। हमें क्या करना चाहिए?,मेरे family member में relapse के बाद खुद को असफल या बेकार समझना। हम help कैसे करें और कब professional help लें?,हमारे घर में एक सदस्य के साथ relapse के बाद खुद को असफल या बेकार समझना; समझाने और इलाज के लिए क्या तरीका रखें?,self-blame कम कर learning-oriented recovery framing देना,"बिना पर्याप्त जानकारी diagnosis न करें; moral judgement, stigma, shame या guaranteed cure जैसी भाषा से बचें।",Conditional,CLINICAL_ASSESSMENT_IF_NEEDED,Recommended,Draft - Expert Review Required,REC | Shame | Emotional Recovery | Relapse | Moderate | MOTIVATE | family
REC_06_3,REC,Recovery एवं Relapse,Shame,General Public,Person with possible substance-use concern,Adult / Any age,Any / Not specified,Relapse,Emotional Recovery,Moderate,MOTIVATE,"यदि relapse के बाद खुद को असफल या बेकार समझना, तो इसका क्या अर्थ हो सकता है और सही अगला कदम क्या होना चाहिए?","अगर relapse के बाद खुद को असफल या बेकार समझना, तो इसे कितना serious मानें और क्या करें?","अगर relapse के बाद खुद को असफल या बेकार समझना, तो क्या यह addiction/problem का sign है और next step क्या होना चाहिए?","अगर ऐसी हालत हो कि relapse के बाद खुद को असफल या बेकार समझना, तो घर वाले क्या समझें और क्या कदम उठाएं?",self-blame कम कर learning-oriented recovery framing देना,"बिना पर्याप्त जानकारी diagnosis न करें; moral judgement, stigma, shame या guaranteed cure जैसी भाषा से बचें।",Conditional,CLINICAL_ASSESSMENT_IF_NEEDED,Recommended,Draft - Expert Review Required,REC | Shame | Emotional Recovery | Relapse | Moderate | MOTIVATE | general
REC_06_4,REC,Recovery एवं Relapse,Shame,Helper/Community Member,Other Person,Adult / Any age,Any / Not specified,Relapse,Emotional Recovery,Moderate,MOTIVATE,"यदि किसी व्यक्ति में relapse के बाद खुद को असफल या बेकार समझना, तो उसे उचित सहायता तक कैसे पहुंचाया जाए?",किसी जानने वाले के साथ relapse के बाद खुद को असफल या बेकार समझना; उसकी मदद कैसे करें?,"अगर किसी person में relapse के बाद खुद को असफल या बेकार समझना, तो safe support और referral कैसे करें?","गांव/मोहल्ले में किसी के साथ relapse के बाद खुद को असफल या बेकार समझना, तो उसे बिना बदनाम किए मदद तक कैसे पहुंचाएं?",self-blame कम कर learning-oriented recovery framing देना,"बिना पर्याप्त जानकारी diagnosis न करें; moral judgement, stigma, shame या guaranteed cure जैसी भाषा से बचें।",Conditional,CLINICAL_ASSESSMENT_IF_NEEDED,Recommended,Draft - Expert Review Required,REC | Shame | Emotional Recovery | Relapse | Moderate | MOTIVATE | helper
REC_07_1,REC,Recovery एवं Relapse,Trust,Self,Self,Adult / Any age,Any / Not specified,Recovery,Family Recovery,Routine,FAMILY,मेरे साथ परिवार का recovery कर रहे व्यक्ति पर बिल्कुल भरोसा न कर पाना। मुझे अब क्या करना चाहिए?,मेरे साथ यह हो रहा है कि परिवार का recovery कर रहे व्यक्ति पर बिल्कुल भरोसा न कर पाना। मैं कैसे संभालूं?,मेरे case में परिवार का recovery कर रहे व्यक्ति पर बिल्कुल भरोसा न कर पाना। मुझे अभी क्या next step लेना चाहिए?,मुझसे यह दिक्कत हो रही है कि परिवार का recovery कर रहे व्यक्ति पर बिल्कुल भरोसा न कर पाना; मैं इसे कैसे छोड़ूं या संभालूं?,"gradual trust, transparency और agreed boundaries बताना","बिना पर्याप्त जानकारी diagnosis न करें; moral judgement, stigma, shame या guaranteed cure जैसी भाषा से बचें।",No routine escalation,STANDARD,Recommended,Draft - Expert Review Required,REC | Trust | Family Recovery | Recovery | Routine | FAMILY | self
REC_07_2,REC,Recovery एवं Relapse,Trust,Family Member,Family Member,Adult / Any age,Any / Not specified,Recovery,Family Recovery,Routine,FAMILY,मेरे परिवार के एक सदस्य में परिवार का recovery कर रहे व्यक्ति पर बिल्कुल भरोसा न कर पाना। हम उसकी सुरक्षित और सही तरीके से मदद कैसे करें?,घर में एक व्यक्ति के साथ परिवार का recovery कर रहे व्यक्ति पर बिल्कुल भरोसा न कर पाना। हमें क्या करना चाहिए?,मेरे family member में परिवार का recovery कर रहे व्यक्ति पर बिल्कुल भरोसा न कर पाना। हम help कैसे करें और कब professional help लें?,हमारे घर में एक सदस्य के साथ परिवार का recovery कर रहे व्यक्ति पर बिल्कुल भरोसा न कर पाना; समझाने और इलाज के लिए क्या तरीका रखें?,"gradual trust, transparency और agreed boundaries बताना","बिना पर्याप्त जानकारी diagnosis न करें; moral judgement, stigma, shame या guaranteed cure जैसी भाषा से बचें।",No routine escalation,STANDARD,Recommended,Draft - Expert Review Required,REC | Trust | Family Recovery | Recovery | Routine | FAMILY | family
REC_07_3,REC,Recovery एवं Relapse,Trust,General Public,Person with possible substance-use concern,Adult / Any age,Any / Not specified,Recovery,Family Recovery,Routine,FAMILY,"यदि परिवार का recovery कर रहे व्यक्ति पर बिल्कुल भरोसा न कर पाना, तो इसका क्या अर्थ हो सकता है और सही अगला कदम क्या होना चाहिए?","अगर परिवार का recovery कर रहे व्यक्ति पर बिल्कुल भरोसा न कर पाना, तो इसे कितना serious मानें और क्या करें?","अगर परिवार का recovery कर रहे व्यक्ति पर बिल्कुल भरोसा न कर पाना, तो क्या यह addiction/problem का sign है और next step क्या होना चाहिए?","अगर ऐसी हालत हो कि परिवार का recovery कर रहे व्यक्ति पर बिल्कुल भरोसा न कर पाना, तो घर वाले क्या समझें और क्या कदम उठाएं?","gradual trust, transparency और agreed boundaries बताना","बिना पर्याप्त जानकारी diagnosis न करें; moral judgement, stigma, shame या guaranteed cure जैसी भाषा से बचें।",No routine escalation,STANDARD,Recommended,Draft - Expert Review Required,REC | Trust | Family Recovery | Recovery | Routine | FAMILY | general
REC_07_4,REC,Recovery एवं Relapse,Trust,Helper/Community Member,Other Person,Adult / Any age,Any / Not specified,Recovery,Family Recovery,Routine,FAMILY,"यदि किसी व्यक्ति में परिवार का recovery कर रहे व्यक्ति पर बिल्कुल भरोसा न कर पाना, तो उसे उचित सहायता तक कैसे पहुंचाया जाए?",किसी जानने वाले के साथ परिवार का recovery कर रहे व्यक्ति पर बिल्कुल भरोसा न कर पाना; उसकी मदद कैसे करें?,"अगर किसी person में परिवार का recovery कर रहे व्यक्ति पर बिल्कुल भरोसा न कर पाना, तो safe support और referral कैसे करें?","गांव/मोहल्ले में किसी के साथ परिवार का recovery कर रहे व्यक्ति पर बिल्कुल भरोसा न कर पाना, तो उसे बिना बदनाम किए मदद तक कैसे पहुंचाएं?","gradual trust, transparency और agreed boundaries बताना","बिना पर्याप्त जानकारी diagnosis न करें; moral judgement, stigma, shame या guaranteed cure जैसी भाषा से बचें।",No routine escalation,STANDARD,Recommended,Draft - Expert Review Required,REC | Trust | Family Recovery | Recovery | Routine | FAMILY | helper
REC_08_1,REC,Recovery एवं Relapse,Work Return,Self,Self,Adult / Any age,Any / Not specified,Recovery,Reintegration,Routine,ACTION,मेरे साथ recovery के बाद नौकरी या पढ़ाई पर लौटने से डर लगना। मुझे अब क्या करना चाहिए?,मेरे साथ यह हो रहा है कि recovery के बाद नौकरी या पढ़ाई पर लौटने से डर लगना। मैं कैसे संभालूं?,मेरे case में recovery के बाद नौकरी या पढ़ाई पर लौटने से डर लगना। मुझे अभी क्या next step लेना चाहिए?,मुझसे यह दिक्कत हो रही है कि recovery के बाद नौकरी या पढ़ाई पर लौटने से डर लगना; मैं इसे कैसे छोड़ूं या संभालूं?,"graded return, routine और support plan सुझाना","बिना पर्याप्त जानकारी diagnosis न करें; moral judgement, stigma, shame या guaranteed cure जैसी भाषा से बचें।",No routine escalation,STANDARD,Recommended,Draft - Expert Review Required,REC | Work Return | Reintegration | Recovery | Routine | ACTION | self
REC_08_2,REC,Recovery एवं Relapse,Work Return,Family Member,Family Member,Adult / Any age,Any / Not specified,Recovery,Reintegration,Routine,ACTION,मेरे परिवार के एक सदस्य में recovery के बाद नौकरी या पढ़ाई पर लौटने से डर लगना। हम उसकी सुरक्षित और सही तरीके से मदद कैसे करें?,घर में एक व्यक्ति के साथ recovery के बाद नौकरी या पढ़ाई पर लौटने से डर लगना। हमें क्या करना चाहिए?,मेरे family member में recovery के बाद नौकरी या पढ़ाई पर लौटने से डर लगना। हम help कैसे करें और कब professional help लें?,हमारे घर में एक सदस्य के साथ recovery के बाद नौकरी या पढ़ाई पर लौटने से डर लगना; समझाने और इलाज के लिए क्या तरीका रखें?,"graded return, routine और support plan सुझाना","बिना पर्याप्त जानकारी diagnosis न करें; moral judgement, stigma, shame या guaranteed cure जैसी भाषा से बचें।",No routine escalation,STANDARD,Recommended,Draft - Expert Review Required,REC | Work Return | Reintegration | Recovery | Routine | ACTION | family
REC_08_3,REC,Recovery एवं Relapse,Work Return,General Public,Person with possible substance-use concern,Adult / Any age,Any / Not specified,Recovery,Reintegration,Routine,ACTION,"यदि recovery के बाद नौकरी या पढ़ाई पर लौटने से डर लगना, तो इसका क्या अर्थ हो सकता है और सही अगला कदम क्या होना चाहिए?","अगर recovery के बाद नौकरी या पढ़ाई पर लौटने से डर लगना, तो इसे कितना serious मानें और क्या करें?","अगर recovery के बाद नौकरी या पढ़ाई पर लौटने से डर लगना, तो क्या यह addiction/problem का sign है और next step क्या होना चाहिए?","अगर ऐसी हालत हो कि recovery के बाद नौकरी या पढ़ाई पर लौटने से डर लगना, तो घर वाले क्या समझें और क्या कदम उठाएं?","graded return, routine और support plan सुझाना","बिना पर्याप्त जानकारी diagnosis न करें; moral judgement, stigma, shame या guaranteed cure जैसी भाषा से बचें।",No routine escalation,STANDARD,Recommended,Draft - Expert Review Required,REC | Work Return | Reintegration | Recovery | Routine | ACTION | general
REC_08_4,REC,Recovery एवं Relapse,Work Return,Helper/Community Member,Other Person,Adult / Any age,Any / Not specified,Recovery,Reintegration,Routine,ACTION,"यदि किसी व्यक्ति में recovery के बाद नौकरी या पढ़ाई पर लौटने से डर लगना, तो उसे उचित सहायता तक कैसे पहुंचाया जाए?",किसी जानने वाले के साथ recovery के बाद नौकरी या पढ़ाई पर लौटने से डर लगना; उसकी मदद कैसे करें?,"अगर किसी person में recovery के बाद नौकरी या पढ़ाई पर लौटने से डर लगना, तो safe support और referral कैसे करें?","गांव/मोहल्ले में किसी के साथ recovery के बाद नौकरी या पढ़ाई पर लौटने से डर लगना, तो उसे बिना बदनाम किए मदद तक कैसे पहुंचाएं?","graded return, routine और support plan सुझाना","बिना पर्याप्त जानकारी diagnosis न करें; moral judgement, stigma, shame या guaranteed cure जैसी भाषा से बचें।",No routine escalation,STANDARD,Recommended,Draft - Expert Review Required,REC | Work Return | Reintegration | Recovery | Routine | ACTION | helper
REC_09_1,REC,Recovery एवं Relapse,Recovery Identity,Self,Self,Adult / Any age,Any / Not specified,Recovery,Recovery Education,Routine,INFO,मेरे साथ यह समझ न आना कि कितने समय बाद खुद को recovered कहा जा सकता है। मुझे अब क्या करना चाहिए?,मेरे साथ यह हो रहा है कि यह समझ न आना कि कितने समय बाद खुद को recovered कहा जा सकता है। मैं कैसे संभालूं?,मेरे case में यह समझ न आना कि कितने समय बाद खुद को recovered कहा जा सकता है। मुझे अभी क्या next step लेना चाहिए?,मुझसे यह दिक्कत हो रही है कि यह समझ न आना कि कितने समय बाद खुद को recovered कहा जा सकता है; मैं इसे कैसे छोड़ूं या संभालूं?,recovery को ongoing process के रूप में balanced ढंग से समझाना,"बिना पर्याप्त जानकारी diagnosis न करें; moral judgement, stigma, shame या guaranteed cure जैसी भाषा से बचें।",No routine escalation,STANDARD,Recommended,Draft - Expert Review Required,REC | Recovery Identity | Recovery Education | Recovery | Routine | INFO | self
REC_09_2,REC,Recovery एवं Relapse,Recovery Identity,Family Member,Family Member,Adult / Any age,Any / Not specified,Recovery,Recovery Education,Routine,INFO,मेरे परिवार के एक सदस्य में यह समझ न आना कि कितने समय बाद खुद को recovered कहा जा सकता है। हम उसकी सुरक्षित और सही तरीके से मदद कैसे करें?,घर में एक व्यक्ति के साथ यह समझ न आना कि कितने समय बाद खुद को recovered कहा जा सकता है। हमें क्या करना चाहिए?,मेरे family member में यह समझ न आना कि कितने समय बाद खुद को recovered कहा जा सकता है। हम help कैसे करें और कब professional help लें?,हमारे घर में एक सदस्य के साथ यह समझ न आना कि कितने समय बाद खुद को recovered कहा जा सकता है; समझाने और इलाज के लिए क्या तरीका रखें?,recovery को ongoing process के रूप में balanced ढंग से समझाना,"बिना पर्याप्त जानकारी diagnosis न करें; moral judgement, stigma, shame या guaranteed cure जैसी भाषा से बचें।",No routine escalation,STANDARD,Recommended,Draft - Expert Review Required,REC | Recovery Identity | Recovery Education | Recovery | Routine | INFO | family
REC_09_3,REC,Recovery एवं Relapse,Recovery Identity,General Public,Person with possible substance-use concern,Adult / Any age,Any / Not specified,Recovery,Recovery Education,Routine,INFO,"यदि यह समझ न आना कि कितने समय बाद खुद को recovered कहा जा सकता है, तो इसका क्या अर्थ हो सकता है और सही अगला कदम क्या होना चाहिए?","अगर यह समझ न आना कि कितने समय बाद खुद को recovered कहा जा सकता है, तो इसे कितना serious मानें और क्या करें?","अगर यह समझ न आना कि कितने समय बाद खुद को recovered कहा जा सकता है, तो क्या यह addiction/problem का sign है और next step क्या होना चाहिए?","अगर ऐसी हालत हो कि यह समझ न आना कि कितने समय बाद खुद को recovered कहा जा सकता है, तो घर वाले क्या समझें और क्या कदम उठाएं?",recovery को ongoing process के रूप में balanced ढंग से समझाना,"बिना पर्याप्त जानकारी diagnosis न करें; moral judgement, stigma, shame या guaranteed cure जैसी भाषा से बचें।",No routine escalation,STANDARD,Recommended,Draft - Expert Review Required,REC | Recovery Identity | Recovery Education | Recovery | Routine | INFO | general
REC_09_4,REC,Recovery एवं Relapse,Recovery Identity,Helper/Community Member,Other Person,Adult / Any age,Any / Not specified,Recovery,Recovery Education,Routine,INFO,"यदि किसी व्यक्ति में यह समझ न आना कि कितने समय बाद खुद को recovered कहा जा सकता है, तो उसे उचित सहायता तक कैसे पहुंचाया जाए?",किसी जानने वाले के साथ यह समझ न आना कि कितने समय बाद खुद को recovered कहा जा सकता है; उसकी मदद कैसे करें?,"अगर किसी person में यह समझ न आना कि कितने समय बाद खुद को recovered कहा जा सकता है, तो safe support और referral कैसे करें?","गांव/मोहल्ले में किसी के साथ यह समझ न आना कि कितने समय बाद खुद को recovered कहा जा सकता है, तो उसे बिना बदनाम किए मदद तक कैसे पहुंचाएं?",recovery को ongoing process के रूप में balanced ढंग से समझाना,"बिना पर्याप्त जानकारी diagnosis न करें; moral judgement, stigma, shame या guaranteed cure जैसी भाषा से बचें।",No routine escalation,STANDARD,Recommended,Draft - Expert Review Required,REC | Recovery Identity | Recovery Education | Recovery | Routine | INFO | helper
REC_10_1,REC,Recovery एवं Relapse,Meaning/Purpose,Self,Self,Adult / Any age,Any / Not specified,Recovery,Recovery Growth,Moderate,MOTIVATE,मेरे साथ नशा छोड़ने के बाद जीवन खाली और उद्देश्यहीन लगना। मुझे अब क्या करना चाहिए?,मेरे साथ यह हो रहा है कि नशा छोड़ने के बाद जीवन खाली और उद्देश्यहीन लगना। मैं कैसे संभालूं?,मेरे case में नशा छोड़ने के बाद जीवन खाली और उद्देश्यहीन लगना। मुझे अभी क्या next step लेना चाहिए?,मुझसे यह दिक्कत हो रही है कि नशा छोड़ने के बाद जीवन खाली और उद्देश्यहीन लगना; मैं इसे कैसे छोड़ूं या संभालूं?,"meaning, relationships, skills और service-based goals explore करना","बिना पर्याप्त जानकारी diagnosis न करें; moral judgement, stigma, shame या guaranteed cure जैसी भाषा से बचें।",Conditional,CLINICAL_ASSESSMENT_IF_NEEDED,Recommended,Draft - Expert Review Required,REC | Meaning/Purpose | Recovery Growth | Recovery | Moderate | MOTIVATE | self
REC_10_2,REC,Recovery एवं Relapse,Meaning/Purpose,Family Member,Family Member,Adult / Any age,Any / Not specified,Recovery,Recovery Growth,Moderate,MOTIVATE,मेरे परिवार के एक सदस्य में नशा छोड़ने के बाद जीवन खाली और उद्देश्यहीन लगना। हम उसकी सुरक्षित और सही तरीके से मदद कैसे करें?,घर में एक व्यक्ति के साथ नशा छोड़ने के बाद जीवन खाली और उद्देश्यहीन लगना। हमें क्या करना चाहिए?,मेरे family member में नशा छोड़ने के बाद जीवन खाली और उद्देश्यहीन लगना। हम help कैसे करें और कब professional help लें?,हमारे घर में एक सदस्य के साथ नशा छोड़ने के बाद जीवन खाली और उद्देश्यहीन लगना; समझाने और इलाज के लिए क्या तरीका रखें?,"meaning, relationships, skills और service-based goals explore करना","बिना पर्याप्त जानकारी diagnosis न करें; moral judgement, stigma, shame या guaranteed cure जैसी भाषा से बचें।",Conditional,CLINICAL_ASSESSMENT_IF_NEEDED,Recommended,Draft - Expert Review Required,REC | Meaning/Purpose | Recovery Growth | Recovery | Moderate | MOTIVATE | family
REC_10_3,REC,Recovery एवं Relapse,Meaning/Purpose,General Public,Person with possible substance-use concern,Adult / Any age,Any / Not specified,Recovery,Recovery Growth,Moderate,MOTIVATE,"यदि नशा छोड़ने के बाद जीवन खाली और उद्देश्यहीन लगना, तो इसका क्या अर्थ हो सकता है और सही अगला कदम क्या होना चाहिए?","अगर नशा छोड़ने के बाद जीवन खाली और उद्देश्यहीन लगना, तो इसे कितना serious मानें और क्या करें?","अगर नशा छोड़ने के बाद जीवन खाली और उद्देश्यहीन लगना, तो क्या यह addiction/problem का sign है और next step क्या होना चाहिए?","अगर ऐसी हालत हो कि नशा छोड़ने के बाद जीवन खाली और उद्देश्यहीन लगना, तो घर वाले क्या समझें और क्या कदम उठाएं?","meaning, relationships, skills और service-based goals explore करना","बिना पर्याप्त जानकारी diagnosis न करें; moral judgement, stigma, shame या guaranteed cure जैसी भाषा से बचें।",Conditional,CLINICAL_ASSESSMENT_IF_NEEDED,Recommended,Draft - Expert Review Required,REC | Meaning/Purpose | Recovery Growth | Recovery | Moderate | MOTIVATE | general
REC_10_4,REC,Recovery एवं Relapse,Meaning/Purpose,Helper/Community Member,Other Person,Adult / Any age,Any / Not specified,Recovery,Recovery Growth,Moderate,MOTIVATE,"यदि किसी व्यक्ति में नशा छोड़ने के बाद जीवन खाली और उद्देश्यहीन लगना, तो उसे उचित सहायता तक कैसे पहुंचाया जाए?",किसी जानने वाले के साथ नशा छोड़ने के बाद जीवन खाली और उद्देश्यहीन लगना; उसकी मदद कैसे करें?,"अगर किसी person में नशा छोड़ने के बाद जीवन खाली और उद्देश्यहीन लगना, तो safe support और referral कैसे करें?","गांव/मोहल्ले में किसी के साथ नशा छोड़ने के बाद जीवन खाली और उद्देश्यहीन लगना, तो उसे बिना बदनाम किए मदद तक कैसे पहुंचाएं?","meaning, relationships, skills और service-based goals explore करना","बिना पर्याप्त जानकारी diagnosis न करें; moral judgement, stigma, shame या guaranteed cure जैसी भाषा से बचें।",Conditional,CLINICAL_ASSESSMENT_IF_NEEDED,Recommended,Draft - Expert Review Required,REC | Meaning/Purpose | Recovery Growth | Recovery | Moderate | MOTIVATE | helper
MHL_01_1,MHL,Mental Health एवं Substance Use,Depression,Self,Self,Adult / Any age,Any / Not specified,Regular Use,Dual Diagnosis,Moderate,TREATMENT,मेरे साथ उदासी या depression के समय नशा बढ़ जाना। मुझे अब क्या करना चाहिए?,मेरे साथ यह हो रहा है कि उदासी या depression के समय नशा बढ़ जाना। मैं कैसे संभालूं?,मेरे case में उदासी या depression के समय नशा बढ़ जाना। मुझे अभी क्या next step लेना चाहिए?,मुझसे यह दिक्कत हो रही है कि उदासी या depression के समय नशा बढ़ जाना; मैं इसे कैसे छोड़ूं या संभालूं?,दोनों समस्याओं का integrated assessment बताना,विशिष्ट prescription/dose न दें; बिना assessment diagnosis न करें; qualified professional referral को स्पष्ट रखें।,Conditional,CLINICAL_ASSESSMENT_IF_NEEDED,Yes,Draft - Expert Review Required,MHL | Depression | Dual Diagnosis | Regular Use | Moderate | TREATMENT | self
MHL_01_2,MHL,Mental Health एवं Substance Use,Depression,Family Member,Family Member,Adult / Any age,Any / Not specified,Regular Use,Dual Diagnosis,Moderate,TREATMENT,मेरे परिवार के एक सदस्य में उदासी या depression के समय नशा बढ़ जाना। हम उसकी सुरक्षित और सही तरीके से मदद कैसे करें?,घर में एक व्यक्ति के साथ उदासी या depression के समय नशा बढ़ जाना। हमें क्या करना चाहिए?,मेरे family member में उदासी या depression के समय नशा बढ़ जाना। हम help कैसे करें और कब professional help लें?,हमारे घर में एक सदस्य के साथ उदासी या depression के समय नशा बढ़ जाना; समझाने और इलाज के लिए क्या तरीका रखें?,दोनों समस्याओं का integrated assessment बताना,विशिष्ट prescription/dose न दें; बिना assessment diagnosis न करें; qualified professional referral को स्पष्ट रखें।,Conditional,CLINICAL_ASSESSMENT_IF_NEEDED,Yes,Draft - Expert Review Required,MHL | Depression | Dual Diagnosis | Regular Use | Moderate | TREATMENT | family
MHL_01_3,MHL,Mental Health एवं Substance Use,Depression,General Public,Person with possible substance-use concern,Adult / Any age,Any / Not specified,Regular Use,Dual Diagnosis,Moderate,TREATMENT,"यदि उदासी या depression के समय नशा बढ़ जाना, तो इसका क्या अर्थ हो सकता है और सही अगला कदम क्या होना चाहिए?","अगर उदासी या depression के समय नशा बढ़ जाना, तो इसे कितना serious मानें और क्या करें?","अगर उदासी या depression के समय नशा बढ़ जाना, तो क्या यह addiction/problem का sign है और next step क्या होना चाहिए?","अगर ऐसी हालत हो कि उदासी या depression के समय नशा बढ़ जाना, तो घर वाले क्या समझें और क्या कदम उठाएं?",दोनों समस्याओं का integrated assessment बताना,विशिष्ट prescription/dose न दें; बिना assessment diagnosis न करें; qualified professional referral को स्पष्ट रखें।,Conditional,CLINICAL_ASSESSMENT_IF_NEEDED,Yes,Draft - Expert Review Required,MHL | Depression | Dual Diagnosis | Regular Use | Moderate | TREATMENT | general
MHL_01_4,MHL,Mental Health एवं Substance Use,Depression,Helper/Community Member,Other Person,Adult / Any age,Any / Not specified,Regular Use,Dual Diagnosis,Moderate,TREATMENT,"यदि किसी व्यक्ति में उदासी या depression के समय नशा बढ़ जाना, तो उसे उचित सहायता तक कैसे पहुंचाया जाए?",किसी जानने वाले के साथ उदासी या depression के समय नशा बढ़ जाना; उसकी मदद कैसे करें?,"अगर किसी person में उदासी या depression के समय नशा बढ़ जाना, तो safe support और referral कैसे करें?","गांव/मोहल्ले में किसी के साथ उदासी या depression के समय नशा बढ़ जाना, तो उसे बिना बदनाम किए मदद तक कैसे पहुंचाएं?",दोनों समस्याओं का integrated assessment बताना,विशिष्ट prescription/dose न दें; बिना assessment diagnosis न करें; qualified professional referral को स्पष्ट रखें।,Conditional,CLINICAL_ASSESSMENT_IF_NEEDED,Yes,Draft - Expert Review Required,MHL | Depression | Dual Diagnosis | Regular Use | Moderate | TREATMENT | helper
MHL_02_1,MHL,Mental Health एवं Substance Use,Anxiety,Self,Self,Adult / Any age,Any / Not specified,Regular Use,Dual Diagnosis,Moderate,TREATMENT,मेरे साथ घबराहट कम करने के लिए शराब या sedative लेना। मुझे अब क्या करना चाहिए?,मेरे साथ यह हो रहा है कि घबराहट कम करने के लिए शराब या sedative लेना। मैं कैसे संभालूं?,मेरे case में घबराहट कम करने के लिए शराब या sedative लेना। मुझे अभी क्या next step लेना चाहिए?,मुझसे यह दिक्कत हो रही है कि घबराहट कम करने के लिए शराब या sedative लेना; मैं इसे कैसे छोड़ूं या संभालूं?,short-term relief बनाम worsening cycle समझाना,विशिष्ट prescription/dose न दें; बिना assessment diagnosis न करें; qualified professional referral को स्पष्ट रखें।,Conditional,CLINICAL_ASSESSMENT_IF_NEEDED,Yes,Draft - Expert Review Required,MHL | Anxiety | Dual Diagnosis | Regular Use | Moderate | TREATMENT | self
MHL_02_2,MHL,Mental Health एवं Substance Use,Anxiety,Family Member,Family Member,Adult / Any age,Any / Not specified,Regular Use,Dual Diagnosis,Moderate,TREATMENT,मेरे परिवार के एक सदस्य में घबराहट कम करने के लिए शराब या sedative लेना। हम उसकी सुरक्षित और सही तरीके से मदद कैसे करें?,घर में एक व्यक्ति के साथ घबराहट कम करने के लिए शराब या sedative लेना। हमें क्या करना चाहिए?,मेरे family member में घबराहट कम करने के लिए शराब या sedative लेना। हम help कैसे करें और कब professional help लें?,हमारे घर में एक सदस्य के साथ घबराहट कम करने के लिए शराब या sedative लेना; समझाने और इलाज के लिए क्या तरीका रखें?,short-term relief बनाम worsening cycle समझाना,विशिष्ट prescription/dose न दें; बिना assessment diagnosis न करें; qualified professional referral को स्पष्ट रखें।,Conditional,CLINICAL_ASSESSMENT_IF_NEEDED,Yes,Draft - Expert Review Required,MHL | Anxiety | Dual Diagnosis | Regular Use | Moderate | TREATMENT | family
MHL_02_3,MHL,Mental Health एवं Substance Use,Anxiety,General Public,Person with possible substance-use concern,Adult / Any age,Any / Not specified,Regular Use,Dual Diagnosis,Moderate,TREATMENT,"यदि घबराहट कम करने के लिए शराब या sedative लेना, तो इसका क्या अर्थ हो सकता है और सही अगला कदम क्या होना चाहिए?","अगर घबराहट कम करने के लिए शराब या sedative लेना, तो इसे कितना serious मानें और क्या करें?","अगर घबराहट कम करने के लिए शराब या sedative लेना, तो क्या यह addiction/problem का sign है और next step क्या होना चाहिए?","अगर ऐसी हालत हो कि घबराहट कम करने के लिए शराब या sedative लेना, तो घर वाले क्या समझें और क्या कदम उठाएं?",short-term relief बनाम worsening cycle समझाना,विशिष्ट prescription/dose न दें; बिना assessment diagnosis न करें; qualified professional referral को स्पष्ट रखें।,Conditional,CLINICAL_ASSESSMENT_IF_NEEDED,Yes,Draft - Expert Review Required,MHL | Anxiety | Dual Diagnosis | Regular Use | Moderate | TREATMENT | general
MHL_02_4,MHL,Mental Health एवं Substance Use,Anxiety,Helper/Community Member,Other Person,Adult / Any age,Any / Not specified,Regular Use,Dual Diagnosis,Moderate,TREATMENT,"यदि किसी व्यक्ति में घबराहट कम करने के लिए शराब या sedative लेना, तो उसे उचित सहायता तक कैसे पहुंचाया जाए?",किसी जानने वाले के साथ घबराहट कम करने के लिए शराब या sedative लेना; उसकी मदद कैसे करें?,"अगर किसी person में घबराहट कम करने के लिए शराब या sedative लेना, तो safe support और referral कैसे करें?","गांव/मोहल्ले में किसी के साथ घबराहट कम करने के लिए शराब या sedative लेना, तो उसे बिना बदनाम किए मदद तक कैसे पहुंचाएं?",short-term relief बनाम worsening cycle समझाना,विशिष्ट prescription/dose न दें; बिना assessment diagnosis न करें; qualified professional referral को स्पष्ट रखें।,Conditional,CLINICAL_ASSESSMENT_IF_NEEDED,Yes,Draft - Expert Review Required,MHL | Anxiety | Dual Diagnosis | Regular Use | Moderate | TREATMENT | helper
MHL_03_1,MHL,Mental Health एवं Substance Use,Trauma,Self,Self,Adult / Any age,Any / Not specified,Regular Use,Trauma-Informed Care,Moderate,TREATMENT,मेरे साथ किसी traumatic घटना के बाद नशा शुरू या बढ़ जाना। मुझे अब क्या करना चाहिए?,मेरे साथ यह हो रहा है कि किसी traumatic घटना के बाद नशा शुरू या बढ़ जाना। मैं कैसे संभालूं?,मेरे case में किसी traumatic घटना के बाद नशा शुरू या बढ़ जाना। मुझे अभी क्या next step लेना चाहिए?,मुझसे यह दिक्कत हो रही है कि किसी traumatic घटना के बाद नशा शुरू या बढ़ जाना; मैं इसे कैसे छोड़ूं या संभालूं?,trauma-informed support और substance care दोनों की दिशा देना,विशिष्ट prescription/dose न दें; बिना assessment diagnosis न करें; qualified professional referral को स्पष्ट रखें।,Conditional,CLINICAL_ASSESSMENT_IF_NEEDED,Yes,Draft - Expert Review Required,MHL | Trauma | Trauma-Informed Care | Regular Use | Moderate | TREATMENT | self
MHL_03_2,MHL,Mental Health एवं Substance Use,Trauma,Family Member,Family Member,Adult / Any age,Any / Not specified,Regular Use,Trauma-Informed Care,Moderate,TREATMENT,मेरे परिवार के एक सदस्य में किसी traumatic घटना के बाद नशा शुरू या बढ़ जाना। हम उसकी सुरक्षित और सही तरीके से मदद कैसे करें?,घर में एक व्यक्ति के साथ किसी traumatic घटना के बाद नशा शुरू या बढ़ जाना। हमें क्या करना चाहिए?,मेरे family member में किसी traumatic घटना के बाद नशा शुरू या बढ़ जाना। हम help कैसे करें और कब professional help लें?,हमारे घर में एक सदस्य के साथ किसी traumatic घटना के बाद नशा शुरू या बढ़ जाना; समझाने और इलाज के लिए क्या तरीका रखें?,trauma-informed support और substance care दोनों की दिशा देना,विशिष्ट prescription/dose न दें; बिना assessment diagnosis न करें; qualified professional referral को स्पष्ट रखें।,Conditional,CLINICAL_ASSESSMENT_IF_NEEDED,Yes,Draft - Expert Review Required,MHL | Trauma | Trauma-Informed Care | Regular Use | Moderate | TREATMENT | family
MHL_03_3,MHL,Mental Health एवं Substance Use,Trauma,General Public,Person with possible substance-use concern,Adult / Any age,Any / Not specified,Regular Use,Trauma-Informed Care,Moderate,TREATMENT,"यदि किसी traumatic घटना के बाद नशा शुरू या बढ़ जाना, तो इसका क्या अर्थ हो सकता है और सही अगला कदम क्या होना चाहिए?","अगर किसी traumatic घटना के बाद नशा शुरू या बढ़ जाना, तो इसे कितना serious मानें और क्या करें?","अगर किसी traumatic घटना के बाद नशा शुरू या बढ़ जाना, तो क्या यह addiction/problem का sign है और next step क्या होना चाहिए?","अगर ऐसी हालत हो कि किसी traumatic घटना के बाद नशा शुरू या बढ़ जाना, तो घर वाले क्या समझें और क्या कदम उठाएं?",trauma-informed support और substance care दोनों की दिशा देना,विशिष्ट prescription/dose न दें; बिना assessment diagnosis न करें; qualified professional referral को स्पष्ट रखें।,Conditional,CLINICAL_ASSESSMENT_IF_NEEDED,Yes,Draft - Expert Review Required,MHL | Trauma | Trauma-Informed Care | Regular Use | Moderate | TREATMENT | general
MHL_03_4,MHL,Mental Health एवं Substance Use,Trauma,Helper/Community Member,Other Person,Adult / Any age,Any / Not specified,Regular Use,Trauma-Informed Care,Moderate,TREATMENT,"यदि किसी व्यक्ति में किसी traumatic घटना के बाद नशा शुरू या बढ़ जाना, तो उसे उचित सहायता तक कैसे पहुंचाया जाए?",किसी जानने वाले के साथ किसी traumatic घटना के बाद नशा शुरू या बढ़ जाना; उसकी मदद कैसे करें?,"अगर किसी person में किसी traumatic घटना के बाद नशा शुरू या बढ़ जाना, तो safe support और referral कैसे करें?","गांव/मोहल्ले में किसी के साथ किसी traumatic घटना के बाद नशा शुरू या बढ़ जाना, तो उसे बिना बदनाम किए मदद तक कैसे पहुंचाएं?",trauma-informed support और substance care दोनों की दिशा देना,विशिष्ट prescription/dose न दें; बिना assessment diagnosis न करें; qualified professional referral को स्पष्ट रखें।,Conditional,CLINICAL_ASSESSMENT_IF_NEEDED,Yes,Draft - Expert Review Required,MHL | Trauma | Trauma-Informed Care | Regular Use | Moderate | TREATMENT | helper
MHL_04_1,MHL,Mental Health एवं Substance Use,Sleep,Self,Self,Adult / Any age,Any / Not specified,Regular Use,Sleep/Substance,Moderate,TREATMENT,मेरे साथ नींद न आने पर self-medication के रूप में नशा इस्तेमाल करना। मुझे अब क्या करना चाहिए?,मेरे साथ यह हो रहा है कि नींद न आने पर self-medication के रूप में नशा इस्तेमाल करना। मैं कैसे संभालूं?,मेरे case में नींद न आने पर self-medication के रूप में नशा इस्तेमाल करना। मुझे अभी क्या next step लेना चाहिए?,मुझसे यह दिक्कत हो रही है कि नींद न आने पर self-medication के रूप में नशा इस्तेमाल करना; मैं इसे कैसे छोड़ूं या संभालूं?,underlying sleep issue और substance risk assess करना,विशिष्ट prescription/dose न दें; बिना assessment diagnosis न करें; qualified professional referral को स्पष्ट रखें।,Conditional,CLINICAL_ASSESSMENT_IF_NEEDED,Yes,Draft - Expert Review Required,MHL | Sleep | Sleep/Substance | Regular Use | Moderate | TREATMENT | self
MHL_04_2,MHL,Mental Health एवं Substance Use,Sleep,Family Member,Family Member,Adult / Any age,Any / Not specified,Regular Use,Sleep/Substance,Moderate,TREATMENT,मेरे परिवार के एक सदस्य में नींद न आने पर self-medication के रूप में नशा इस्तेमाल करना। हम उसकी सुरक्षित और सही तरीके से मदद कैसे करें?,घर में एक व्यक्ति के साथ नींद न आने पर self-medication के रूप में नशा इस्तेमाल करना। हमें क्या करना चाहिए?,मेरे family member में नींद न आने पर self-medication के रूप में नशा इस्तेमाल करना। हम help कैसे करें और कब professional help लें?,हमारे घर में एक सदस्य के साथ नींद न आने पर self-medication के रूप में नशा इस्तेमाल करना; समझाने और इलाज के लिए क्या तरीका रखें?,underlying sleep issue और substance risk assess करना,विशिष्ट prescription/dose न दें; बिना assessment diagnosis न करें; qualified professional referral को स्पष्ट रखें।,Conditional,CLINICAL_ASSESSMENT_IF_NEEDED,Yes,Draft - Expert Review Required,MHL | Sleep | Sleep/Substance | Regular Use | Moderate | TREATMENT | family
MHL_04_3,MHL,Mental Health एवं Substance Use,Sleep,General Public,Person with possible substance-use concern,Adult / Any age,Any / Not specified,Regular Use,Sleep/Substance,Moderate,TREATMENT,"यदि नींद न आने पर self-medication के रूप में नशा इस्तेमाल करना, तो इसका क्या अर्थ हो सकता है और सही अगला कदम क्या होना चाहिए?","अगर नींद न आने पर self-medication के रूप में नशा इस्तेमाल करना, तो इसे कितना serious मानें और क्या करें?","अगर नींद न आने पर self-medication के रूप में नशा इस्तेमाल करना, तो क्या यह addiction/problem का sign है और next step क्या होना चाहिए?","अगर ऐसी हालत हो कि नींद न आने पर self-medication के रूप में नशा इस्तेमाल करना, तो घर वाले क्या समझें और क्या कदम उठाएं?",underlying sleep issue और substance risk assess करना,विशिष्ट prescription/dose न दें; बिना assessment diagnosis न करें; qualified professional referral को स्पष्ट रखें।,Conditional,CLINICAL_ASSESSMENT_IF_NEEDED,Yes,Draft - Expert Review Required,MHL | Sleep | Sleep/Substance | Regular Use | Moderate | TREATMENT | general
MHL_04_4,MHL,Mental Health एवं Substance Use,Sleep,Helper/Community Member,Other Person,Adult / Any age,Any / Not specified,Regular Use,Sleep/Substance,Moderate,TREATMENT,"यदि किसी व्यक्ति में नींद न आने पर self-medication के रूप में नशा इस्तेमाल करना, तो उसे उचित सहायता तक कैसे पहुंचाया जाए?",किसी जानने वाले के साथ नींद न आने पर self-medication के रूप में नशा इस्तेमाल करना; उसकी मदद कैसे करें?,"अगर किसी person में नींद न आने पर self-medication के रूप में नशा इस्तेमाल करना, तो safe support और referral कैसे करें?","गांव/मोहल्ले में किसी के साथ नींद न आने पर self-medication के रूप में नशा इस्तेमाल करना, तो उसे बिना बदनाम किए मदद तक कैसे पहुंचाएं?",underlying sleep issue और substance risk assess करना,विशिष्ट prescription/dose न दें; बिना assessment diagnosis न करें; qualified professional referral को स्पष्ट रखें।,Conditional,CLINICAL_ASSESSMENT_IF_NEEDED,Yes,Draft - Expert Review Required,MHL | Sleep | Sleep/Substance | Regular Use | Moderate | TREATMENT | helper
MHL_05_1,MHL,Mental Health एवं Substance Use,Panic,Self,Self,Adult / Any age,Any / Not specified,Occasional Use,Acute Mental Health,High,ACTION,मेरे साथ नशे के बाद तेज घबराहट या panic जैसा महसूस होना। मुझे अब क्या करना चाहिए?,मेरे साथ यह हो रहा है कि नशे के बाद तेज घबराहट या panic जैसा महसूस होना। मैं कैसे संभालूं?,मेरे case में नशे के बाद तेज घबराहट या panic जैसा महसूस होना। मुझे अभी क्या next step लेना चाहिए?,मुझसे यह दिक्कत हो रही है कि नशे के बाद तेज घबराहट या panic जैसा महसूस होना; मैं इसे कैसे छोड़ूं या संभालूं?,"acute symptoms, medical red flags और calming support बताना","घर पर जोखिमपूर्ण detox, medication dosing या false reassurance न दें; urgent professional assessment को delay न करें।",Urgent,URGENT_ASSESSMENT,Yes,Draft - Expert Review Required,MHL | Panic | Acute Mental Health | Occasional Use | High | ACTION | self
MHL_05_2,MHL,Mental Health एवं Substance Use,Panic,Family Member,Family Member,Adult / Any age,Any / Not specified,Occasional Use,Acute Mental Health,High,ACTION,मेरे परिवार के एक सदस्य में नशे के बाद तेज घबराहट या panic जैसा महसूस होना। हम उसकी सुरक्षित और सही तरीके से मदद कैसे करें?,घर में एक व्यक्ति के साथ नशे के बाद तेज घबराहट या panic जैसा महसूस होना। हमें क्या करना चाहिए?,मेरे family member में नशे के बाद तेज घबराहट या panic जैसा महसूस होना। हम help कैसे करें और कब professional help लें?,हमारे घर में एक सदस्य के साथ नशे के बाद तेज घबराहट या panic जैसा महसूस होना; समझाने और इलाज के लिए क्या तरीका रखें?,"acute symptoms, medical red flags और calming support बताना","घर पर जोखिमपूर्ण detox, medication dosing या false reassurance न दें; urgent professional assessment को delay न करें।",Urgent,URGENT_ASSESSMENT,Yes,Draft - Expert Review Required,MHL | Panic | Acute Mental Health | Occasional Use | High | ACTION | family
MHL_05_3,MHL,Mental Health एवं Substance Use,Panic,General Public,Person with possible substance-use concern,Adult / Any age,Any / Not specified,Occasional Use,Acute Mental Health,High,ACTION,"यदि नशे के बाद तेज घबराहट या panic जैसा महसूस होना, तो इसका क्या अर्थ हो सकता है और सही अगला कदम क्या होना चाहिए?","अगर नशे के बाद तेज घबराहट या panic जैसा महसूस होना, तो इसे कितना serious मानें और क्या करें?","अगर नशे के बाद तेज घबराहट या panic जैसा महसूस होना, तो क्या यह addiction/problem का sign है और next step क्या होना चाहिए?","अगर ऐसी हालत हो कि नशे के बाद तेज घबराहट या panic जैसा महसूस होना, तो घर वाले क्या समझें और क्या कदम उठाएं?","acute symptoms, medical red flags और calming support बताना","घर पर जोखिमपूर्ण detox, medication dosing या false reassurance न दें; urgent professional assessment को delay न करें।",Urgent,URGENT_ASSESSMENT,Yes,Draft - Expert Review Required,MHL | Panic | Acute Mental Health | Occasional Use | High | ACTION | general
MHL_05_4,MHL,Mental Health एवं Substance Use,Panic,Helper/Community Member,Other Person,Adult / Any age,Any / Not specified,Occasional Use,Acute Mental Health,High,ACTION,"यदि किसी व्यक्ति में नशे के बाद तेज घबराहट या panic जैसा महसूस होना, तो उसे उचित सहायता तक कैसे पहुंचाया जाए?",किसी जानने वाले के साथ नशे के बाद तेज घबराहट या panic जैसा महसूस होना; उसकी मदद कैसे करें?,"अगर किसी person में नशे के बाद तेज घबराहट या panic जैसा महसूस होना, तो safe support और referral कैसे करें?","गांव/मोहल्ले में किसी के साथ नशे के बाद तेज घबराहट या panic जैसा महसूस होना, तो उसे बिना बदनाम किए मदद तक कैसे पहुंचाएं?","acute symptoms, medical red flags और calming support बताना","घर पर जोखिमपूर्ण detox, medication dosing या false reassurance न दें; urgent professional assessment को delay न करें।",Urgent,URGENT_ASSESSMENT,Yes,Draft - Expert Review Required,MHL | Panic | Acute Mental Health | Occasional Use | High | ACTION | helper
MHL_06_1,MHL,Mental Health एवं Substance Use,Paranoia,Self,Self,Adult / Any age,Any / Not specified,Regular Use,Psychosis Risk,High,ACTION,मेरे साथ नशे के बाद यह लगना कि लोग पीछा कर रहे हैं या नुकसान पहुंचाएंगे। मुझे अब क्या करना चाहिए?,मेरे साथ यह हो रहा है कि नशे के बाद यह लगना कि लोग पीछा कर रहे हैं या नुकसान पहुंचाएंगे। मैं कैसे संभालूं?,मेरे case में नशे के बाद यह लगना कि लोग पीछा कर रहे हैं या नुकसान पहुंचाएंगे। मुझे अभी क्या next step लेना चाहिए?,मुझसे यह दिक्कत हो रही है कि नशे के बाद यह लगना कि लोग पीछा कर रहे हैं या नुकसान पहुंचाएंगे; मैं इसे कैसे छोड़ूं या संभालूं?,safe environment और urgent clinical assessment की दिशा देना,"घर पर जोखिमपूर्ण detox, medication dosing या false reassurance न दें; urgent professional assessment को delay न करें।",Urgent,URGENT_ASSESSMENT,Yes,Draft - Expert Review Required,MHL | Paranoia | Psychosis Risk | Regular Use | High | ACTION | self
MHL_06_2,MHL,Mental Health एवं Substance Use,Paranoia,Family Member,Family Member,Adult / Any age,Any / Not specified,Regular Use,Psychosis Risk,High,ACTION,मेरे परिवार के एक सदस्य में नशे के बाद यह लगना कि लोग पीछा कर रहे हैं या नुकसान पहुंचाएंगे। हम उसकी सुरक्षित और सही तरीके से मदद कैसे करें?,घर में एक व्यक्ति के साथ नशे के बाद यह लगना कि लोग पीछा कर रहे हैं या नुकसान पहुंचाएंगे। हमें क्या करना चाहिए?,मेरे family member में नशे के बाद यह लगना कि लोग पीछा कर रहे हैं या नुकसान पहुंचाएंगे। हम help कैसे करें और कब professional help लें?,हमारे घर में एक सदस्य के साथ नशे के बाद यह लगना कि लोग पीछा कर रहे हैं या नुकसान पहुंचाएंगे; समझाने और इलाज के लिए क्या तरीका रखें?,safe environment और urgent clinical assessment की दिशा देना,"घर पर जोखिमपूर्ण detox, medication dosing या false reassurance न दें; urgent professional assessment को delay न करें।",Urgent,URGENT_ASSESSMENT,Yes,Draft - Expert Review Required,MHL | Paranoia | Psychosis Risk | Regular Use | High | ACTION | family
MHL_06_3,MHL,Mental Health एवं Substance Use,Paranoia,General Public,Person with possible substance-use concern,Adult / Any age,Any / Not specified,Regular Use,Psychosis Risk,High,ACTION,"यदि नशे के बाद यह लगना कि लोग पीछा कर रहे हैं या नुकसान पहुंचाएंगे, तो इसका क्या अर्थ हो सकता है और सही अगला कदम क्या होना चाहिए?","अगर नशे के बाद यह लगना कि लोग पीछा कर रहे हैं या नुकसान पहुंचाएंगे, तो इसे कितना serious मानें और क्या करें?","अगर नशे के बाद यह लगना कि लोग पीछा कर रहे हैं या नुकसान पहुंचाएंगे, तो क्या यह addiction/problem का sign है और next step क्या होना चाहिए?","अगर ऐसी हालत हो कि नशे के बाद यह लगना कि लोग पीछा कर रहे हैं या नुकसान पहुंचाएंगे, तो घर वाले क्या समझें और क्या कदम उठाएं?",safe environment और urgent clinical assessment की दिशा देना,"घर पर जोखिमपूर्ण detox, medication dosing या false reassurance न दें; urgent professional assessment को delay न करें।",Urgent,URGENT_ASSESSMENT,Yes,Draft - Expert Review Required,MHL | Paranoia | Psychosis Risk | Regular Use | High | ACTION | general
MHL_06_4,MHL,Mental Health एवं Substance Use,Paranoia,Helper/Community Member,Other Person,Adult / Any age,Any / Not specified,Regular Use,Psychosis Risk,High,ACTION,"यदि किसी व्यक्ति में नशे के बाद यह लगना कि लोग पीछा कर रहे हैं या नुकसान पहुंचाएंगे, तो उसे उचित सहायता तक कैसे पहुंचाया जाए?",किसी जानने वाले के साथ नशे के बाद यह लगना कि लोग पीछा कर रहे हैं या नुकसान पहुंचाएंगे; उसकी मदद कैसे करें?,"अगर किसी person में नशे के बाद यह लगना कि लोग पीछा कर रहे हैं या नुकसान पहुंचाएंगे, तो safe support और referral कैसे करें?","गांव/मोहल्ले में किसी के साथ नशे के बाद यह लगना कि लोग पीछा कर रहे हैं या नुकसान पहुंचाएंगे, तो उसे बिना बदनाम किए मदद तक कैसे पहुंचाएं?",safe environment और urgent clinical assessment की दिशा देना,"घर पर जोखिमपूर्ण detox, medication dosing या false reassurance न दें; urgent professional assessment को delay न करें।",Urgent,URGENT_ASSESSMENT,Yes,Draft - Expert Review Required,MHL | Paranoia | Psychosis Risk | Regular Use | High | ACTION | helper
MHL_07_1,MHL,Mental Health एवं Substance Use,Hallucination,Self,Self,Adult / Any age,Any / Not specified,Regular Use,Psychosis Risk,Emergency,CRISIS,मेरे साथ नशे के दौरान या बाद में आवाजें सुनाई देना या चीजें दिखना। मुझे अब क्या करना चाहिए?,मेरे साथ यह हो रहा है कि नशे के दौरान या बाद में आवाजें सुनाई देना या चीजें दिखना। मैं कैसे संभालूं?,मेरे case में नशे के दौरान या बाद में आवाजें सुनाई देना या चीजें दिखना। मुझे अभी क्या next step लेना चाहिए?,मुझसे यह दिक्कत हो रही है कि नशे के दौरान या बाद में आवाजें सुनाई देना या चीजें दिखना; मैं इसे कैसे छोड़ूं या संभालूं?,emergency/urgent psychiatric-medical evaluation बताना,"लंबी counselling/diagnosis में न जाएं; अकेला न छोड़ने, तत्काल emergency medical/safety help और स्थानीय आपात सेवा को प्राथमिकता दें।",Immediate,EMERGENCY_ROUTE,Yes,Draft - Expert Review Required,MHL | Hallucination | Psychosis Risk | Regular Use | Emergency | CRISIS | self
MHL_07_2,MHL,Mental Health एवं Substance Use,Hallucination,Family Member,Family Member,Adult / Any age,Any / Not specified,Regular Use,Psychosis Risk,Emergency,CRISIS,मेरे परिवार के एक सदस्य में नशे के दौरान या बाद में आवाजें सुनाई देना या चीजें दिखना। हम उसकी सुरक्षित और सही तरीके से मदद कैसे करें?,घर में एक व्यक्ति के साथ नशे के दौरान या बाद में आवाजें सुनाई देना या चीजें दिखना। हमें क्या करना चाहिए?,मेरे family member में नशे के दौरान या बाद में आवाजें सुनाई देना या चीजें दिखना। हम help कैसे करें और कब professional help लें?,हमारे घर में एक सदस्य के साथ नशे के दौरान या बाद में आवाजें सुनाई देना या चीजें दिखना; समझाने और इलाज के लिए क्या तरीका रखें?,emergency/urgent psychiatric-medical evaluation बताना,"लंबी counselling/diagnosis में न जाएं; अकेला न छोड़ने, तत्काल emergency medical/safety help और स्थानीय आपात सेवा को प्राथमिकता दें।",Immediate,EMERGENCY_ROUTE,Yes,Draft - Expert Review Required,MHL | Hallucination | Psychosis Risk | Regular Use | Emergency | CRISIS | family
MHL_07_3,MHL,Mental Health एवं Substance Use,Hallucination,General Public,Person with possible substance-use concern,Adult / Any age,Any / Not specified,Regular Use,Psychosis Risk,Emergency,CRISIS,"यदि नशे के दौरान या बाद में आवाजें सुनाई देना या चीजें दिखना, तो इसका क्या अर्थ हो सकता है और सही अगला कदम क्या होना चाहिए?","अगर नशे के दौरान या बाद में आवाजें सुनाई देना या चीजें दिखना, तो इसे कितना serious मानें और क्या करें?","अगर नशे के दौरान या बाद में आवाजें सुनाई देना या चीजें दिखना, तो क्या यह addiction/problem का sign है और next step क्या होना चाहिए?","अगर ऐसी हालत हो कि नशे के दौरान या बाद में आवाजें सुनाई देना या चीजें दिखना, तो घर वाले क्या समझें और क्या कदम उठाएं?",emergency/urgent psychiatric-medical evaluation बताना,"लंबी counselling/diagnosis में न जाएं; अकेला न छोड़ने, तत्काल emergency medical/safety help और स्थानीय आपात सेवा को प्राथमिकता दें।",Immediate,EMERGENCY_ROUTE,Yes,Draft - Expert Review Required,MHL | Hallucination | Psychosis Risk | Regular Use | Emergency | CRISIS | general
MHL_07_4,MHL,Mental Health एवं Substance Use,Hallucination,Helper/Community Member,Other Person,Adult / Any age,Any / Not specified,Regular Use,Psychosis Risk,Emergency,CRISIS,"यदि किसी व्यक्ति में नशे के दौरान या बाद में आवाजें सुनाई देना या चीजें दिखना, तो उसे उचित सहायता तक कैसे पहुंचाया जाए?",किसी जानने वाले के साथ नशे के दौरान या बाद में आवाजें सुनाई देना या चीजें दिखना; उसकी मदद कैसे करें?,"अगर किसी person में नशे के दौरान या बाद में आवाजें सुनाई देना या चीजें दिखना, तो safe support और referral कैसे करें?","गांव/मोहल्ले में किसी के साथ नशे के दौरान या बाद में आवाजें सुनाई देना या चीजें दिखना, तो उसे बिना बदनाम किए मदद तक कैसे पहुंचाएं?",emergency/urgent psychiatric-medical evaluation बताना,"लंबी counselling/diagnosis में न जाएं; अकेला न छोड़ने, तत्काल emergency medical/safety help और स्थानीय आपात सेवा को प्राथमिकता दें।",Immediate,EMERGENCY_ROUTE,Yes,Draft - Expert Review Required,MHL | Hallucination | Psychosis Risk | Regular Use | Emergency | CRISIS | helper
MHL_08_1,MHL,Mental Health एवं Substance Use,Self Harm Thoughts,Self,Self,Adult / Any age,Any / Not specified,Regular Use,Self-Harm Risk,Emergency,CRISIS,मेरे साथ नशे की हालत में खुद को नुकसान पहुंचाने या मरने की बात करना। मुझे अब क्या करना चाहिए?,मेरे साथ यह हो रहा है कि नशे की हालत में खुद को नुकसान पहुंचाने या मरने की बात करना। मैं कैसे संभालूं?,मेरे case में नशे की हालत में खुद को नुकसान पहुंचाने या मरने की बात करना। मुझे अभी क्या next step लेना चाहिए?,मुझसे यह दिक्कत हो रही है कि नशे की हालत में खुद को नुकसान पहुंचाने या मरने की बात करना; मैं इसे कैसे छोड़ूं या संभालूं?,"तत्काल सुरक्षा, अकेला न छोड़ना और emergency help activate करना","लंबी counselling/diagnosis में न जाएं; अकेला न छोड़ने, तत्काल emergency medical/safety help और स्थानीय आपात सेवा को प्राथमिकता दें।",Immediate,EMERGENCY_ROUTE,Yes,Draft - Expert Review Required,MHL | Self Harm Thoughts | Self-Harm Risk | Regular Use | Emergency | CRISIS | self
MHL_08_2,MHL,Mental Health एवं Substance Use,Self Harm Thoughts,Family Member,Family Member,Adult / Any age,Any / Not specified,Regular Use,Self-Harm Risk,Emergency,CRISIS,मेरे परिवार के एक सदस्य में नशे की हालत में खुद को नुकसान पहुंचाने या मरने की बात करना। हम उसकी सुरक्षित और सही तरीके से मदद कैसे करें?,घर में एक व्यक्ति के साथ नशे की हालत में खुद को नुकसान पहुंचाने या मरने की बात करना। हमें क्या करना चाहिए?,मेरे family member में नशे की हालत में खुद को नुकसान पहुंचाने या मरने की बात करना। हम help कैसे करें और कब professional help लें?,हमारे घर में एक सदस्य के साथ नशे की हालत में खुद को नुकसान पहुंचाने या मरने की बात करना; समझाने और इलाज के लिए क्या तरीका रखें?,"तत्काल सुरक्षा, अकेला न छोड़ना और emergency help activate करना","लंबी counselling/diagnosis में न जाएं; अकेला न छोड़ने, तत्काल emergency medical/safety help और स्थानीय आपात सेवा को प्राथमिकता दें।",Immediate,EMERGENCY_ROUTE,Yes,Draft - Expert Review Required,MHL | Self Harm Thoughts | Self-Harm Risk | Regular Use | Emergency | CRISIS | family
MHL_08_3,MHL,Mental Health एवं Substance Use,Self Harm Thoughts,General Public,Person with possible substance-use concern,Adult / Any age,Any / Not specified,Regular Use,Self-Harm Risk,Emergency,CRISIS,"यदि नशे की हालत में खुद को नुकसान पहुंचाने या मरने की बात करना, तो इसका क्या अर्थ हो सकता है और सही अगला कदम क्या होना चाहिए?","अगर नशे की हालत में खुद को नुकसान पहुंचाने या मरने की बात करना, तो इसे कितना serious मानें और क्या करें?","अगर नशे की हालत में खुद को नुकसान पहुंचाने या मरने की बात करना, तो क्या यह addiction/problem का sign है और next step क्या होना चाहिए?","अगर ऐसी हालत हो कि नशे की हालत में खुद को नुकसान पहुंचाने या मरने की बात करना, तो घर वाले क्या समझें और क्या कदम उठाएं?","तत्काल सुरक्षा, अकेला न छोड़ना और emergency help activate करना","लंबी counselling/diagnosis में न जाएं; अकेला न छोड़ने, तत्काल emergency medical/safety help और स्थानीय आपात सेवा को प्राथमिकता दें।",Immediate,EMERGENCY_ROUTE,Yes,Draft - Expert Review Required,MHL | Self Harm Thoughts | Self-Harm Risk | Regular Use | Emergency | CRISIS | general
MHL_08_4,MHL,Mental Health एवं Substance Use,Self Harm Thoughts,Helper/Community Member,Other Person,Adult / Any age,Any / Not specified,Regular Use,Self-Harm Risk,Emergency,CRISIS,"यदि किसी व्यक्ति में नशे की हालत में खुद को नुकसान पहुंचाने या मरने की बात करना, तो उसे उचित सहायता तक कैसे पहुंचाया जाए?",किसी जानने वाले के साथ नशे की हालत में खुद को नुकसान पहुंचाने या मरने की बात करना; उसकी मदद कैसे करें?,"अगर किसी person में नशे की हालत में खुद को नुकसान पहुंचाने या मरने की बात करना, तो safe support और referral कैसे करें?","गांव/मोहल्ले में किसी के साथ नशे की हालत में खुद को नुकसान पहुंचाने या मरने की बात करना, तो उसे बिना बदनाम किए मदद तक कैसे पहुंचाएं?","तत्काल सुरक्षा, अकेला न छोड़ना और emergency help activate करना","लंबी counselling/diagnosis में न जाएं; अकेला न छोड़ने, तत्काल emergency medical/safety help और स्थानीय आपात सेवा को प्राथमिकता दें।",Immediate,EMERGENCY_ROUTE,Yes,Draft - Expert Review Required,MHL | Self Harm Thoughts | Self-Harm Risk | Regular Use | Emergency | CRISIS | helper
MHL_09_1,MHL,Mental Health एवं Substance Use,Guilt,Self,Self,Adult / Any age,Any / Not specified,Recovery,Emotional Support,Moderate,MOTIVATE,मेरे साथ नशे के कारण बहुत अधिक guilt और self-hatred होना। मुझे अब क्या करना चाहिए?,मेरे साथ यह हो रहा है कि नशे के कारण बहुत अधिक guilt और self-hatred होना। मैं कैसे संभालूं?,मेरे case में नशे के कारण बहुत अधिक guilt और self-hatred होना। मुझे अभी क्या next step लेना चाहिए?,मुझसे यह दिक्कत हो रही है कि नशे के कारण बहुत अधिक guilt और self-hatred होना; मैं इसे कैसे छोड़ूं या संभालूं?,nonjudgmental support और mental health assessment की दिशा देना,"बिना पर्याप्त जानकारी diagnosis न करें; moral judgement, stigma, shame या guaranteed cure जैसी भाषा से बचें।",Conditional,CLINICAL_ASSESSMENT_IF_NEEDED,Yes,Draft - Expert Review Required,MHL | Guilt | Emotional Support | Recovery | Moderate | MOTIVATE | self
MHL_09_2,MHL,Mental Health एवं Substance Use,Guilt,Family Member,Family Member,Adult / Any age,Any / Not specified,Recovery,Emotional Support,Moderate,MOTIVATE,मेरे परिवार के एक सदस्य में नशे के कारण बहुत अधिक guilt और self-hatred होना। हम उसकी सुरक्षित और सही तरीके से मदद कैसे करें?,घर में एक व्यक्ति के साथ नशे के कारण बहुत अधिक guilt और self-hatred होना। हमें क्या करना चाहिए?,मेरे family member में नशे के कारण बहुत अधिक guilt और self-hatred होना। हम help कैसे करें और कब professional help लें?,हमारे घर में एक सदस्य के साथ नशे के कारण बहुत अधिक guilt और self-hatred होना; समझाने और इलाज के लिए क्या तरीका रखें?,nonjudgmental support और mental health assessment की दिशा देना,"बिना पर्याप्त जानकारी diagnosis न करें; moral judgement, stigma, shame या guaranteed cure जैसी भाषा से बचें।",Conditional,CLINICAL_ASSESSMENT_IF_NEEDED,Yes,Draft - Expert Review Required,MHL | Guilt | Emotional Support | Recovery | Moderate | MOTIVATE | family
MHL_09_3,MHL,Mental Health एवं Substance Use,Guilt,General Public,Person with possible substance-use concern,Adult / Any age,Any / Not specified,Recovery,Emotional Support,Moderate,MOTIVATE,"यदि नशे के कारण बहुत अधिक guilt और self-hatred होना, तो इसका क्या अर्थ हो सकता है और सही अगला कदम क्या होना चाहिए?","अगर नशे के कारण बहुत अधिक guilt और self-hatred होना, तो इसे कितना serious मानें और क्या करें?","अगर नशे के कारण बहुत अधिक guilt और self-hatred होना, तो क्या यह addiction/problem का sign है और next step क्या होना चाहिए?","अगर ऐसी हालत हो कि नशे के कारण बहुत अधिक guilt और self-hatred होना, तो घर वाले क्या समझें और क्या कदम उठाएं?",nonjudgmental support और mental health assessment की दिशा देना,"बिना पर्याप्त जानकारी diagnosis न करें; moral judgement, stigma, shame या guaranteed cure जैसी भाषा से बचें।",Conditional,CLINICAL_ASSESSMENT_IF_NEEDED,Yes,Draft - Expert Review Required,MHL | Guilt | Emotional Support | Recovery | Moderate | MOTIVATE | general
MHL_09_4,MHL,Mental Health एवं Substance Use,Guilt,Helper/Community Member,Other Person,Adult / Any age,Any / Not specified,Recovery,Emotional Support,Moderate,MOTIVATE,"यदि किसी व्यक्ति में नशे के कारण बहुत अधिक guilt और self-hatred होना, तो उसे उचित सहायता तक कैसे पहुंचाया जाए?",किसी जानने वाले के साथ नशे के कारण बहुत अधिक guilt और self-hatred होना; उसकी मदद कैसे करें?,"अगर किसी person में नशे के कारण बहुत अधिक guilt और self-hatred होना, तो safe support और referral कैसे करें?","गांव/मोहल्ले में किसी के साथ नशे के कारण बहुत अधिक guilt और self-hatred होना, तो उसे बिना बदनाम किए मदद तक कैसे पहुंचाएं?",nonjudgmental support और mental health assessment की दिशा देना,"बिना पर्याप्त जानकारी diagnosis न करें; moral judgement, stigma, shame या guaranteed cure जैसी भाषा से बचें।",Conditional,CLINICAL_ASSESSMENT_IF_NEEDED,Yes,Draft - Expert Review Required,MHL | Guilt | Emotional Support | Recovery | Moderate | MOTIVATE | helper
MHL_10_1,MHL,Mental Health एवं Substance Use,Dual Diagnosis,Self,Self,Adult / Any age,Any / Not specified,Treatment,Integrated Care,Moderate,TREATMENT,मेरे साथ mental illness और addiction में पहले किसका इलाज हो यह confusion होना। मुझे अब क्या करना चाहिए?,मेरे साथ यह हो रहा है कि mental illness और addiction में पहले किसका इलाज हो यह confusion होना। मैं कैसे संभालूं?,मेरे case में mental illness और addiction में पहले किसका इलाज हो यह confusion होना। मुझे अभी क्या next step लेना चाहिए?,मुझसे यह दिक्कत हो रही है कि mental illness और addiction में पहले किसका इलाज हो यह confusion होना; मैं इसे कैसे छोड़ूं या संभालूं?,parallel/integrated treatment approach समझाना,विशिष्ट prescription/dose न दें; बिना assessment diagnosis न करें; qualified professional referral को स्पष्ट रखें।,Conditional,CLINICAL_ASSESSMENT_IF_NEEDED,Yes,Draft - Expert Review Required,MHL | Dual Diagnosis | Integrated Care | Treatment | Moderate | TREATMENT | self
MHL_10_2,MHL,Mental Health एवं Substance Use,Dual Diagnosis,Family Member,Family Member,Adult / Any age,Any / Not specified,Treatment,Integrated Care,Moderate,TREATMENT,मेरे परिवार के एक सदस्य में mental illness और addiction में पहले किसका इलाज हो यह confusion होना। हम उसकी सुरक्षित और सही तरीके से मदद कैसे करें?,घर में एक व्यक्ति के साथ mental illness और addiction में पहले किसका इलाज हो यह confusion होना। हमें क्या करना चाहिए?,मेरे family member में mental illness और addiction में पहले किसका इलाज हो यह confusion होना। हम help कैसे करें और कब professional help लें?,हमारे घर में एक सदस्य के साथ mental illness और addiction में पहले किसका इलाज हो यह confusion होना; समझाने और इलाज के लिए क्या तरीका रखें?,parallel/integrated treatment approach समझाना,विशिष्ट prescription/dose न दें; बिना assessment diagnosis न करें; qualified professional referral को स्पष्ट रखें।,Conditional,CLINICAL_ASSESSMENT_IF_NEEDED,Yes,Draft - Expert Review Required,MHL | Dual Diagnosis | Integrated Care | Treatment | Moderate | TREATMENT | family
MHL_10_3,MHL,Mental Health एवं Substance Use,Dual Diagnosis,General Public,Person with possible substance-use concern,Adult / Any age,Any / Not specified,Treatment,Integrated Care,Moderate,TREATMENT,"यदि mental illness और addiction में पहले किसका इलाज हो यह confusion होना, तो इसका क्या अर्थ हो सकता है और सही अगला कदम क्या होना चाहिए?","अगर mental illness और addiction में पहले किसका इलाज हो यह confusion होना, तो इसे कितना serious मानें और क्या करें?","अगर mental illness और addiction में पहले किसका इलाज हो यह confusion होना, तो क्या यह addiction/problem का sign है और next step क्या होना चाहिए?","अगर ऐसी हालत हो कि mental illness और addiction में पहले किसका इलाज हो यह confusion होना, तो घर वाले क्या समझें और क्या कदम उठाएं?",parallel/integrated treatment approach समझाना,विशिष्ट prescription/dose न दें; बिना assessment diagnosis न करें; qualified professional referral को स्पष्ट रखें।,Conditional,CLINICAL_ASSESSMENT_IF_NEEDED,Yes,Draft - Expert Review Required,MHL | Dual Diagnosis | Integrated Care | Treatment | Moderate | TREATMENT | general
MHL_10_4,MHL,Mental Health एवं Substance Use,Dual Diagnosis,Helper/Community Member,Other Person,Adult / Any age,Any / Not specified,Treatment,Integrated Care,Moderate,TREATMENT,"यदि किसी व्यक्ति में mental illness और addiction में पहले किसका इलाज हो यह confusion होना, तो उसे उचित सहायता तक कैसे पहुंचाया जाए?",किसी जानने वाले के साथ mental illness और addiction में पहले किसका इलाज हो यह confusion होना; उसकी मदद कैसे करें?,"अगर किसी person में mental illness और addiction में पहले किसका इलाज हो यह confusion होना, तो safe support और referral कैसे करें?","गांव/मोहल्ले में किसी के साथ mental illness और addiction में पहले किसका इलाज हो यह confusion होना, तो उसे बिना बदनाम किए मदद तक कैसे पहुंचाएं?",parallel/integrated treatment approach समझाना,विशिष्ट prescription/dose न दें; बिना assessment diagnosis न करें; qualified professional referral को स्पष्ट रखें।,Conditional,CLINICAL_ASSESSMENT_IF_NEEDED,Yes,Draft - Expert Review Required,MHL | Dual Diagnosis | Integrated Care | Treatment | Moderate | TREATMENT | helper
WOM_01_1,WOM,"महिलाएं, गर्भावस्था एवं Gender-sensitive Care",Stigma,Woman/Self,Self,Adult / Reproductive age where applicable,Any / Pregnancy-context,Regular Use,Help Seeking,Moderate,TREATMENT,मैं एक महिला हूं और मेरे साथ महिला का stigma या बदनामी के डर से नशे की समस्या छिपाना। मुझे सुरक्षित सहायता कैसे मिले?,मेरे साथ महिला का stigma या बदनामी के डर से नशे की समस्या छिपाना; मैं बिना शर्म या डर के help कहां से लूं?,"मैं woman हूं और महिला का stigma या बदनामी के डर से नशे की समस्या छिपाना। Safe, confidential treatment/support कैसे मिले?","मैं महिला हूं, मेरे साथ महिला का stigma या बदनामी के डर से नशे की समस्या छिपाना; घर-परिवार के दबाव के बीच इलाज कैसे शुरू करूं?","privacy, dignity और gender-sensitive help seeking बताना",विशिष्ट prescription/dose न दें; बिना assessment diagnosis न करें; qualified professional referral को स्पष्ट रखें।,Conditional,CLINICAL_ASSESSMENT_IF_NEEDED,Yes,Draft - Expert Review Required,WOM | Stigma | Help Seeking | Regular Use | Moderate | TREATMENT | self_woman
WOM_01_2,WOM,"महिलाएं, गर्भावस्था एवं Gender-sensitive Care",Stigma,Family Member,Family Member,Adult / Reproductive age where applicable,Any / Pregnancy-context,Regular Use,Help Seeking,Moderate,TREATMENT,मेरे परिवार के एक सदस्य में महिला का stigma या बदनामी के डर से नशे की समस्या छिपाना। हम उसकी सुरक्षित और सही तरीके से मदद कैसे करें?,घर में एक व्यक्ति के साथ महिला का stigma या बदनामी के डर से नशे की समस्या छिपाना। हमें क्या करना चाहिए?,मेरे family member में महिला का stigma या बदनामी के डर से नशे की समस्या छिपाना। हम help कैसे करें और कब professional help लें?,हमारे घर में एक सदस्य के साथ महिला का stigma या बदनामी के डर से नशे की समस्या छिपाना; समझाने और इलाज के लिए क्या तरीका रखें?,"privacy, dignity और gender-sensitive help seeking बताना",विशिष्ट prescription/dose न दें; बिना assessment diagnosis न करें; qualified professional referral को स्पष्ट रखें।,Conditional,CLINICAL_ASSESSMENT_IF_NEEDED,Yes,Draft - Expert Review Required,WOM | Stigma | Help Seeking | Regular Use | Moderate | TREATMENT | family
WOM_01_3,WOM,"महिलाएं, गर्भावस्था एवं Gender-sensitive Care",Stigma,General Public,Person with possible substance-use concern,Adult / Reproductive age where applicable,Any / Pregnancy-context,Regular Use,Help Seeking,Moderate,TREATMENT,"यदि महिला का stigma या बदनामी के डर से नशे की समस्या छिपाना, तो इसका क्या अर्थ हो सकता है और सही अगला कदम क्या होना चाहिए?","अगर महिला का stigma या बदनामी के डर से नशे की समस्या छिपाना, तो इसे कितना serious मानें और क्या करें?","अगर महिला का stigma या बदनामी के डर से नशे की समस्या छिपाना, तो क्या यह addiction/problem का sign है और next step क्या होना चाहिए?","अगर ऐसी हालत हो कि महिला का stigma या बदनामी के डर से नशे की समस्या छिपाना, तो घर वाले क्या समझें और क्या कदम उठाएं?","privacy, dignity और gender-sensitive help seeking बताना",विशिष्ट prescription/dose न दें; बिना assessment diagnosis न करें; qualified professional referral को स्पष्ट रखें।,Conditional,CLINICAL_ASSESSMENT_IF_NEEDED,Yes,Draft - Expert Review Required,WOM | Stigma | Help Seeking | Regular Use | Moderate | TREATMENT | general
WOM_01_4,WOM,"महिलाएं, गर्भावस्था एवं Gender-sensitive Care",Stigma,Helper/Community Member,Other Person,Adult / Reproductive age where applicable,Any / Pregnancy-context,Regular Use,Help Seeking,Moderate,TREATMENT,"यदि किसी व्यक्ति में महिला का stigma या बदनामी के डर से नशे की समस्या छिपाना, तो उसे उचित सहायता तक कैसे पहुंचाया जाए?",किसी जानने वाले के साथ महिला का stigma या बदनामी के डर से नशे की समस्या छिपाना; उसकी मदद कैसे करें?,"अगर किसी person में महिला का stigma या बदनामी के डर से नशे की समस्या छिपाना, तो safe support और referral कैसे करें?","गांव/मोहल्ले में किसी के साथ महिला का stigma या बदनामी के डर से नशे की समस्या छिपाना, तो उसे बिना बदनाम किए मदद तक कैसे पहुंचाएं?","privacy, dignity और gender-sensitive help seeking बताना",विशिष्ट prescription/dose न दें; बिना assessment diagnosis न करें; qualified professional referral को स्पष्ट रखें।,Conditional,CLINICAL_ASSESSMENT_IF_NEEDED,Yes,Draft - Expert Review Required,WOM | Stigma | Help Seeking | Regular Use | Moderate | TREATMENT | helper
WOM_02_1,WOM,"महिलाएं, गर्भावस्था एवं Gender-sensitive Care",Pregnancy Alcohol,Woman/Self,Self,Adult / Reproductive age where applicable,Any / Pregnancy-context,Regular Use,Pregnancy Safety,High,TREATMENT,मैं एक महिला हूं और मेरे साथ गर्भावस्था में शराब का उपयोग जारी रहना। मुझे सुरक्षित सहायता कैसे मिले?,मेरे साथ गर्भावस्था में शराब का उपयोग जारी रहना; मैं बिना शर्म या डर के help कहां से लूं?,"मैं woman हूं और गर्भावस्था में शराब का उपयोग जारी रहना। Safe, confidential treatment/support कैसे मिले?","मैं महिला हूं, मेरे साथ गर्भावस्था में शराब का उपयोग जारी रहना; घर-परिवार के दबाव के बीच इलाज कैसे शुरू करूं?",prompt obstetric/addiction clinical advice की जरूरत बताना,"घर पर जोखिमपूर्ण detox, medication dosing या false reassurance न दें; urgent professional assessment को delay न करें।",Urgent,URGENT_ASSESSMENT,Yes,Draft - Expert Review Required,WOM | Pregnancy Alcohol | Pregnancy Safety | Regular Use | High | TREATMENT | self_woman
WOM_02_2,WOM,"महिलाएं, गर्भावस्था एवं Gender-sensitive Care",Pregnancy Alcohol,Family Member,Family Member,Adult / Reproductive age where applicable,Any / Pregnancy-context,Regular Use,Pregnancy Safety,High,TREATMENT,मेरे परिवार के एक सदस्य में गर्भावस्था में शराब का उपयोग जारी रहना। हम उसकी सुरक्षित और सही तरीके से मदद कैसे करें?,घर में एक व्यक्ति के साथ गर्भावस्था में शराब का उपयोग जारी रहना। हमें क्या करना चाहिए?,मेरे family member में गर्भावस्था में शराब का उपयोग जारी रहना। हम help कैसे करें और कब professional help लें?,हमारे घर में एक सदस्य के साथ गर्भावस्था में शराब का उपयोग जारी रहना; समझाने और इलाज के लिए क्या तरीका रखें?,prompt obstetric/addiction clinical advice की जरूरत बताना,"घर पर जोखिमपूर्ण detox, medication dosing या false reassurance न दें; urgent professional assessment को delay न करें।",Urgent,URGENT_ASSESSMENT,Yes,Draft - Expert Review Required,WOM | Pregnancy Alcohol | Pregnancy Safety | Regular Use | High | TREATMENT | family
WOM_02_3,WOM,"महिलाएं, गर्भावस्था एवं Gender-sensitive Care",Pregnancy Alcohol,General Public,Person with possible substance-use concern,Adult / Reproductive age where applicable,Any / Pregnancy-context,Regular Use,Pregnancy Safety,High,TREATMENT,"यदि गर्भावस्था में शराब का उपयोग जारी रहना, तो इसका क्या अर्थ हो सकता है और सही अगला कदम क्या होना चाहिए?","अगर गर्भावस्था में शराब का उपयोग जारी रहना, तो इसे कितना serious मानें और क्या करें?","अगर गर्भावस्था में शराब का उपयोग जारी रहना, तो क्या यह addiction/problem का sign है और next step क्या होना चाहिए?","अगर ऐसी हालत हो कि गर्भावस्था में शराब का उपयोग जारी रहना, तो घर वाले क्या समझें और क्या कदम उठाएं?",prompt obstetric/addiction clinical advice की जरूरत बताना,"घर पर जोखिमपूर्ण detox, medication dosing या false reassurance न दें; urgent professional assessment को delay न करें।",Urgent,URGENT_ASSESSMENT,Yes,Draft - Expert Review Required,WOM | Pregnancy Alcohol | Pregnancy Safety | Regular Use | High | TREATMENT | general
WOM_02_4,WOM,"महिलाएं, गर्भावस्था एवं Gender-sensitive Care",Pregnancy Alcohol,Helper/Community Member,Other Person,Adult / Reproductive age where applicable,Any / Pregnancy-context,Regular Use,Pregnancy Safety,High,TREATMENT,"यदि किसी व्यक्ति में गर्भावस्था में शराब का उपयोग जारी रहना, तो उसे उचित सहायता तक कैसे पहुंचाया जाए?",किसी जानने वाले के साथ गर्भावस्था में शराब का उपयोग जारी रहना; उसकी मदद कैसे करें?,"अगर किसी person में गर्भावस्था में शराब का उपयोग जारी रहना, तो safe support और referral कैसे करें?","गांव/मोहल्ले में किसी के साथ गर्भावस्था में शराब का उपयोग जारी रहना, तो उसे बिना बदनाम किए मदद तक कैसे पहुंचाएं?",prompt obstetric/addiction clinical advice की जरूरत बताना,"घर पर जोखिमपूर्ण detox, medication dosing या false reassurance न दें; urgent professional assessment को delay न करें।",Urgent,URGENT_ASSESSMENT,Yes,Draft - Expert Review Required,WOM | Pregnancy Alcohol | Pregnancy Safety | Regular Use | High | TREATMENT | helper
WOM_03_1,WOM,"महिलाएं, गर्भावस्था एवं Gender-sensitive Care",Pregnancy Tobacco,Woman/Self,Self,Adult / Reproductive age where applicable,Any / Pregnancy-context,Regular Use,Pregnancy Safety,High,TREATMENT,"मैं एक महिला हूं और मेरे साथ गर्भावस्था में smoking, gutkha या tobacco उपयोग होना। मुझे सुरक्षित सहायता कैसे मिले?","मेरे साथ गर्भावस्था में smoking, gutkha या tobacco उपयोग होना; मैं बिना शर्म या डर के help कहां से लूं?","मैं woman हूं और गर्भावस्था में smoking, gutkha या tobacco उपयोग होना। Safe, confidential treatment/support कैसे मिले?","मैं महिला हूं, मेरे साथ गर्भावस्था में smoking, gutkha या tobacco उपयोग होना; घर-परिवार के दबाव के बीच इलाज कैसे शुरू करूं?",cessation support और prenatal clinical guidance की ओर route करना,"घर पर जोखिमपूर्ण detox, medication dosing या false reassurance न दें; urgent professional assessment को delay न करें।",Urgent,URGENT_ASSESSMENT,Yes,Draft - Expert Review Required,WOM | Pregnancy Tobacco | Pregnancy Safety | Regular Use | High | TREATMENT | self_woman
WOM_03_2,WOM,"महिलाएं, गर्भावस्था एवं Gender-sensitive Care",Pregnancy Tobacco,Family Member,Family Member,Adult / Reproductive age where applicable,Any / Pregnancy-context,Regular Use,Pregnancy Safety,High,TREATMENT,"मेरे परिवार के एक सदस्य में गर्भावस्था में smoking, gutkha या tobacco उपयोग होना। हम उसकी सुरक्षित और सही तरीके से मदद कैसे करें?","घर में एक व्यक्ति के साथ गर्भावस्था में smoking, gutkha या tobacco उपयोग होना। हमें क्या करना चाहिए?","मेरे family member में गर्भावस्था में smoking, gutkha या tobacco उपयोग होना। हम help कैसे करें और कब professional help लें?","हमारे घर में एक सदस्य के साथ गर्भावस्था में smoking, gutkha या tobacco उपयोग होना; समझाने और इलाज के लिए क्या तरीका रखें?",cessation support और prenatal clinical guidance की ओर route करना,"घर पर जोखिमपूर्ण detox, medication dosing या false reassurance न दें; urgent professional assessment को delay न करें।",Urgent,URGENT_ASSESSMENT,Yes,Draft - Expert Review Required,WOM | Pregnancy Tobacco | Pregnancy Safety | Regular Use | High | TREATMENT | family
WOM_03_3,WOM,"महिलाएं, गर्भावस्था एवं Gender-sensitive Care",Pregnancy Tobacco,General Public,Person with possible substance-use concern,Adult / Reproductive age where applicable,Any / Pregnancy-context,Regular Use,Pregnancy Safety,High,TREATMENT,"यदि गर्भावस्था में smoking, gutkha या tobacco उपयोग होना, तो इसका क्या अर्थ हो सकता है और सही अगला कदम क्या होना चाहिए?","अगर गर्भावस्था में smoking, gutkha या tobacco उपयोग होना, तो इसे कितना serious मानें और क्या करें?","अगर गर्भावस्था में smoking, gutkha या tobacco उपयोग होना, तो क्या यह addiction/problem का sign है और next step क्या होना चाहिए?","अगर ऐसी हालत हो कि गर्भावस्था में smoking, gutkha या tobacco उपयोग होना, तो घर वाले क्या समझें और क्या कदम उठाएं?",cessation support और prenatal clinical guidance की ओर route करना,"घर पर जोखिमपूर्ण detox, medication dosing या false reassurance न दें; urgent professional assessment को delay न करें।",Urgent,URGENT_ASSESSMENT,Yes,Draft - Expert Review Required,WOM | Pregnancy Tobacco | Pregnancy Safety | Regular Use | High | TREATMENT | general
WOM_03_4,WOM,"महिलाएं, गर्भावस्था एवं Gender-sensitive Care",Pregnancy Tobacco,Helper/Community Member,Other Person,Adult / Reproductive age where applicable,Any / Pregnancy-context,Regular Use,Pregnancy Safety,High,TREATMENT,"यदि किसी व्यक्ति में गर्भावस्था में smoking, gutkha या tobacco उपयोग होना, तो उसे उचित सहायता तक कैसे पहुंचाया जाए?","किसी जानने वाले के साथ गर्भावस्था में smoking, gutkha या tobacco उपयोग होना; उसकी मदद कैसे करें?","अगर किसी person में गर्भावस्था में smoking, gutkha या tobacco उपयोग होना, तो safe support और referral कैसे करें?","गांव/मोहल्ले में किसी के साथ गर्भावस्था में smoking, gutkha या tobacco उपयोग होना, तो उसे बिना बदनाम किए मदद तक कैसे पहुंचाएं?",cessation support और prenatal clinical guidance की ओर route करना,"घर पर जोखिमपूर्ण detox, medication dosing या false reassurance न दें; urgent professional assessment को delay न करें।",Urgent,URGENT_ASSESSMENT,Yes,Draft - Expert Review Required,WOM | Pregnancy Tobacco | Pregnancy Safety | Regular Use | High | TREATMENT | helper
WOM_04_1,WOM,"महिलाएं, गर्भावस्था एवं Gender-sensitive Care",Pregnancy Drugs,Woman/Self,Self,Adult / Reproductive age where applicable,Any / Pregnancy-context,Regular Use,Pregnancy Safety,High,TREATMENT,मैं एक महिला हूं और मेरे साथ गर्भावस्था में किसी illicit या non-prescribed substance का उपयोग होना। मुझे सुरक्षित सहायता कैसे मिले?,मेरे साथ गर्भावस्था में किसी illicit या non-prescribed substance का उपयोग होना; मैं बिना शर्म या डर के help कहां से लूं?,"मैं woman हूं और गर्भावस्था में किसी illicit या non-prescribed substance का उपयोग होना। Safe, confidential treatment/support कैसे मिले?","मैं महिला हूं, मेरे साथ गर्भावस्था में किसी illicit या non-prescribed substance का उपयोग होना; घर-परिवार के दबाव के बीच इलाज कैसे शुरू करूं?",nonjudgmental urgent clinical assessment और maternal-fetal safety पर जोर देना,"घर पर जोखिमपूर्ण detox, medication dosing या false reassurance न दें; urgent professional assessment को delay न करें।",Urgent,URGENT_ASSESSMENT,Yes,Draft - Expert Review Required,WOM | Pregnancy Drugs | Pregnancy Safety | Regular Use | High | TREATMENT | self_woman
WOM_04_2,WOM,"महिलाएं, गर्भावस्था एवं Gender-sensitive Care",Pregnancy Drugs,Family Member,Family Member,Adult / Reproductive age where applicable,Any / Pregnancy-context,Regular Use,Pregnancy Safety,High,TREATMENT,मेरे परिवार के एक सदस्य में गर्भावस्था में किसी illicit या non-prescribed substance का उपयोग होना। हम उसकी सुरक्षित और सही तरीके से मदद कैसे करें?,घर में एक व्यक्ति के साथ गर्भावस्था में किसी illicit या non-prescribed substance का उपयोग होना। हमें क्या करना चाहिए?,मेरे family member में गर्भावस्था में किसी illicit या non-prescribed substance का उपयोग होना। हम help कैसे करें और कब professional help लें?,हमारे घर में एक सदस्य के साथ गर्भावस्था में किसी illicit या non-prescribed substance का उपयोग होना; समझाने और इलाज के लिए क्या तरीका रखें?,nonjudgmental urgent clinical assessment और maternal-fetal safety पर जोर देना,"घर पर जोखिमपूर्ण detox, medication dosing या false reassurance न दें; urgent professional assessment को delay न करें।",Urgent,URGENT_ASSESSMENT,Yes,Draft - Expert Review Required,WOM | Pregnancy Drugs | Pregnancy Safety | Regular Use | High | TREATMENT | family
WOM_04_3,WOM,"महिलाएं, गर्भावस्था एवं Gender-sensitive Care",Pregnancy Drugs,General Public,Person with possible substance-use concern,Adult / Reproductive age where applicable,Any / Pregnancy-context,Regular Use,Pregnancy Safety,High,TREATMENT,"यदि गर्भावस्था में किसी illicit या non-prescribed substance का उपयोग होना, तो इसका क्या अर्थ हो सकता है और सही अगला कदम क्या होना चाहिए?","अगर गर्भावस्था में किसी illicit या non-prescribed substance का उपयोग होना, तो इसे कितना serious मानें और क्या करें?","अगर गर्भावस्था में किसी illicit या non-prescribed substance का उपयोग होना, तो क्या यह addiction/problem का sign है और next step क्या होना चाहिए?","अगर ऐसी हालत हो कि गर्भावस्था में किसी illicit या non-prescribed substance का उपयोग होना, तो घर वाले क्या समझें और क्या कदम उठाएं?",nonjudgmental urgent clinical assessment और maternal-fetal safety पर जोर देना,"घर पर जोखिमपूर्ण detox, medication dosing या false reassurance न दें; urgent professional assessment को delay न करें।",Urgent,URGENT_ASSESSMENT,Yes,Draft - Expert Review Required,WOM | Pregnancy Drugs | Pregnancy Safety | Regular Use | High | TREATMENT | general
WOM_04_4,WOM,"महिलाएं, गर्भावस्था एवं Gender-sensitive Care",Pregnancy Drugs,Helper/Community Member,Other Person,Adult / Reproductive age where applicable,Any / Pregnancy-context,Regular Use,Pregnancy Safety,High,TREATMENT,"यदि किसी व्यक्ति में गर्भावस्था में किसी illicit या non-prescribed substance का उपयोग होना, तो उसे उचित सहायता तक कैसे पहुंचाया जाए?",किसी जानने वाले के साथ गर्भावस्था में किसी illicit या non-prescribed substance का उपयोग होना; उसकी मदद कैसे करें?,"अगर किसी person में गर्भावस्था में किसी illicit या non-prescribed substance का उपयोग होना, तो safe support और referral कैसे करें?","गांव/मोहल्ले में किसी के साथ गर्भावस्था में किसी illicit या non-prescribed substance का उपयोग होना, तो उसे बिना बदनाम किए मदद तक कैसे पहुंचाएं?",nonjudgmental urgent clinical assessment और maternal-fetal safety पर जोर देना,"घर पर जोखिमपूर्ण detox, medication dosing या false reassurance न दें; urgent professional assessment को delay न करें।",Urgent,URGENT_ASSESSMENT,Yes,Draft - Expert Review Required,WOM | Pregnancy Drugs | Pregnancy Safety | Regular Use | High | TREATMENT | helper
WOM_05_1,WOM,"महिलाएं, गर्भावस्था एवं Gender-sensitive Care",Breastfeeding,Woman/Self,Self,Adult / Reproductive age where applicable,Any / Pregnancy-context,Regular Use,Infant Safety,High,TREATMENT,मैं एक महिला हूं और मेरे साथ breastfeeding के दौरान alcohol या other substance use को लेकर confusion होना। मुझे सुरक्षित सहायता कैसे मिले?,मेरे साथ breastfeeding के दौरान alcohol या other substance use को लेकर confusion होना; मैं बिना शर्म या डर के help कहां से लूं?,"मैं woman हूं और breastfeeding के दौरान alcohol या other substance use को लेकर confusion होना। Safe, confidential treatment/support कैसे मिले?","मैं महिला हूं, मेरे साथ breastfeeding के दौरान alcohol या other substance use को लेकर confusion होना; घर-परिवार के दबाव के बीच इलाज कैसे शुरू करूं?",specific clinician guidance और infant safety की दिशा देना,"घर पर जोखिमपूर्ण detox, medication dosing या false reassurance न दें; urgent professional assessment को delay न करें।",Urgent,URGENT_ASSESSMENT,Yes,Draft - Expert Review Required,WOM | Breastfeeding | Infant Safety | Regular Use | High | TREATMENT | self_woman
WOM_05_2,WOM,"महिलाएं, गर्भावस्था एवं Gender-sensitive Care",Breastfeeding,Family Member,Family Member,Adult / Reproductive age where applicable,Any / Pregnancy-context,Regular Use,Infant Safety,High,TREATMENT,मेरे परिवार के एक सदस्य में breastfeeding के दौरान alcohol या other substance use को लेकर confusion होना। हम उसकी सुरक्षित और सही तरीके से मदद कैसे करें?,घर में एक व्यक्ति के साथ breastfeeding के दौरान alcohol या other substance use को लेकर confusion होना। हमें क्या करना चाहिए?,मेरे family member में breastfeeding के दौरान alcohol या other substance use को लेकर confusion होना। हम help कैसे करें और कब professional help लें?,हमारे घर में एक सदस्य के साथ breastfeeding के दौरान alcohol या other substance use को लेकर confusion होना; समझाने और इलाज के लिए क्या तरीका रखें?,specific clinician guidance और infant safety की दिशा देना,"घर पर जोखिमपूर्ण detox, medication dosing या false reassurance न दें; urgent professional assessment को delay न करें।",Urgent,URGENT_ASSESSMENT,Yes,Draft - Expert Review Required,WOM | Breastfeeding | Infant Safety | Regular Use | High | TREATMENT | family
WOM_05_3,WOM,"महिलाएं, गर्भावस्था एवं Gender-sensitive Care",Breastfeeding,General Public,Person with possible substance-use concern,Adult / Reproductive age where applicable,Any / Pregnancy-context,Regular Use,Infant Safety,High,TREATMENT,"यदि breastfeeding के दौरान alcohol या other substance use को लेकर confusion होना, तो इसका क्या अर्थ हो सकता है और सही अगला कदम क्या होना चाहिए?","अगर breastfeeding के दौरान alcohol या other substance use को लेकर confusion होना, तो इसे कितना serious मानें और क्या करें?","अगर breastfeeding के दौरान alcohol या other substance use को लेकर confusion होना, तो क्या यह addiction/problem का sign है और next step क्या होना चाहिए?","अगर ऐसी हालत हो कि breastfeeding के दौरान alcohol या other substance use को लेकर confusion होना, तो घर वाले क्या समझें और क्या कदम उठाएं?",specific clinician guidance और infant safety की दिशा देना,"घर पर जोखिमपूर्ण detox, medication dosing या false reassurance न दें; urgent professional assessment को delay न करें।",Urgent,URGENT_ASSESSMENT,Yes,Draft - Expert Review Required,WOM | Breastfeeding | Infant Safety | Regular Use | High | TREATMENT | general
WOM_05_4,WOM,"महिलाएं, गर्भावस्था एवं Gender-sensitive Care",Breastfeeding,Helper/Community Member,Other Person,Adult / Reproductive age where applicable,Any / Pregnancy-context,Regular Use,Infant Safety,High,TREATMENT,"यदि किसी व्यक्ति में breastfeeding के दौरान alcohol या other substance use को लेकर confusion होना, तो उसे उचित सहायता तक कैसे पहुंचाया जाए?",किसी जानने वाले के साथ breastfeeding के दौरान alcohol या other substance use को लेकर confusion होना; उसकी मदद कैसे करें?,"अगर किसी person में breastfeeding के दौरान alcohol या other substance use को लेकर confusion होना, तो safe support और referral कैसे करें?","गांव/मोहल्ले में किसी के साथ breastfeeding के दौरान alcohol या other substance use को लेकर confusion होना, तो उसे बिना बदनाम किए मदद तक कैसे पहुंचाएं?",specific clinician guidance और infant safety की दिशा देना,"घर पर जोखिमपूर्ण detox, medication dosing या false reassurance न दें; urgent professional assessment को delay न करें।",Urgent,URGENT_ASSESSMENT,Yes,Draft - Expert Review Required,WOM | Breastfeeding | Infant Safety | Regular Use | High | TREATMENT | helper
WOM_06_1,WOM,"महिलाएं, गर्भावस्था एवं Gender-sensitive Care",Domestic Violence,Woman/Self,Self,Adult / Reproductive age where applicable,Any / Pregnancy-context,Regular Use,Safety,High,ACTION,मैं एक महिला हूं और मेरे साथ पति के नशे के कारण महिला को हिंसा या धमकी का सामना करना। मुझे सुरक्षित सहायता कैसे मिले?,मेरे साथ पति के नशे के कारण महिला को हिंसा या धमकी का सामना करना; मैं बिना शर्म या डर के help कहां से लूं?,"मैं woman हूं और पति के नशे के कारण महिला को हिंसा या धमकी का सामना करना। Safe, confidential treatment/support कैसे मिले?","मैं महिला हूं, मेरे साथ पति के नशे के कारण महिला को हिंसा या धमकी का सामना करना; घर-परिवार के दबाव के बीच इलाज कैसे शुरू करूं?",immediate safety planning और local support/emergency route बताना,"घर पर जोखिमपूर्ण detox, medication dosing या false reassurance न दें; urgent professional assessment को delay न करें।",Urgent,URGENT_ASSESSMENT,Yes,Draft - Expert Review Required,WOM | Domestic Violence | Safety | Regular Use | High | ACTION | self_woman
WOM_06_2,WOM,"महिलाएं, गर्भावस्था एवं Gender-sensitive Care",Domestic Violence,Family Member,Family Member,Adult / Reproductive age where applicable,Any / Pregnancy-context,Regular Use,Safety,High,ACTION,मेरे परिवार के एक सदस्य में पति के नशे के कारण महिला को हिंसा या धमकी का सामना करना। हम उसकी सुरक्षित और सही तरीके से मदद कैसे करें?,घर में एक व्यक्ति के साथ पति के नशे के कारण महिला को हिंसा या धमकी का सामना करना। हमें क्या करना चाहिए?,मेरे family member में पति के नशे के कारण महिला को हिंसा या धमकी का सामना करना। हम help कैसे करें और कब professional help लें?,हमारे घर में एक सदस्य के साथ पति के नशे के कारण महिला को हिंसा या धमकी का सामना करना; समझाने और इलाज के लिए क्या तरीका रखें?,immediate safety planning और local support/emergency route बताना,"घर पर जोखिमपूर्ण detox, medication dosing या false reassurance न दें; urgent professional assessment को delay न करें।",Urgent,URGENT_ASSESSMENT,Yes,Draft - Expert Review Required,WOM | Domestic Violence | Safety | Regular Use | High | ACTION | family
WOM_06_3,WOM,"महिलाएं, गर्भावस्था एवं Gender-sensitive Care",Domestic Violence,General Public,Person with possible substance-use concern,Adult / Reproductive age where applicable,Any / Pregnancy-context,Regular Use,Safety,High,ACTION,"यदि पति के नशे के कारण महिला को हिंसा या धमकी का सामना करना, तो इसका क्या अर्थ हो सकता है और सही अगला कदम क्या होना चाहिए?","अगर पति के नशे के कारण महिला को हिंसा या धमकी का सामना करना, तो इसे कितना serious मानें और क्या करें?","अगर पति के नशे के कारण महिला को हिंसा या धमकी का सामना करना, तो क्या यह addiction/problem का sign है और next step क्या होना चाहिए?","अगर ऐसी हालत हो कि पति के नशे के कारण महिला को हिंसा या धमकी का सामना करना, तो घर वाले क्या समझें और क्या कदम उठाएं?",immediate safety planning और local support/emergency route बताना,"घर पर जोखिमपूर्ण detox, medication dosing या false reassurance न दें; urgent professional assessment को delay न करें।",Urgent,URGENT_ASSESSMENT,Yes,Draft - Expert Review Required,WOM | Domestic Violence | Safety | Regular Use | High | ACTION | general
WOM_06_4,WOM,"महिलाएं, गर्भावस्था एवं Gender-sensitive Care",Domestic Violence,Helper/Community Member,Other Person,Adult / Reproductive age where applicable,Any / Pregnancy-context,Regular Use,Safety,High,ACTION,"यदि किसी व्यक्ति में पति के नशे के कारण महिला को हिंसा या धमकी का सामना करना, तो उसे उचित सहायता तक कैसे पहुंचाया जाए?",किसी जानने वाले के साथ पति के नशे के कारण महिला को हिंसा या धमकी का सामना करना; उसकी मदद कैसे करें?,"अगर किसी person में पति के नशे के कारण महिला को हिंसा या धमकी का सामना करना, तो safe support और referral कैसे करें?","गांव/मोहल्ले में किसी के साथ पति के नशे के कारण महिला को हिंसा या धमकी का सामना करना, तो उसे बिना बदनाम किए मदद तक कैसे पहुंचाएं?",immediate safety planning और local support/emergency route बताना,"घर पर जोखिमपूर्ण detox, medication dosing या false reassurance न दें; urgent professional assessment को delay न करें।",Urgent,URGENT_ASSESSMENT,Yes,Draft - Expert Review Required,WOM | Domestic Violence | Safety | Regular Use | High | ACTION | helper
WOM_07_1,WOM,"महिलाएं, गर्भावस्था एवं Gender-sensitive Care",Caregiving,Woman/Self,Self,Adult / Reproductive age where applicable,Any / Pregnancy-context,Treatment,Access Barrier,Moderate,TREATMENT,मैं एक महिला हूं और मेरे साथ महिला का पूरे परिवार की जिम्मेदारियों के बीच treatment के लिए समय न निकाल पाना। मुझे सुरक्षित सहायता कैसे मिले?,मेरे साथ महिला का पूरे परिवार की जिम्मेदारियों के बीच treatment के लिए समय न निकाल पाना; मैं बिना शर्म या डर के help कहां से लूं?,"मैं woman हूं और महिला का पूरे परिवार की जिम्मेदारियों के बीच treatment के लिए समय न निकाल पाना। Safe, confidential treatment/support कैसे मिले?","मैं महिला हूं, मेरे साथ महिला का पूरे परिवार की जिम्मेदारियों के बीच treatment के लिए समय न निकाल पाना; घर-परिवार के दबाव के बीच इलाज कैसे शुरू करूं?","flexible care, support network और practical barriers address करना",विशिष्ट prescription/dose न दें; बिना assessment diagnosis न करें; qualified professional referral को स्पष्ट रखें।,Conditional,CLINICAL_ASSESSMENT_IF_NEEDED,Yes,Draft - Expert Review Required,WOM | Caregiving | Access Barrier | Treatment | Moderate | TREATMENT | self_woman
WOM_07_2,WOM,"महिलाएं, गर्भावस्था एवं Gender-sensitive Care",Caregiving,Family Member,Family Member,Adult / Reproductive age where applicable,Any / Pregnancy-context,Treatment,Access Barrier,Moderate,TREATMENT,मेरे परिवार के एक सदस्य में महिला का पूरे परिवार की जिम्मेदारियों के बीच treatment के लिए समय न निकाल पाना। हम उसकी सुरक्षित और सही तरीके से मदद कैसे करें?,घर में एक व्यक्ति के साथ महिला का पूरे परिवार की जिम्मेदारियों के बीच treatment के लिए समय न निकाल पाना। हमें क्या करना चाहिए?,मेरे family member में महिला का पूरे परिवार की जिम्मेदारियों के बीच treatment के लिए समय न निकाल पाना। हम help कैसे करें और कब professional help लें?,हमारे घर में एक सदस्य के साथ महिला का पूरे परिवार की जिम्मेदारियों के बीच treatment के लिए समय न निकाल पाना; समझाने और इलाज के लिए क्या तरीका रखें?,"flexible care, support network और practical barriers address करना",विशिष्ट prescription/dose न दें; बिना assessment diagnosis न करें; qualified professional referral को स्पष्ट रखें।,Conditional,CLINICAL_ASSESSMENT_IF_NEEDED,Yes,Draft - Expert Review Required,WOM | Caregiving | Access Barrier | Treatment | Moderate | TREATMENT | family
WOM_07_3,WOM,"महिलाएं, गर्भावस्था एवं Gender-sensitive Care",Caregiving,General Public,Person with possible substance-use concern,Adult / Reproductive age where applicable,Any / Pregnancy-context,Treatment,Access Barrier,Moderate,TREATMENT,"यदि महिला का पूरे परिवार की जिम्मेदारियों के बीच treatment के लिए समय न निकाल पाना, तो इसका क्या अर्थ हो सकता है और सही अगला कदम क्या होना चाहिए?","अगर महिला का पूरे परिवार की जिम्मेदारियों के बीच treatment के लिए समय न निकाल पाना, तो इसे कितना serious मानें और क्या करें?","अगर महिला का पूरे परिवार की जिम्मेदारियों के बीच treatment के लिए समय न निकाल पाना, तो क्या यह addiction/problem का sign है और next step क्या होना चाहिए?","अगर ऐसी हालत हो कि महिला का पूरे परिवार की जिम्मेदारियों के बीच treatment के लिए समय न निकाल पाना, तो घर वाले क्या समझें और क्या कदम उठाएं?","flexible care, support network और practical barriers address करना",विशिष्ट prescription/dose न दें; बिना assessment diagnosis न करें; qualified professional referral को स्पष्ट रखें।,Conditional,CLINICAL_ASSESSMENT_IF_NEEDED,Yes,Draft - Expert Review Required,WOM | Caregiving | Access Barrier | Treatment | Moderate | TREATMENT | general
WOM_07_4,WOM,"महिलाएं, गर्भावस्था एवं Gender-sensitive Care",Caregiving,Helper/Community Member,Other Person,Adult / Reproductive age where applicable,Any / Pregnancy-context,Treatment,Access Barrier,Moderate,TREATMENT,"यदि किसी व्यक्ति में महिला का पूरे परिवार की जिम्मेदारियों के बीच treatment के लिए समय न निकाल पाना, तो उसे उचित सहायता तक कैसे पहुंचाया जाए?",किसी जानने वाले के साथ महिला का पूरे परिवार की जिम्मेदारियों के बीच treatment के लिए समय न निकाल पाना; उसकी मदद कैसे करें?,"अगर किसी person में महिला का पूरे परिवार की जिम्मेदारियों के बीच treatment के लिए समय न निकाल पाना, तो safe support और referral कैसे करें?","गांव/मोहल्ले में किसी के साथ महिला का पूरे परिवार की जिम्मेदारियों के बीच treatment के लिए समय न निकाल पाना, तो उसे बिना बदनाम किए मदद तक कैसे पहुंचाएं?","flexible care, support network और practical barriers address करना",विशिष्ट prescription/dose न दें; बिना assessment diagnosis न करें; qualified professional referral को स्पष्ट रखें।,Conditional,CLINICAL_ASSESSMENT_IF_NEEDED,Yes,Draft - Expert Review Required,WOM | Caregiving | Access Barrier | Treatment | Moderate | TREATMENT | helper
WOM_08_1,WOM,"महिलाएं, गर्भावस्था एवं Gender-sensitive Care",Women Rehab,Woman/Self,Self,Adult / Reproductive age where applicable,Any / Pregnancy-context,Treatment,Service Selection,Routine,INFO,मैं एक महिला हूं और मेरे साथ महिलाओं के लिए अलग या gender-sensitive rehab की जरूरत समझना। मुझे सुरक्षित सहायता कैसे मिले?,मेरे साथ महिलाओं के लिए अलग या gender-sensitive rehab की जरूरत समझना; मैं बिना शर्म या डर के help कहां से लूं?,"मैं woman हूं और महिलाओं के लिए अलग या gender-sensitive rehab की जरूरत समझना। Safe, confidential treatment/support कैसे मिले?","मैं महिला हूं, मेरे साथ महिलाओं के लिए अलग या gender-sensitive rehab की जरूरत समझना; घर-परिवार के दबाव के बीच इलाज कैसे शुरू करूं?","privacy, safety, trauma-informed care और caregiving needs समझाना","बिना पर्याप्त जानकारी diagnosis न करें; moral judgement, stigma, shame या guaranteed cure जैसी भाषा से बचें।",No routine escalation,STANDARD,Yes,Draft - Expert Review Required,WOM | Women Rehab | Service Selection | Treatment | Routine | INFO | self_woman
WOM_08_2,WOM,"महिलाएं, गर्भावस्था एवं Gender-sensitive Care",Women Rehab,Family Member,Family Member,Adult / Reproductive age where applicable,Any / Pregnancy-context,Treatment,Service Selection,Routine,INFO,मेरे परिवार के एक सदस्य में महिलाओं के लिए अलग या gender-sensitive rehab की जरूरत समझना। हम उसकी सुरक्षित और सही तरीके से मदद कैसे करें?,घर में एक व्यक्ति के साथ महिलाओं के लिए अलग या gender-sensitive rehab की जरूरत समझना। हमें क्या करना चाहिए?,मेरे family member में महिलाओं के लिए अलग या gender-sensitive rehab की जरूरत समझना। हम help कैसे करें और कब professional help लें?,हमारे घर में एक सदस्य के साथ महिलाओं के लिए अलग या gender-sensitive rehab की जरूरत समझना; समझाने और इलाज के लिए क्या तरीका रखें?,"privacy, safety, trauma-informed care और caregiving needs समझाना","बिना पर्याप्त जानकारी diagnosis न करें; moral judgement, stigma, shame या guaranteed cure जैसी भाषा से बचें।",No routine escalation,STANDARD,Yes,Draft - Expert Review Required,WOM | Women Rehab | Service Selection | Treatment | Routine | INFO | family
WOM_08_3,WOM,"महिलाएं, गर्भावस्था एवं Gender-sensitive Care",Women Rehab,General Public,Person with possible substance-use concern,Adult / Reproductive age where applicable,Any / Pregnancy-context,Treatment,Service Selection,Routine,INFO,"यदि महिलाओं के लिए अलग या gender-sensitive rehab की जरूरत समझना, तो इसका क्या अर्थ हो सकता है और सही अगला कदम क्या होना चाहिए?","अगर महिलाओं के लिए अलग या gender-sensitive rehab की जरूरत समझना, तो इसे कितना serious मानें और क्या करें?","अगर महिलाओं के लिए अलग या gender-sensitive rehab की जरूरत समझना, तो क्या यह addiction/problem का sign है और next step क्या होना चाहिए?","अगर ऐसी हालत हो कि महिलाओं के लिए अलग या gender-sensitive rehab की जरूरत समझना, तो घर वाले क्या समझें और क्या कदम उठाएं?","privacy, safety, trauma-informed care और caregiving needs समझाना","बिना पर्याप्त जानकारी diagnosis न करें; moral judgement, stigma, shame या guaranteed cure जैसी भाषा से बचें।",No routine escalation,STANDARD,Yes,Draft - Expert Review Required,WOM | Women Rehab | Service Selection | Treatment | Routine | INFO | general
WOM_08_4,WOM,"महिलाएं, गर्भावस्था एवं Gender-sensitive Care",Women Rehab,Helper/Community Member,Other Person,Adult / Reproductive age where applicable,Any / Pregnancy-context,Treatment,Service Selection,Routine,INFO,"यदि किसी व्यक्ति में महिलाओं के लिए अलग या gender-sensitive rehab की जरूरत समझना, तो उसे उचित सहायता तक कैसे पहुंचाया जाए?",किसी जानने वाले के साथ महिलाओं के लिए अलग या gender-sensitive rehab की जरूरत समझना; उसकी मदद कैसे करें?,"अगर किसी person में महिलाओं के लिए अलग या gender-sensitive rehab की जरूरत समझना, तो safe support और referral कैसे करें?","गांव/मोहल्ले में किसी के साथ महिलाओं के लिए अलग या gender-sensitive rehab की जरूरत समझना, तो उसे बिना बदनाम किए मदद तक कैसे पहुंचाएं?","privacy, safety, trauma-informed care और caregiving needs समझाना","बिना पर्याप्त जानकारी diagnosis न करें; moral judgement, stigma, shame या guaranteed cure जैसी भाषा से बचें।",No routine escalation,STANDARD,Yes,Draft - Expert Review Required,WOM | Women Rehab | Service Selection | Treatment | Routine | INFO | helper
WOM_09_1,WOM,"महिलाएं, गर्भावस्था एवं Gender-sensitive Care",Partner Pressure,Woman/Self,Self,Adult / Reproductive age where applicable,Any / Pregnancy-context,Prevention,Coercion Prevention,High,ACTION,मैं एक महिला हूं और मेरे साथ partner द्वारा शराब या अन्य नशा करने के लिए दबाव डालना। मुझे सुरक्षित सहायता कैसे मिले?,मेरे साथ partner द्वारा शराब या अन्य नशा करने के लिए दबाव डालना; मैं बिना शर्म या डर के help कहां से लूं?,"मैं woman हूं और partner द्वारा शराब या अन्य नशा करने के लिए दबाव डालना। Safe, confidential treatment/support कैसे मिले?","मैं महिला हूं, मेरे साथ partner द्वारा शराब या अन्य नशा करने के लिए दबाव डालना; घर-परिवार के दबाव के बीच इलाज कैसे शुरू करूं?","consent, safety, refusal and support pathways बताना","घर पर जोखिमपूर्ण detox, medication dosing या false reassurance न दें; urgent professional assessment को delay न करें।",Urgent,URGENT_ASSESSMENT,Yes,Draft - Expert Review Required,WOM | Partner Pressure | Coercion Prevention | Prevention | High | ACTION | self_woman
WOM_09_2,WOM,"महिलाएं, गर्भावस्था एवं Gender-sensitive Care",Partner Pressure,Family Member,Family Member,Adult / Reproductive age where applicable,Any / Pregnancy-context,Prevention,Coercion Prevention,High,ACTION,मेरे परिवार के एक सदस्य में partner द्वारा शराब या अन्य नशा करने के लिए दबाव डालना। हम उसकी सुरक्षित और सही तरीके से मदद कैसे करें?,घर में एक व्यक्ति के साथ partner द्वारा शराब या अन्य नशा करने के लिए दबाव डालना। हमें क्या करना चाहिए?,मेरे family member में partner द्वारा शराब या अन्य नशा करने के लिए दबाव डालना। हम help कैसे करें और कब professional help लें?,हमारे घर में एक सदस्य के साथ partner द्वारा शराब या अन्य नशा करने के लिए दबाव डालना; समझाने और इलाज के लिए क्या तरीका रखें?,"consent, safety, refusal and support pathways बताना","घर पर जोखिमपूर्ण detox, medication dosing या false reassurance न दें; urgent professional assessment को delay न करें।",Urgent,URGENT_ASSESSMENT,Yes,Draft - Expert Review Required,WOM | Partner Pressure | Coercion Prevention | Prevention | High | ACTION | family
WOM_09_3,WOM,"महिलाएं, गर्भावस्था एवं Gender-sensitive Care",Partner Pressure,General Public,Person with possible substance-use concern,Adult / Reproductive age where applicable,Any / Pregnancy-context,Prevention,Coercion Prevention,High,ACTION,"यदि partner द्वारा शराब या अन्य नशा करने के लिए दबाव डालना, तो इसका क्या अर्थ हो सकता है और सही अगला कदम क्या होना चाहिए?","अगर partner द्वारा शराब या अन्य नशा करने के लिए दबाव डालना, तो इसे कितना serious मानें और क्या करें?","अगर partner द्वारा शराब या अन्य नशा करने के लिए दबाव डालना, तो क्या यह addiction/problem का sign है और next step क्या होना चाहिए?","अगर ऐसी हालत हो कि partner द्वारा शराब या अन्य नशा करने के लिए दबाव डालना, तो घर वाले क्या समझें और क्या कदम उठाएं?","consent, safety, refusal and support pathways बताना","घर पर जोखिमपूर्ण detox, medication dosing या false reassurance न दें; urgent professional assessment को delay न करें।",Urgent,URGENT_ASSESSMENT,Yes,Draft - Expert Review Required,WOM | Partner Pressure | Coercion Prevention | Prevention | High | ACTION | general
WOM_09_4,WOM,"महिलाएं, गर्भावस्था एवं Gender-sensitive Care",Partner Pressure,Helper/Community Member,Other Person,Adult / Reproductive age where applicable,Any / Pregnancy-context,Prevention,Coercion Prevention,High,ACTION,"यदि किसी व्यक्ति में partner द्वारा शराब या अन्य नशा करने के लिए दबाव डालना, तो उसे उचित सहायता तक कैसे पहुंचाया जाए?",किसी जानने वाले के साथ partner द्वारा शराब या अन्य नशा करने के लिए दबाव डालना; उसकी मदद कैसे करें?,"अगर किसी person में partner द्वारा शराब या अन्य नशा करने के लिए दबाव डालना, तो safe support और referral कैसे करें?","गांव/मोहल्ले में किसी के साथ partner द्वारा शराब या अन्य नशा करने के लिए दबाव डालना, तो उसे बिना बदनाम किए मदद तक कैसे पहुंचाएं?","consent, safety, refusal and support pathways बताना","घर पर जोखिमपूर्ण detox, medication dosing या false reassurance न दें; urgent professional assessment को delay न करें।",Urgent,URGENT_ASSESSMENT,Yes,Draft - Expert Review Required,WOM | Partner Pressure | Coercion Prevention | Prevention | High | ACTION | helper
WOM_10_1,WOM,"महिलाएं, गर्भावस्था एवं Gender-sensitive Care",Recovery Mother,Woman/Self,Self,Adult / Reproductive age where applicable,Any / Pregnancy-context,Recovery,Family Recovery,Routine,FAMILY,मैं एक महिला हूं और मेरे साथ recovery कर रही मां का बच्चों के साथ संबंध फिर से मजबूत करना। मुझे सुरक्षित सहायता कैसे मिले?,मेरे साथ recovery कर रही मां का बच्चों के साथ संबंध फिर से मजबूत करना; मैं बिना शर्म या डर के help कहां से लूं?,"मैं woman हूं और recovery कर रही मां का बच्चों के साथ संबंध फिर से मजबूत करना। Safe, confidential treatment/support कैसे मिले?","मैं महिला हूं, मेरे साथ recovery कर रही मां का बच्चों के साथ संबंध फिर से मजबूत करना; घर-परिवार के दबाव के बीच इलाज कैसे शुरू करूं?","age-appropriate communication, consistency और trust building बताना","बिना पर्याप्त जानकारी diagnosis न करें; moral judgement, stigma, shame या guaranteed cure जैसी भाषा से बचें।",No routine escalation,STANDARD,Yes,Draft - Expert Review Required,WOM | Recovery Mother | Family Recovery | Recovery | Routine | FAMILY | self_woman
WOM_10_2,WOM,"महिलाएं, गर्भावस्था एवं Gender-sensitive Care",Recovery Mother,Family Member,Family Member,Adult / Reproductive age where applicable,Any / Pregnancy-context,Recovery,Family Recovery,Routine,FAMILY,मेरे परिवार के एक सदस्य में recovery कर रही मां का बच्चों के साथ संबंध फिर से मजबूत करना। हम उसकी सुरक्षित और सही तरीके से मदद कैसे करें?,घर में एक व्यक्ति के साथ recovery कर रही मां का बच्चों के साथ संबंध फिर से मजबूत करना। हमें क्या करना चाहिए?,मेरे family member में recovery कर रही मां का बच्चों के साथ संबंध फिर से मजबूत करना। हम help कैसे करें और कब professional help लें?,हमारे घर में एक सदस्य के साथ recovery कर रही मां का बच्चों के साथ संबंध फिर से मजबूत करना; समझाने और इलाज के लिए क्या तरीका रखें?,"age-appropriate communication, consistency और trust building बताना","बिना पर्याप्त जानकारी diagnosis न करें; moral judgement, stigma, shame या guaranteed cure जैसी भाषा से बचें।",No routine escalation,STANDARD,Yes,Draft - Expert Review Required,WOM | Recovery Mother | Family Recovery | Recovery | Routine | FAMILY | family
WOM_10_3,WOM,"महिलाएं, गर्भावस्था एवं Gender-sensitive Care",Recovery Mother,General Public,Person with possible substance-use concern,Adult / Reproductive age where applicable,Any / Pregnancy-context,Recovery,Family Recovery,Routine,FAMILY,"यदि recovery कर रही मां का बच्चों के साथ संबंध फिर से मजबूत करना, तो इसका क्या अर्थ हो सकता है और सही अगला कदम क्या होना चाहिए?","अगर recovery कर रही मां का बच्चों के साथ संबंध फिर से मजबूत करना, तो इसे कितना serious मानें और क्या करें?","अगर recovery कर रही मां का बच्चों के साथ संबंध फिर से मजबूत करना, तो क्या यह addiction/problem का sign है और next step क्या होना चाहिए?","अगर ऐसी हालत हो कि recovery कर रही मां का बच्चों के साथ संबंध फिर से मजबूत करना, तो घर वाले क्या समझें और क्या कदम उठाएं?","age-appropriate communication, consistency और trust building बताना","बिना पर्याप्त जानकारी diagnosis न करें; moral judgement, stigma, shame या guaranteed cure जैसी भाषा से बचें।",No routine escalation,STANDARD,Yes,Draft - Expert Review Required,WOM | Recovery Mother | Family Recovery | Recovery | Routine | FAMILY | general
WOM_10_4,WOM,"महिलाएं, गर्भावस्था एवं Gender-sensitive Care",Recovery Mother,Helper/Community Member,Other Person,Adult / Reproductive age where applicable,Any / Pregnancy-context,Recovery,Family Recovery,Routine,FAMILY,"यदि किसी व्यक्ति में recovery कर रही मां का बच्चों के साथ संबंध फिर से मजबूत करना, तो उसे उचित सहायता तक कैसे पहुंचाया जाए?",किसी जानने वाले के साथ recovery कर रही मां का बच्चों के साथ संबंध फिर से मजबूत करना; उसकी मदद कैसे करें?,"अगर किसी person में recovery कर रही मां का बच्चों के साथ संबंध फिर से मजबूत करना, तो safe support और referral कैसे करें?","गांव/मोहल्ले में किसी के साथ recovery कर रही मां का बच्चों के साथ संबंध फिर से मजबूत करना, तो उसे बिना बदनाम किए मदद तक कैसे पहुंचाएं?","age-appropriate communication, consistency और trust building बताना","बिना पर्याप्त जानकारी diagnosis न करें; moral judgement, stigma, shame या guaranteed cure जैसी भाषा से बचें।",No routine escalation,STANDARD,Yes,Draft - Expert Review Required,WOM | Recovery Mother | Family Recovery | Recovery | Routine | FAMILY | helper
SCH_01_1,SCH,"स्कूल, कॉलेज एवं संस्थागत प्रतिक्रिया",Student Signs,Student,Self,12–25 / Context dependent,Any / Not specified,Suspected Use,Identification,Moderate,SCREEN,"मैं विद्यार्थी हूं और मेरे संदर्भ में किसी छात्र में अचानक attendance, grades और behaviour गिरना और नशे की आशंका होना। मुझे क्या करना चाहिए?","मैं student हूं, किसी छात्र में अचानक attendance, grades और behaviour गिरना और नशे की आशंका होना; किससे बात करूं?","Student के तौर पर किसी छात्र में अचानक attendance, grades और behaviour गिरना और नशे की आशंका होना। Confidential help कैसे मिले?","मैं विद्यार्थी हूं, किसी छात्र में अचानक attendance, grades और behaviour गिरना और नशे की आशंका होना; शिक्षक या घर में किससे बात करना ठीक रहेगा?",multi-cause assessment और non-stigmatizing response बताना,"बिना पर्याप्त जानकारी diagnosis न करें; moral judgement, stigma, shame या guaranteed cure जैसी भाषा से बचें।",Conditional,CLINICAL_ASSESSMENT_IF_NEEDED,Recommended,Draft - Expert Review Required,SCH | Student Signs | Identification | Suspected Use | Moderate | SCREEN | student
SCH_01_2,SCH,"स्कूल, कॉलेज एवं संस्थागत प्रतिक्रिया",Student Signs,Teacher,Student,12–25 / Context dependent,Any / Not specified,Suspected Use,Identification,Moderate,SCREEN,"किसी विद्यार्थी में किसी छात्र में अचानक attendance, grades और behaviour गिरना और नशे की आशंका होना। शिक्षक के रूप में उचित प्रतिक्रिया क्या होनी चाहिए?","एक student में किसी छात्र में अचानक attendance, grades और behaviour गिरना और नशे की आशंका होना; teacher को क्या करना चाहिए?","Student में किसी छात्र में अचानक attendance, grades और behaviour गिरना और नशे की आशंका होना। Teacher को support, referral और safety कैसे handle करनी चाहिए?","स्कूल/कॉलेज के विद्यार्थी में किसी छात्र में अचानक attendance, grades और behaviour गिरना और नशे की आशंका होना; शिक्षक किस तरह समझाए और किसे सूचित करे?",multi-cause assessment और non-stigmatizing response बताना,"बिना पर्याप्त जानकारी diagnosis न करें; moral judgement, stigma, shame या guaranteed cure जैसी भाषा से बचें।",Conditional,CLINICAL_ASSESSMENT_IF_NEEDED,Recommended,Draft - Expert Review Required,SCH | Student Signs | Identification | Suspected Use | Moderate | SCREEN | teacher
SCH_01_3,SCH,"स्कूल, कॉलेज एवं संस्थागत प्रतिक्रिया",Student Signs,Parent,Child/Adolescent,12–25 / Context dependent,Any / Not specified,Suspected Use,Identification,Moderate,SCREEN,"मेरे बच्चे में किसी छात्र में अचानक attendance, grades और behaviour गिरना और नशे की आशंका होना। माता-पिता के रूप में मुझे क्या करना चाहिए?","मेरे बेटे/बेटी के साथ किसी छात्र में अचानक attendance, grades और behaviour गिरना और नशे की आशंका होना; डांटें, समझाएं या counselling लें?","मेरे child में किसी छात्र में अचानक attendance, grades और behaviour गिरना और नशे की आशंका होना। Parent के तौर पर सही response क्या हो?","बच्चे में किसी छात्र में अचानक attendance, grades और behaviour गिरना और नशे की आशंका होना; घर में कैसे बात करें और कब इलाज/काउंसलिंग कराएं?",multi-cause assessment और non-stigmatizing response बताना,"बिना पर्याप्त जानकारी diagnosis न करें; moral judgement, stigma, shame या guaranteed cure जैसी भाषा से बचें।",Conditional,CLINICAL_ASSESSMENT_IF_NEEDED,Recommended,Draft - Expert Review Required,SCH | Student Signs | Identification | Suspected Use | Moderate | SCREEN | parent
SCH_01_4,SCH,"स्कूल, कॉलेज एवं संस्थागत प्रतिक्रिया",Student Signs,Institution/Administrator,Student/Community,12–25 / Context dependent,Any / Not specified,Suspected Use,Identification,Moderate,SCREEN,"हमारी संस्था में किसी छात्र में अचानक attendance, grades और behaviour गिरना और नशे की आशंका होना। एक सुरक्षित और गैर-कलंककारी institutional response क्या होना चाहिए?","स्कूल/कॉलेज में किसी छात्र में अचानक attendance, grades और behaviour गिरना और नशे की आशंका होना; management को क्या protocol रखना चाहिए?","Institution में किसी छात्र में अचानक attendance, grades और behaviour गिरना और नशे की आशंका होना। Policy, support और referral का best response क्या हो?","स्कूल/कॉलेज में ऐसी स्थिति हो कि किसी छात्र में अचानक attendance, grades और behaviour गिरना और नशे की आशंका होना, तो संस्था क्या व्यवस्था करे?",multi-cause assessment और non-stigmatizing response बताना,"बिना पर्याप्त जानकारी diagnosis न करें; moral judgement, stigma, shame या guaranteed cure जैसी भाषा से बचें।",Conditional,CLINICAL_ASSESSMENT_IF_NEEDED,Recommended,Draft - Expert Review Required,SCH | Student Signs | Identification | Suspected Use | Moderate | SCREEN | institution
SCH_02_1,SCH,"स्कूल, कॉलेज एवं संस्थागत प्रतिक्रिया",Intoxicated Student,Student,Self,12–25 / Context dependent,Any / Not specified,Occasional Use,Immediate Response,High,ACTION,मैं विद्यार्थी हूं और मेरे संदर्भ में छात्र का स्कूल या कॉलेज में नशे की हालत में पहुंचना। मुझे क्या करना चाहिए?,"मैं student हूं, छात्र का स्कूल या कॉलेज में नशे की हालत में पहुंचना; किससे बात करूं?",Student के तौर पर छात्र का स्कूल या कॉलेज में नशे की हालत में पहुंचना। Confidential help कैसे मिले?,"मैं विद्यार्थी हूं, छात्र का स्कूल या कॉलेज में नशे की हालत में पहुंचना; शिक्षक या घर में किससे बात करना ठीक रहेगा?","medical/safety assessment, supervision और institutional protocol बताना","घर पर जोखिमपूर्ण detox, medication dosing या false reassurance न दें; urgent professional assessment को delay न करें।",Urgent,URGENT_ASSESSMENT,Yes,Draft - Expert Review Required,SCH | Intoxicated Student | Immediate Response | Occasional Use | High | ACTION | student
SCH_02_2,SCH,"स्कूल, कॉलेज एवं संस्थागत प्रतिक्रिया",Intoxicated Student,Teacher,Student,12–25 / Context dependent,Any / Not specified,Occasional Use,Immediate Response,High,ACTION,किसी विद्यार्थी में छात्र का स्कूल या कॉलेज में नशे की हालत में पहुंचना। शिक्षक के रूप में उचित प्रतिक्रिया क्या होनी चाहिए?,एक student में छात्र का स्कूल या कॉलेज में नशे की हालत में पहुंचना; teacher को क्या करना चाहिए?,"Student में छात्र का स्कूल या कॉलेज में नशे की हालत में पहुंचना। Teacher को support, referral और safety कैसे handle करनी चाहिए?",स्कूल/कॉलेज के विद्यार्थी में छात्र का स्कूल या कॉलेज में नशे की हालत में पहुंचना; शिक्षक किस तरह समझाए और किसे सूचित करे?,"medical/safety assessment, supervision और institutional protocol बताना","घर पर जोखिमपूर्ण detox, medication dosing या false reassurance न दें; urgent professional assessment को delay न करें।",Urgent,URGENT_ASSESSMENT,Yes,Draft - Expert Review Required,SCH | Intoxicated Student | Immediate Response | Occasional Use | High | ACTION | teacher
SCH_02_3,SCH,"स्कूल, कॉलेज एवं संस्थागत प्रतिक्रिया",Intoxicated Student,Parent,Child/Adolescent,12–25 / Context dependent,Any / Not specified,Occasional Use,Immediate Response,High,ACTION,मेरे बच्चे में छात्र का स्कूल या कॉलेज में नशे की हालत में पहुंचना। माता-पिता के रूप में मुझे क्या करना चाहिए?,"मेरे बेटे/बेटी के साथ छात्र का स्कूल या कॉलेज में नशे की हालत में पहुंचना; डांटें, समझाएं या counselling लें?",मेरे child में छात्र का स्कूल या कॉलेज में नशे की हालत में पहुंचना। Parent के तौर पर सही response क्या हो?,बच्चे में छात्र का स्कूल या कॉलेज में नशे की हालत में पहुंचना; घर में कैसे बात करें और कब इलाज/काउंसलिंग कराएं?,"medical/safety assessment, supervision और institutional protocol बताना","घर पर जोखिमपूर्ण detox, medication dosing या false reassurance न दें; urgent professional assessment को delay न करें।",Urgent,URGENT_ASSESSMENT,Yes,Draft - Expert Review Required,SCH | Intoxicated Student | Immediate Response | Occasional Use | High | ACTION | parent
SCH_02_4,SCH,"स्कूल, कॉलेज एवं संस्थागत प्रतिक्रिया",Intoxicated Student,Institution/Administrator,Student/Community,12–25 / Context dependent,Any / Not specified,Occasional Use,Immediate Response,High,ACTION,हमारी संस्था में छात्र का स्कूल या कॉलेज में नशे की हालत में पहुंचना। एक सुरक्षित और गैर-कलंककारी institutional response क्या होना चाहिए?,स्कूल/कॉलेज में छात्र का स्कूल या कॉलेज में नशे की हालत में पहुंचना; management को क्या protocol रखना चाहिए?,"Institution में छात्र का स्कूल या कॉलेज में नशे की हालत में पहुंचना। Policy, support और referral का best response क्या हो?","स्कूल/कॉलेज में ऐसी स्थिति हो कि छात्र का स्कूल या कॉलेज में नशे की हालत में पहुंचना, तो संस्था क्या व्यवस्था करे?","medical/safety assessment, supervision और institutional protocol बताना","घर पर जोखिमपूर्ण detox, medication dosing या false reassurance न दें; urgent professional assessment को delay न करें।",Urgent,URGENT_ASSESSMENT,Yes,Draft - Expert Review Required,SCH | Intoxicated Student | Immediate Response | Occasional Use | High | ACTION | institution
SCH_03_1,SCH,"स्कूल, कॉलेज एवं संस्थागत प्रतिक्रिया",Confidentiality,Student,Self,12–25 / Context dependent,Any / Not specified,Regular Use,Help Seeking,Moderate,TREATMENT,मैं विद्यार्थी हूं और मेरे संदर्भ में छात्र का confidential help चाहना लेकिन disciplinary action से डरना। मुझे क्या करना चाहिए?,"मैं student हूं, छात्र का confidential help चाहना लेकिन disciplinary action से डरना; किससे बात करूं?",Student के तौर पर छात्र का confidential help चाहना लेकिन disciplinary action से डरना। Confidential help कैसे मिले?,"मैं विद्यार्थी हूं, छात्र का confidential help चाहना लेकिन disciplinary action से डरना; शिक्षक या घर में किससे बात करना ठीक रहेगा?",privacy limits और trusted support pathways समझाना,विशिष्ट prescription/dose न दें; बिना assessment diagnosis न करें; qualified professional referral को स्पष्ट रखें।,Conditional,CLINICAL_ASSESSMENT_IF_NEEDED,Recommended,Draft - Expert Review Required,SCH | Confidentiality | Help Seeking | Regular Use | Moderate | TREATMENT | student
SCH_03_2,SCH,"स्कूल, कॉलेज एवं संस्थागत प्रतिक्रिया",Confidentiality,Teacher,Student,12–25 / Context dependent,Any / Not specified,Regular Use,Help Seeking,Moderate,TREATMENT,किसी विद्यार्थी में छात्र का confidential help चाहना लेकिन disciplinary action से डरना। शिक्षक के रूप में उचित प्रतिक्रिया क्या होनी चाहिए?,एक student में छात्र का confidential help चाहना लेकिन disciplinary action से डरना; teacher को क्या करना चाहिए?,"Student में छात्र का confidential help चाहना लेकिन disciplinary action से डरना। Teacher को support, referral और safety कैसे handle करनी चाहिए?",स्कूल/कॉलेज के विद्यार्थी में छात्र का confidential help चाहना लेकिन disciplinary action से डरना; शिक्षक किस तरह समझाए और किसे सूचित करे?,privacy limits और trusted support pathways समझाना,विशिष्ट prescription/dose न दें; बिना assessment diagnosis न करें; qualified professional referral को स्पष्ट रखें।,Conditional,CLINICAL_ASSESSMENT_IF_NEEDED,Recommended,Draft - Expert Review Required,SCH | Confidentiality | Help Seeking | Regular Use | Moderate | TREATMENT | teacher
SCH_03_3,SCH,"स्कूल, कॉलेज एवं संस्थागत प्रतिक्रिया",Confidentiality,Parent,Child/Adolescent,12–25 / Context dependent,Any / Not specified,Regular Use,Help Seeking,Moderate,TREATMENT,मेरे बच्चे में छात्र का confidential help चाहना लेकिन disciplinary action से डरना। माता-पिता के रूप में मुझे क्या करना चाहिए?,"मेरे बेटे/बेटी के साथ छात्र का confidential help चाहना लेकिन disciplinary action से डरना; डांटें, समझाएं या counselling लें?",मेरे child में छात्र का confidential help चाहना लेकिन disciplinary action से डरना। Parent के तौर पर सही response क्या हो?,बच्चे में छात्र का confidential help चाहना लेकिन disciplinary action से डरना; घर में कैसे बात करें और कब इलाज/काउंसलिंग कराएं?,privacy limits और trusted support pathways समझाना,विशिष्ट prescription/dose न दें; बिना assessment diagnosis न करें; qualified professional referral को स्पष्ट रखें।,Conditional,CLINICAL_ASSESSMENT_IF_NEEDED,Recommended,Draft - Expert Review Required,SCH | Confidentiality | Help Seeking | Regular Use | Moderate | TREATMENT | parent
SCH_03_4,SCH,"स्कूल, कॉलेज एवं संस्थागत प्रतिक्रिया",Confidentiality,Institution/Administrator,Student/Community,12–25 / Context dependent,Any / Not specified,Regular Use,Help Seeking,Moderate,TREATMENT,हमारी संस्था में छात्र का confidential help चाहना लेकिन disciplinary action से डरना। एक सुरक्षित और गैर-कलंककारी institutional response क्या होना चाहिए?,स्कूल/कॉलेज में छात्र का confidential help चाहना लेकिन disciplinary action से डरना; management को क्या protocol रखना चाहिए?,"Institution में छात्र का confidential help चाहना लेकिन disciplinary action से डरना। Policy, support और referral का best response क्या हो?","स्कूल/कॉलेज में ऐसी स्थिति हो कि छात्र का confidential help चाहना लेकिन disciplinary action से डरना, तो संस्था क्या व्यवस्था करे?",privacy limits और trusted support pathways समझाना,विशिष्ट prescription/dose न दें; बिना assessment diagnosis न करें; qualified professional referral को स्पष्ट रखें।,Conditional,CLINICAL_ASSESSMENT_IF_NEEDED,Recommended,Draft - Expert Review Required,SCH | Confidentiality | Help Seeking | Regular Use | Moderate | TREATMENT | institution
SCH_04_1,SCH,"स्कूल, कॉलेज एवं संस्थागत प्रतिक्रिया",Punishment vs Support,Student,Self,12–25 / Context dependent,Any / Not specified,Experimentation,Institutional Policy,Routine,SOCIAL,मैं विद्यार्थी हूं और मेरे संदर्भ में नशा पकड़े जाने पर केवल punishment देने की योजना बनना। मुझे क्या करना चाहिए?,"मैं student हूं, नशा पकड़े जाने पर केवल punishment देने की योजना बनना; किससे बात करूं?",Student के तौर पर नशा पकड़े जाने पर केवल punishment देने की योजना बनना। Confidential help कैसे मिले?,"मैं विद्यार्थी हूं, नशा पकड़े जाने पर केवल punishment देने की योजना बनना; शिक्षक या घर में किससे बात करना ठीक रहेगा?",proportionate discipline + counselling + safeguarding approach बताना,"बिना पर्याप्त जानकारी diagnosis न करें; moral judgement, stigma, shame या guaranteed cure जैसी भाषा से बचें।",No routine escalation,STANDARD,Recommended,Draft - Expert Review Required,SCH | Punishment vs Support | Institutional Policy | Experimentation | Routine | SOCIAL | student
SCH_04_2,SCH,"स्कूल, कॉलेज एवं संस्थागत प्रतिक्रिया",Punishment vs Support,Teacher,Student,12–25 / Context dependent,Any / Not specified,Experimentation,Institutional Policy,Routine,SOCIAL,किसी विद्यार्थी में नशा पकड़े जाने पर केवल punishment देने की योजना बनना। शिक्षक के रूप में उचित प्रतिक्रिया क्या होनी चाहिए?,एक student में नशा पकड़े जाने पर केवल punishment देने की योजना बनना; teacher को क्या करना चाहिए?,"Student में नशा पकड़े जाने पर केवल punishment देने की योजना बनना। Teacher को support, referral और safety कैसे handle करनी चाहिए?",स्कूल/कॉलेज के विद्यार्थी में नशा पकड़े जाने पर केवल punishment देने की योजना बनना; शिक्षक किस तरह समझाए और किसे सूचित करे?,proportionate discipline + counselling + safeguarding approach बताना,"बिना पर्याप्त जानकारी diagnosis न करें; moral judgement, stigma, shame या guaranteed cure जैसी भाषा से बचें।",No routine escalation,STANDARD,Recommended,Draft - Expert Review Required,SCH | Punishment vs Support | Institutional Policy | Experimentation | Routine | SOCIAL | teacher
SCH_04_3,SCH,"स्कूल, कॉलेज एवं संस्थागत प्रतिक्रिया",Punishment vs Support,Parent,Child/Adolescent,12–25 / Context dependent,Any / Not specified,Experimentation,Institutional Policy,Routine,SOCIAL,मेरे बच्चे में नशा पकड़े जाने पर केवल punishment देने की योजना बनना। माता-पिता के रूप में मुझे क्या करना चाहिए?,"मेरे बेटे/बेटी के साथ नशा पकड़े जाने पर केवल punishment देने की योजना बनना; डांटें, समझाएं या counselling लें?",मेरे child में नशा पकड़े जाने पर केवल punishment देने की योजना बनना। Parent के तौर पर सही response क्या हो?,बच्चे में नशा पकड़े जाने पर केवल punishment देने की योजना बनना; घर में कैसे बात करें और कब इलाज/काउंसलिंग कराएं?,proportionate discipline + counselling + safeguarding approach बताना,"बिना पर्याप्त जानकारी diagnosis न करें; moral judgement, stigma, shame या guaranteed cure जैसी भाषा से बचें।",No routine escalation,STANDARD,Recommended,Draft - Expert Review Required,SCH | Punishment vs Support | Institutional Policy | Experimentation | Routine | SOCIAL | parent
SCH_04_4,SCH,"स्कूल, कॉलेज एवं संस्थागत प्रतिक्रिया",Punishment vs Support,Institution/Administrator,Student/Community,12–25 / Context dependent,Any / Not specified,Experimentation,Institutional Policy,Routine,SOCIAL,हमारी संस्था में नशा पकड़े जाने पर केवल punishment देने की योजना बनना। एक सुरक्षित और गैर-कलंककारी institutional response क्या होना चाहिए?,स्कूल/कॉलेज में नशा पकड़े जाने पर केवल punishment देने की योजना बनना; management को क्या protocol रखना चाहिए?,"Institution में नशा पकड़े जाने पर केवल punishment देने की योजना बनना। Policy, support और referral का best response क्या हो?","स्कूल/कॉलेज में ऐसी स्थिति हो कि नशा पकड़े जाने पर केवल punishment देने की योजना बनना, तो संस्था क्या व्यवस्था करे?",proportionate discipline + counselling + safeguarding approach बताना,"बिना पर्याप्त जानकारी diagnosis न करें; moral judgement, stigma, shame या guaranteed cure जैसी भाषा से बचें।",No routine escalation,STANDARD,Recommended,Draft - Expert Review Required,SCH | Punishment vs Support | Institutional Policy | Experimentation | Routine | SOCIAL | institution
SCH_05_1,SCH,"स्कूल, कॉलेज एवं संस्थागत प्रतिक्रिया",Peer Club,Student,Self,12–25 / Context dependent,Any / Not specified,Prevention,Peer Prevention,Routine,PREVENT,मैं विद्यार्थी हूं और मेरे संदर्भ में student peer group के जरिए नशा रोकथाम कार्यक्रम चलाना। मुझे क्या करना चाहिए?,"मैं student हूं, student peer group के जरिए नशा रोकथाम कार्यक्रम चलाना; किससे बात करूं?",Student के तौर पर student peer group के जरिए नशा रोकथाम कार्यक्रम चलाना। Confidential help कैसे मिले?,"मैं विद्यार्थी हूं, student peer group के जरिए नशा रोकथाम कार्यक्रम चलाना; शिक्षक या घर में किससे बात करना ठीक रहेगा?","peer leadership, referral boundaries और positive activities बताना","बिना पर्याप्त जानकारी diagnosis न करें; moral judgement, stigma, shame या guaranteed cure जैसी भाषा से बचें।",No routine escalation,STANDARD,Recommended,Draft - Expert Review Required,SCH | Peer Club | Peer Prevention | Prevention | Routine | PREVENT | student
SCH_05_2,SCH,"स्कूल, कॉलेज एवं संस्थागत प्रतिक्रिया",Peer Club,Teacher,Student,12–25 / Context dependent,Any / Not specified,Prevention,Peer Prevention,Routine,PREVENT,किसी विद्यार्थी में student peer group के जरिए नशा रोकथाम कार्यक्रम चलाना। शिक्षक के रूप में उचित प्रतिक्रिया क्या होनी चाहिए?,एक student में student peer group के जरिए नशा रोकथाम कार्यक्रम चलाना; teacher को क्या करना चाहिए?,"Student में student peer group के जरिए नशा रोकथाम कार्यक्रम चलाना। Teacher को support, referral और safety कैसे handle करनी चाहिए?",स्कूल/कॉलेज के विद्यार्थी में student peer group के जरिए नशा रोकथाम कार्यक्रम चलाना; शिक्षक किस तरह समझाए और किसे सूचित करे?,"peer leadership, referral boundaries और positive activities बताना","बिना पर्याप्त जानकारी diagnosis न करें; moral judgement, stigma, shame या guaranteed cure जैसी भाषा से बचें।",No routine escalation,STANDARD,Recommended,Draft - Expert Review Required,SCH | Peer Club | Peer Prevention | Prevention | Routine | PREVENT | teacher
SCH_05_3,SCH,"स्कूल, कॉलेज एवं संस्थागत प्रतिक्रिया",Peer Club,Parent,Child/Adolescent,12–25 / Context dependent,Any / Not specified,Prevention,Peer Prevention,Routine,PREVENT,मेरे बच्चे में student peer group के जरिए नशा रोकथाम कार्यक्रम चलाना। माता-पिता के रूप में मुझे क्या करना चाहिए?,"मेरे बेटे/बेटी के साथ student peer group के जरिए नशा रोकथाम कार्यक्रम चलाना; डांटें, समझाएं या counselling लें?",मेरे child में student peer group के जरिए नशा रोकथाम कार्यक्रम चलाना। Parent के तौर पर सही response क्या हो?,बच्चे में student peer group के जरिए नशा रोकथाम कार्यक्रम चलाना; घर में कैसे बात करें और कब इलाज/काउंसलिंग कराएं?,"peer leadership, referral boundaries और positive activities बताना","बिना पर्याप्त जानकारी diagnosis न करें; moral judgement, stigma, shame या guaranteed cure जैसी भाषा से बचें।",No routine escalation,STANDARD,Recommended,Draft - Expert Review Required,SCH | Peer Club | Peer Prevention | Prevention | Routine | PREVENT | parent
SCH_05_4,SCH,"स्कूल, कॉलेज एवं संस्थागत प्रतिक्रिया",Peer Club,Institution/Administrator,Student/Community,12–25 / Context dependent,Any / Not specified,Prevention,Peer Prevention,Routine,PREVENT,हमारी संस्था में student peer group के जरिए नशा रोकथाम कार्यक्रम चलाना। एक सुरक्षित और गैर-कलंककारी institutional response क्या होना चाहिए?,स्कूल/कॉलेज में student peer group के जरिए नशा रोकथाम कार्यक्रम चलाना; management को क्या protocol रखना चाहिए?,"Institution में student peer group के जरिए नशा रोकथाम कार्यक्रम चलाना। Policy, support और referral का best response क्या हो?","स्कूल/कॉलेज में ऐसी स्थिति हो कि student peer group के जरिए नशा रोकथाम कार्यक्रम चलाना, तो संस्था क्या व्यवस्था करे?","peer leadership, referral boundaries और positive activities बताना","बिना पर्याप्त जानकारी diagnosis न करें; moral judgement, stigma, shame या guaranteed cure जैसी भाषा से बचें।",No routine escalation,STANDARD,Recommended,Draft - Expert Review Required,SCH | Peer Club | Peer Prevention | Prevention | Routine | PREVENT | institution
SCH_06_1,SCH,"स्कूल, कॉलेज एवं संस्थागत प्रतिक्रिया",Teacher Training,Student,Self,12–25 / Context dependent,Any / Not specified,Prevention,Capacity Building,Routine,SOCIAL,मैं विद्यार्थी हूं और मेरे संदर्भ में teachers को substance-use warning signs और response पर training की जरूरत होना। मुझे क्या करना चाहिए?,"मैं student हूं, teachers को substance-use warning signs और response पर training की जरूरत होना; किससे बात करूं?",Student के तौर पर teachers को substance-use warning signs और response पर training की जरूरत होना। Confidential help कैसे मिले?,"मैं विद्यार्थी हूं, teachers को substance-use warning signs और response पर training की जरूरत होना; शिक्षक या घर में किससे बात करना ठीक रहेगा?","basic identification, referral and crisis boundaries बताना","बिना पर्याप्त जानकारी diagnosis न करें; moral judgement, stigma, shame या guaranteed cure जैसी भाषा से बचें।",No routine escalation,STANDARD,Recommended,Draft - Expert Review Required,SCH | Teacher Training | Capacity Building | Prevention | Routine | SOCIAL | student
SCH_06_2,SCH,"स्कूल, कॉलेज एवं संस्थागत प्रतिक्रिया",Teacher Training,Teacher,Student,12–25 / Context dependent,Any / Not specified,Prevention,Capacity Building,Routine,SOCIAL,किसी विद्यार्थी में teachers को substance-use warning signs और response पर training की जरूरत होना। शिक्षक के रूप में उचित प्रतिक्रिया क्या होनी चाहिए?,एक student में teachers को substance-use warning signs और response पर training की जरूरत होना; teacher को क्या करना चाहिए?,"Student में teachers को substance-use warning signs और response पर training की जरूरत होना। Teacher को support, referral और safety कैसे handle करनी चाहिए?",स्कूल/कॉलेज के विद्यार्थी में teachers को substance-use warning signs और response पर training की जरूरत होना; शिक्षक किस तरह समझाए और किसे सूचित करे?,"basic identification, referral and crisis boundaries बताना","बिना पर्याप्त जानकारी diagnosis न करें; moral judgement, stigma, shame या guaranteed cure जैसी भाषा से बचें।",No routine escalation,STANDARD,Recommended,Draft - Expert Review Required,SCH | Teacher Training | Capacity Building | Prevention | Routine | SOCIAL | teacher
SCH_06_3,SCH,"स्कूल, कॉलेज एवं संस्थागत प्रतिक्रिया",Teacher Training,Parent,Child/Adolescent,12–25 / Context dependent,Any / Not specified,Prevention,Capacity Building,Routine,SOCIAL,मेरे बच्चे में teachers को substance-use warning signs और response पर training की जरूरत होना। माता-पिता के रूप में मुझे क्या करना चाहिए?,"मेरे बेटे/बेटी के साथ teachers को substance-use warning signs और response पर training की जरूरत होना; डांटें, समझाएं या counselling लें?",मेरे child में teachers को substance-use warning signs और response पर training की जरूरत होना। Parent के तौर पर सही response क्या हो?,बच्चे में teachers को substance-use warning signs और response पर training की जरूरत होना; घर में कैसे बात करें और कब इलाज/काउंसलिंग कराएं?,"basic identification, referral and crisis boundaries बताना","बिना पर्याप्त जानकारी diagnosis न करें; moral judgement, stigma, shame या guaranteed cure जैसी भाषा से बचें।",No routine escalation,STANDARD,Recommended,Draft - Expert Review Required,SCH | Teacher Training | Capacity Building | Prevention | Routine | SOCIAL | parent
SCH_06_4,SCH,"स्कूल, कॉलेज एवं संस्थागत प्रतिक्रिया",Teacher Training,Institution/Administrator,Student/Community,12–25 / Context dependent,Any / Not specified,Prevention,Capacity Building,Routine,SOCIAL,हमारी संस्था में teachers को substance-use warning signs और response पर training की जरूरत होना। एक सुरक्षित और गैर-कलंककारी institutional response क्या होना चाहिए?,स्कूल/कॉलेज में teachers को substance-use warning signs और response पर training की जरूरत होना; management को क्या protocol रखना चाहिए?,"Institution में teachers को substance-use warning signs और response पर training की जरूरत होना। Policy, support और referral का best response क्या हो?","स्कूल/कॉलेज में ऐसी स्थिति हो कि teachers को substance-use warning signs और response पर training की जरूरत होना, तो संस्था क्या व्यवस्था करे?","basic identification, referral and crisis boundaries बताना","बिना पर्याप्त जानकारी diagnosis न करें; moral judgement, stigma, shame या guaranteed cure जैसी भाषा से बचें।",No routine escalation,STANDARD,Recommended,Draft - Expert Review Required,SCH | Teacher Training | Capacity Building | Prevention | Routine | SOCIAL | institution
SCH_07_1,SCH,"स्कूल, कॉलेज एवं संस्थागत प्रतिक्रिया",Hostel Policy,Student,Self,12–25 / Context dependent,Any / Not specified,Prevention,Institutional Prevention,Routine,SOCIAL,मैं विद्यार्थी हूं और मेरे संदर्भ में hostel में substance use की शिकायतें बढ़ना। मुझे क्या करना चाहिए?,"मैं student हूं, hostel में substance use की शिकायतें बढ़ना; किससे बात करूं?",Student के तौर पर hostel में substance use की शिकायतें बढ़ना। Confidential help कैसे मिले?,"मैं विद्यार्थी हूं, hostel में substance use की शिकायतें बढ़ना; शिक्षक या घर में किससे बात करना ठीक रहेगा?","clear policy, supervision, support and referral mechanisms बताना","बिना पर्याप्त जानकारी diagnosis न करें; moral judgement, stigma, shame या guaranteed cure जैसी भाषा से बचें।",No routine escalation,STANDARD,Recommended,Draft - Expert Review Required,SCH | Hostel Policy | Institutional Prevention | Prevention | Routine | SOCIAL | student
SCH_07_2,SCH,"स्कूल, कॉलेज एवं संस्थागत प्रतिक्रिया",Hostel Policy,Teacher,Student,12–25 / Context dependent,Any / Not specified,Prevention,Institutional Prevention,Routine,SOCIAL,किसी विद्यार्थी में hostel में substance use की शिकायतें बढ़ना। शिक्षक के रूप में उचित प्रतिक्रिया क्या होनी चाहिए?,एक student में hostel में substance use की शिकायतें बढ़ना; teacher को क्या करना चाहिए?,"Student में hostel में substance use की शिकायतें बढ़ना। Teacher को support, referral और safety कैसे handle करनी चाहिए?",स्कूल/कॉलेज के विद्यार्थी में hostel में substance use की शिकायतें बढ़ना; शिक्षक किस तरह समझाए और किसे सूचित करे?,"clear policy, supervision, support and referral mechanisms बताना","बिना पर्याप्त जानकारी diagnosis न करें; moral judgement, stigma, shame या guaranteed cure जैसी भाषा से बचें।",No routine escalation,STANDARD,Recommended,Draft - Expert Review Required,SCH | Hostel Policy | Institutional Prevention | Prevention | Routine | SOCIAL | teacher
SCH_07_3,SCH,"स्कूल, कॉलेज एवं संस्थागत प्रतिक्रिया",Hostel Policy,Parent,Child/Adolescent,12–25 / Context dependent,Any / Not specified,Prevention,Institutional Prevention,Routine,SOCIAL,मेरे बच्चे में hostel में substance use की शिकायतें बढ़ना। माता-पिता के रूप में मुझे क्या करना चाहिए?,"मेरे बेटे/बेटी के साथ hostel में substance use की शिकायतें बढ़ना; डांटें, समझाएं या counselling लें?",मेरे child में hostel में substance use की शिकायतें बढ़ना। Parent के तौर पर सही response क्या हो?,बच्चे में hostel में substance use की शिकायतें बढ़ना; घर में कैसे बात करें और कब इलाज/काउंसलिंग कराएं?,"clear policy, supervision, support and referral mechanisms बताना","बिना पर्याप्त जानकारी diagnosis न करें; moral judgement, stigma, shame या guaranteed cure जैसी भाषा से बचें।",No routine escalation,STANDARD,Recommended,Draft - Expert Review Required,SCH | Hostel Policy | Institutional Prevention | Prevention | Routine | SOCIAL | parent
SCH_07_4,SCH,"स्कूल, कॉलेज एवं संस्थागत प्रतिक्रिया",Hostel Policy,Institution/Administrator,Student/Community,12–25 / Context dependent,Any / Not specified,Prevention,Institutional Prevention,Routine,SOCIAL,हमारी संस्था में hostel में substance use की शिकायतें बढ़ना। एक सुरक्षित और गैर-कलंककारी institutional response क्या होना चाहिए?,स्कूल/कॉलेज में hostel में substance use की शिकायतें बढ़ना; management को क्या protocol रखना चाहिए?,"Institution में hostel में substance use की शिकायतें बढ़ना। Policy, support और referral का best response क्या हो?","स्कूल/कॉलेज में ऐसी स्थिति हो कि hostel में substance use की शिकायतें बढ़ना, तो संस्था क्या व्यवस्था करे?","clear policy, supervision, support and referral mechanisms बताना","बिना पर्याप्त जानकारी diagnosis न करें; moral judgement, stigma, shame या guaranteed cure जैसी भाषा से बचें।",No routine escalation,STANDARD,Recommended,Draft - Expert Review Required,SCH | Hostel Policy | Institutional Prevention | Prevention | Routine | SOCIAL | institution
SCH_08_1,SCH,"स्कूल, कॉलेज एवं संस्थागत प्रतिक्रिया",Parent Meeting,Student,Self,12–25 / Context dependent,Any / Not specified,Prevention,Parent Engagement,Routine,PREVENT,मैं विद्यार्थी हूं और मेरे संदर्भ में parents और teachers के बीच नशा रोकथाम पर meaningful संवाद न होना। मुझे क्या करना चाहिए?,"मैं student हूं, parents और teachers के बीच नशा रोकथाम पर meaningful संवाद न होना; किससे बात करूं?",Student के तौर पर parents और teachers के बीच नशा रोकथाम पर meaningful संवाद न होना। Confidential help कैसे मिले?,"मैं विद्यार्थी हूं, parents और teachers के बीच नशा रोकथाम पर meaningful संवाद न होना; शिक्षक या घर में किससे बात करना ठीक रहेगा?",non-alarmist education and shared prevention plan सुझाना,"बिना पर्याप्त जानकारी diagnosis न करें; moral judgement, stigma, shame या guaranteed cure जैसी भाषा से बचें।",No routine escalation,STANDARD,Recommended,Draft - Expert Review Required,SCH | Parent Meeting | Parent Engagement | Prevention | Routine | PREVENT | student
SCH_08_2,SCH,"स्कूल, कॉलेज एवं संस्थागत प्रतिक्रिया",Parent Meeting,Teacher,Student,12–25 / Context dependent,Any / Not specified,Prevention,Parent Engagement,Routine,PREVENT,किसी विद्यार्थी में parents और teachers के बीच नशा रोकथाम पर meaningful संवाद न होना। शिक्षक के रूप में उचित प्रतिक्रिया क्या होनी चाहिए?,एक student में parents और teachers के बीच नशा रोकथाम पर meaningful संवाद न होना; teacher को क्या करना चाहिए?,"Student में parents और teachers के बीच नशा रोकथाम पर meaningful संवाद न होना। Teacher को support, referral और safety कैसे handle करनी चाहिए?",स्कूल/कॉलेज के विद्यार्थी में parents और teachers के बीच नशा रोकथाम पर meaningful संवाद न होना; शिक्षक किस तरह समझाए और किसे सूचित करे?,non-alarmist education and shared prevention plan सुझाना,"बिना पर्याप्त जानकारी diagnosis न करें; moral judgement, stigma, shame या guaranteed cure जैसी भाषा से बचें।",No routine escalation,STANDARD,Recommended,Draft - Expert Review Required,SCH | Parent Meeting | Parent Engagement | Prevention | Routine | PREVENT | teacher
SCH_08_3,SCH,"स्कूल, कॉलेज एवं संस्थागत प्रतिक्रिया",Parent Meeting,Parent,Child/Adolescent,12–25 / Context dependent,Any / Not specified,Prevention,Parent Engagement,Routine,PREVENT,मेरे बच्चे में parents और teachers के बीच नशा रोकथाम पर meaningful संवाद न होना। माता-पिता के रूप में मुझे क्या करना चाहिए?,"मेरे बेटे/बेटी के साथ parents और teachers के बीच नशा रोकथाम पर meaningful संवाद न होना; डांटें, समझाएं या counselling लें?",मेरे child में parents और teachers के बीच नशा रोकथाम पर meaningful संवाद न होना। Parent के तौर पर सही response क्या हो?,बच्चे में parents और teachers के बीच नशा रोकथाम पर meaningful संवाद न होना; घर में कैसे बात करें और कब इलाज/काउंसलिंग कराएं?,non-alarmist education and shared prevention plan सुझाना,"बिना पर्याप्त जानकारी diagnosis न करें; moral judgement, stigma, shame या guaranteed cure जैसी भाषा से बचें।",No routine escalation,STANDARD,Recommended,Draft - Expert Review Required,SCH | Parent Meeting | Parent Engagement | Prevention | Routine | PREVENT | parent
SCH_08_4,SCH,"स्कूल, कॉलेज एवं संस्थागत प्रतिक्रिया",Parent Meeting,Institution/Administrator,Student/Community,12–25 / Context dependent,Any / Not specified,Prevention,Parent Engagement,Routine,PREVENT,हमारी संस्था में parents और teachers के बीच नशा रोकथाम पर meaningful संवाद न होना। एक सुरक्षित और गैर-कलंककारी institutional response क्या होना चाहिए?,स्कूल/कॉलेज में parents और teachers के बीच नशा रोकथाम पर meaningful संवाद न होना; management को क्या protocol रखना चाहिए?,"Institution में parents और teachers के बीच नशा रोकथाम पर meaningful संवाद न होना। Policy, support और referral का best response क्या हो?","स्कूल/कॉलेज में ऐसी स्थिति हो कि parents और teachers के बीच नशा रोकथाम पर meaningful संवाद न होना, तो संस्था क्या व्यवस्था करे?",non-alarmist education and shared prevention plan सुझाना,"बिना पर्याप्त जानकारी diagnosis न करें; moral judgement, stigma, shame या guaranteed cure जैसी भाषा से बचें।",No routine escalation,STANDARD,Recommended,Draft - Expert Review Required,SCH | Parent Meeting | Parent Engagement | Prevention | Routine | PREVENT | institution
SCH_09_1,SCH,"स्कूल, कॉलेज एवं संस्थागत प्रतिक्रिया",Campus Culture,Student,Self,12–25 / Context dependent,Any / Not specified,Prevention,Norm Change,Routine,SOCIAL,मैं विद्यार्थी हूं और मेरे संदर्भ में कॉलेज में नशे को normal या cool मानने वाली peer culture बनना। मुझे क्या करना चाहिए?,"मैं student हूं, कॉलेज में नशे को normal या cool मानने वाली peer culture बनना; किससे बात करूं?",Student के तौर पर कॉलेज में नशे को normal या cool मानने वाली peer culture बनना। Confidential help कैसे मिले?,"मैं विद्यार्थी हूं, कॉलेज में नशे को normal या cool मानने वाली peer culture बनना; शिक्षक या घर में किससे बात करना ठीक रहेगा?",social norms intervention और positive alternatives बताना,"बिना पर्याप्त जानकारी diagnosis न करें; moral judgement, stigma, shame या guaranteed cure जैसी भाषा से बचें।",No routine escalation,STANDARD,Recommended,Draft - Expert Review Required,SCH | Campus Culture | Norm Change | Prevention | Routine | SOCIAL | student
SCH_09_2,SCH,"स्कूल, कॉलेज एवं संस्थागत प्रतिक्रिया",Campus Culture,Teacher,Student,12–25 / Context dependent,Any / Not specified,Prevention,Norm Change,Routine,SOCIAL,किसी विद्यार्थी में कॉलेज में नशे को normal या cool मानने वाली peer culture बनना। शिक्षक के रूप में उचित प्रतिक्रिया क्या होनी चाहिए?,एक student में कॉलेज में नशे को normal या cool मानने वाली peer culture बनना; teacher को क्या करना चाहिए?,"Student में कॉलेज में नशे को normal या cool मानने वाली peer culture बनना। Teacher को support, referral और safety कैसे handle करनी चाहिए?",स्कूल/कॉलेज के विद्यार्थी में कॉलेज में नशे को normal या cool मानने वाली peer culture बनना; शिक्षक किस तरह समझाए और किसे सूचित करे?,social norms intervention और positive alternatives बताना,"बिना पर्याप्त जानकारी diagnosis न करें; moral judgement, stigma, shame या guaranteed cure जैसी भाषा से बचें।",No routine escalation,STANDARD,Recommended,Draft - Expert Review Required,SCH | Campus Culture | Norm Change | Prevention | Routine | SOCIAL | teacher
SCH_09_3,SCH,"स्कूल, कॉलेज एवं संस्थागत प्रतिक्रिया",Campus Culture,Parent,Child/Adolescent,12–25 / Context dependent,Any / Not specified,Prevention,Norm Change,Routine,SOCIAL,मेरे बच्चे में कॉलेज में नशे को normal या cool मानने वाली peer culture बनना। माता-पिता के रूप में मुझे क्या करना चाहिए?,"मेरे बेटे/बेटी के साथ कॉलेज में नशे को normal या cool मानने वाली peer culture बनना; डांटें, समझाएं या counselling लें?",मेरे child में कॉलेज में नशे को normal या cool मानने वाली peer culture बनना। Parent के तौर पर सही response क्या हो?,बच्चे में कॉलेज में नशे को normal या cool मानने वाली peer culture बनना; घर में कैसे बात करें और कब इलाज/काउंसलिंग कराएं?,social norms intervention और positive alternatives बताना,"बिना पर्याप्त जानकारी diagnosis न करें; moral judgement, stigma, shame या guaranteed cure जैसी भाषा से बचें।",No routine escalation,STANDARD,Recommended,Draft - Expert Review Required,SCH | Campus Culture | Norm Change | Prevention | Routine | SOCIAL | parent
SCH_09_4,SCH,"स्कूल, कॉलेज एवं संस्थागत प्रतिक्रिया",Campus Culture,Institution/Administrator,Student/Community,12–25 / Context dependent,Any / Not specified,Prevention,Norm Change,Routine,SOCIAL,हमारी संस्था में कॉलेज में नशे को normal या cool मानने वाली peer culture बनना। एक सुरक्षित और गैर-कलंककारी institutional response क्या होना चाहिए?,स्कूल/कॉलेज में कॉलेज में नशे को normal या cool मानने वाली peer culture बनना; management को क्या protocol रखना चाहिए?,"Institution में कॉलेज में नशे को normal या cool मानने वाली peer culture बनना। Policy, support और referral का best response क्या हो?","स्कूल/कॉलेज में ऐसी स्थिति हो कि कॉलेज में नशे को normal या cool मानने वाली peer culture बनना, तो संस्था क्या व्यवस्था करे?",social norms intervention और positive alternatives बताना,"बिना पर्याप्त जानकारी diagnosis न करें; moral judgement, stigma, shame या guaranteed cure जैसी भाषा से बचें।",No routine escalation,STANDARD,Recommended,Draft - Expert Review Required,SCH | Campus Culture | Norm Change | Prevention | Routine | SOCIAL | institution
SCH_10_1,SCH,"स्कूल, कॉलेज एवं संस्थागत प्रतिक्रिया",Referral Protocol,Student,Self,12–25 / Context dependent,Any / Not specified,Prevention,System Design,Routine,SOCIAL,मैं विद्यार्थी हूं और मेरे संदर्भ में संस्था में suspected substance use के लिए clear referral system न होना। मुझे क्या करना चाहिए?,"मैं student हूं, संस्था में suspected substance use के लिए clear referral system न होना; किससे बात करूं?",Student के तौर पर संस्था में suspected substance use के लिए clear referral system न होना। Confidential help कैसे मिले?,"मैं विद्यार्थी हूं, संस्था में suspected substance use के लिए clear referral system न होना; शिक्षक या घर में किससे बात करना ठीक रहेगा?",stepwise identification-referral-emergency protocol सुझाना,"बिना पर्याप्त जानकारी diagnosis न करें; moral judgement, stigma, shame या guaranteed cure जैसी भाषा से बचें।",No routine escalation,STANDARD,Recommended,Draft - Expert Review Required,SCH | Referral Protocol | System Design | Prevention | Routine | SOCIAL | student
SCH_10_2,SCH,"स्कूल, कॉलेज एवं संस्थागत प्रतिक्रिया",Referral Protocol,Teacher,Student,12–25 / Context dependent,Any / Not specified,Prevention,System Design,Routine,SOCIAL,किसी विद्यार्थी में संस्था में suspected substance use के लिए clear referral system न होना। शिक्षक के रूप में उचित प्रतिक्रिया क्या होनी चाहिए?,एक student में संस्था में suspected substance use के लिए clear referral system न होना; teacher को क्या करना चाहिए?,"Student में संस्था में suspected substance use के लिए clear referral system न होना। Teacher को support, referral और safety कैसे handle करनी चाहिए?",स्कूल/कॉलेज के विद्यार्थी में संस्था में suspected substance use के लिए clear referral system न होना; शिक्षक किस तरह समझाए और किसे सूचित करे?,stepwise identification-referral-emergency protocol सुझाना,"बिना पर्याप्त जानकारी diagnosis न करें; moral judgement, stigma, shame या guaranteed cure जैसी भाषा से बचें।",No routine escalation,STANDARD,Recommended,Draft - Expert Review Required,SCH | Referral Protocol | System Design | Prevention | Routine | SOCIAL | teacher
SCH_10_3,SCH,"स्कूल, कॉलेज एवं संस्थागत प्रतिक्रिया",Referral Protocol,Parent,Child/Adolescent,12–25 / Context dependent,Any / Not specified,Prevention,System Design,Routine,SOCIAL,मेरे बच्चे में संस्था में suspected substance use के लिए clear referral system न होना। माता-पिता के रूप में मुझे क्या करना चाहिए?,"मेरे बेटे/बेटी के साथ संस्था में suspected substance use के लिए clear referral system न होना; डांटें, समझाएं या counselling लें?",मेरे child में संस्था में suspected substance use के लिए clear referral system न होना। Parent के तौर पर सही response क्या हो?,बच्चे में संस्था में suspected substance use के लिए clear referral system न होना; घर में कैसे बात करें और कब इलाज/काउंसलिंग कराएं?,stepwise identification-referral-emergency protocol सुझाना,"बिना पर्याप्त जानकारी diagnosis न करें; moral judgement, stigma, shame या guaranteed cure जैसी भाषा से बचें।",No routine escalation,STANDARD,Recommended,Draft - Expert Review Required,SCH | Referral Protocol | System Design | Prevention | Routine | SOCIAL | parent
SCH_10_4,SCH,"स्कूल, कॉलेज एवं संस्थागत प्रतिक्रिया",Referral Protocol,Institution/Administrator,Student/Community,12–25 / Context dependent,Any / Not specified,Prevention,System Design,Routine,SOCIAL,हमारी संस्था में संस्था में suspected substance use के लिए clear referral system न होना। एक सुरक्षित और गैर-कलंककारी institutional response क्या होना चाहिए?,स्कूल/कॉलेज में संस्था में suspected substance use के लिए clear referral system न होना; management को क्या protocol रखना चाहिए?,"Institution में संस्था में suspected substance use के लिए clear referral system न होना। Policy, support और referral का best response क्या हो?","स्कूल/कॉलेज में ऐसी स्थिति हो कि संस्था में suspected substance use के लिए clear referral system न होना, तो संस्था क्या व्यवस्था करे?",stepwise identification-referral-emergency protocol सुझाना,"बिना पर्याप्त जानकारी diagnosis न करें; moral judgement, stigma, shame या guaranteed cure जैसी भाषा से बचें।",No routine escalation,STANDARD,Recommended,Draft - Expert Review Required,SCH | Referral Protocol | System Design | Prevention | Routine | SOCIAL | institution
SOC_01_1,SOC,"सामाजिक स्वीकृति, विवाह, ग्राम एवं Lok Sankalp",Social Acceptance,Citizen,Community,Adult / Any age,Any / Not specified,Prevention,Norm Change,Routine,SOCIAL,हमारे समाज में समाज में नशे को सामान्य व्यवहार मान लिया जाना। एक नागरिक के रूप में मैं बदलाव के लिए क्या कर सकता हूं?,हमारे आसपास समाज में नशे को सामान्य व्यवहार मान लिया जाना; इसे normal मानने की सोच कैसे बदलें?,Community में समाज में नशे को सामान्य व्यवहार मान लिया जाना। Social norm change के practical steps क्या हों?,गांव/मोहल्ले में समाज में नशे को सामान्य व्यवहार मान लिया जाना; लोग मिलकर इसे कैसे बदलें?,social acceptance और individual use के संबंध को समझाना,"बिना पर्याप्त जानकारी diagnosis न करें; moral judgement, stigma, shame या guaranteed cure जैसी भाषा से बचें।",No routine escalation,STANDARD,Recommended,Draft - Expert Review Required,SOC | Social Acceptance | Norm Change | Prevention | Routine | SOCIAL | citizen
SOC_01_2,SOC,"सामाजिक स्वीकृति, विवाह, ग्राम एवं Lok Sankalp",Social Acceptance,Family Member,Family Member,Adult / Any age,Any / Not specified,Prevention,Norm Change,Routine,SOCIAL,मेरे परिवार के एक सदस्य में समाज में नशे को सामान्य व्यवहार मान लिया जाना। हम उसकी सुरक्षित और सही तरीके से मदद कैसे करें?,घर में एक व्यक्ति के साथ समाज में नशे को सामान्य व्यवहार मान लिया जाना। हमें क्या करना चाहिए?,मेरे family member में समाज में नशे को सामान्य व्यवहार मान लिया जाना। हम help कैसे करें और कब professional help लें?,हमारे घर में एक सदस्य के साथ समाज में नशे को सामान्य व्यवहार मान लिया जाना; समझाने और इलाज के लिए क्या तरीका रखें?,social acceptance और individual use के संबंध को समझाना,"बिना पर्याप्त जानकारी diagnosis न करें; moral judgement, stigma, shame या guaranteed cure जैसी भाषा से बचें।",No routine escalation,STANDARD,Recommended,Draft - Expert Review Required,SOC | Social Acceptance | Norm Change | Prevention | Routine | SOCIAL | family
SOC_01_3,SOC,"सामाजिक स्वीकृति, विवाह, ग्राम एवं Lok Sankalp",Social Acceptance,Teacher,Student,12–25 / Context dependent,Any / Not specified,Prevention,Norm Change,Routine,SOCIAL,किसी विद्यार्थी में समाज में नशे को सामान्य व्यवहार मान लिया जाना। शिक्षक के रूप में उचित प्रतिक्रिया क्या होनी चाहिए?,एक student में समाज में नशे को सामान्य व्यवहार मान लिया जाना; teacher को क्या करना चाहिए?,"Student में समाज में नशे को सामान्य व्यवहार मान लिया जाना। Teacher को support, referral और safety कैसे handle करनी चाहिए?",स्कूल/कॉलेज के विद्यार्थी में समाज में नशे को सामान्य व्यवहार मान लिया जाना; शिक्षक किस तरह समझाए और किसे सूचित करे?,social acceptance और individual use के संबंध को समझाना,"बिना पर्याप्त जानकारी diagnosis न करें; moral judgement, stigma, shame या guaranteed cure जैसी भाषा से बचें।",No routine escalation,STANDARD,Recommended,Draft - Expert Review Required,SOC | Social Acceptance | Norm Change | Prevention | Routine | SOCIAL | teacher
SOC_01_4,SOC,"सामाजिक स्वीकृति, विवाह, ग्राम एवं Lok Sankalp",Social Acceptance,Community Leader,Community,Adult / Any age,Any / Not specified,Prevention,Norm Change,Routine,SOCIAL,समुदाय में समाज में नशे को सामान्य व्यवहार मान लिया जाना। सामूहिक स्तर पर कौन-से कदम प्रभावी हो सकते हैं?,गांव/समाज में समाज में नशे को सामान्य व्यवहार मान लिया जाना; सामूहिक रूप से क्या करें?,Community level पर समाज में नशे को सामान्य व्यवहार मान लिया जाना। Prevention और support model कैसे बनाएं?,"गांव में समाज में नशे को सामान्य व्यवहार मान लिया जाना; पंचायत, शिक्षक और युवा मिलकर क्या कर सकते हैं?",social acceptance और individual use के संबंध को समझाना,"बिना पर्याप्त जानकारी diagnosis न करें; moral judgement, stigma, shame या guaranteed cure जैसी भाषा से बचें।",No routine escalation,STANDARD,Recommended,Draft - Expert Review Required,SOC | Social Acceptance | Norm Change | Prevention | Routine | SOCIAL | community
SOC_02_1,SOC,"सामाजिक स्वीकृति, विवाह, ग्राम एवं Lok Sankalp",Wedding Serving,Citizen,Community,Adult / Any age,Any / Not specified,Prevention,Norm Change,Routine,SOCIAL,हमारे समाज में शादी में शराब या तंबाकू परोसने को जरूरी hospitality मानना। एक नागरिक के रूप में मैं बदलाव के लिए क्या कर सकता हूं?,हमारे आसपास शादी में शराब या तंबाकू परोसने को जरूरी hospitality मानना; इसे normal मानने की सोच कैसे बदलें?,Community में शादी में शराब या तंबाकू परोसने को जरूरी hospitality मानना। Social norm change के practical steps क्या हों?,गांव/मोहल्ले में शादी में शराब या तंबाकू परोसने को जरूरी hospitality मानना; लोग मिलकर इसे कैसे बदलें?,नशामुक्त आयोजन के positive alternatives और communication बताना,"बिना पर्याप्त जानकारी diagnosis न करें; moral judgement, stigma, shame या guaranteed cure जैसी भाषा से बचें।",No routine escalation,STANDARD,Recommended,Draft - Expert Review Required,SOC | Wedding Serving | Norm Change | Prevention | Routine | SOCIAL | citizen
SOC_02_2,SOC,"सामाजिक स्वीकृति, विवाह, ग्राम एवं Lok Sankalp",Wedding Serving,Family Member,Family Member,Adult / Any age,Any / Not specified,Prevention,Norm Change,Routine,SOCIAL,मेरे परिवार के एक सदस्य में शादी में शराब या तंबाकू परोसने को जरूरी hospitality मानना। हम उसकी सुरक्षित और सही तरीके से मदद कैसे करें?,घर में एक व्यक्ति के साथ शादी में शराब या तंबाकू परोसने को जरूरी hospitality मानना। हमें क्या करना चाहिए?,मेरे family member में शादी में शराब या तंबाकू परोसने को जरूरी hospitality मानना। हम help कैसे करें और कब professional help लें?,हमारे घर में एक सदस्य के साथ शादी में शराब या तंबाकू परोसने को जरूरी hospitality मानना; समझाने और इलाज के लिए क्या तरीका रखें?,नशामुक्त आयोजन के positive alternatives और communication बताना,"बिना पर्याप्त जानकारी diagnosis न करें; moral judgement, stigma, shame या guaranteed cure जैसी भाषा से बचें।",No routine escalation,STANDARD,Recommended,Draft - Expert Review Required,SOC | Wedding Serving | Norm Change | Prevention | Routine | SOCIAL | family
SOC_02_3,SOC,"सामाजिक स्वीकृति, विवाह, ग्राम एवं Lok Sankalp",Wedding Serving,Teacher,Student,12–25 / Context dependent,Any / Not specified,Prevention,Norm Change,Routine,SOCIAL,किसी विद्यार्थी में शादी में शराब या तंबाकू परोसने को जरूरी hospitality मानना। शिक्षक के रूप में उचित प्रतिक्रिया क्या होनी चाहिए?,एक student में शादी में शराब या तंबाकू परोसने को जरूरी hospitality मानना; teacher को क्या करना चाहिए?,"Student में शादी में शराब या तंबाकू परोसने को जरूरी hospitality मानना। Teacher को support, referral और safety कैसे handle करनी चाहिए?",स्कूल/कॉलेज के विद्यार्थी में शादी में शराब या तंबाकू परोसने को जरूरी hospitality मानना; शिक्षक किस तरह समझाए और किसे सूचित करे?,नशामुक्त आयोजन के positive alternatives और communication बताना,"बिना पर्याप्त जानकारी diagnosis न करें; moral judgement, stigma, shame या guaranteed cure जैसी भाषा से बचें।",No routine escalation,STANDARD,Recommended,Draft - Expert Review Required,SOC | Wedding Serving | Norm Change | Prevention | Routine | SOCIAL | teacher
SOC_02_4,SOC,"सामाजिक स्वीकृति, विवाह, ग्राम एवं Lok Sankalp",Wedding Serving,Community Leader,Community,Adult / Any age,Any / Not specified,Prevention,Norm Change,Routine,SOCIAL,समुदाय में शादी में शराब या तंबाकू परोसने को जरूरी hospitality मानना। सामूहिक स्तर पर कौन-से कदम प्रभावी हो सकते हैं?,गांव/समाज में शादी में शराब या तंबाकू परोसने को जरूरी hospitality मानना; सामूहिक रूप से क्या करें?,Community level पर शादी में शराब या तंबाकू परोसने को जरूरी hospitality मानना। Prevention और support model कैसे बनाएं?,"गांव में शादी में शराब या तंबाकू परोसने को जरूरी hospitality मानना; पंचायत, शिक्षक और युवा मिलकर क्या कर सकते हैं?",नशामुक्त आयोजन के positive alternatives और communication बताना,"बिना पर्याप्त जानकारी diagnosis न करें; moral judgement, stigma, shame या guaranteed cure जैसी भाषा से बचें।",No routine escalation,STANDARD,Recommended,Draft - Expert Review Required,SOC | Wedding Serving | Norm Change | Prevention | Routine | SOCIAL | community
SOC_03_1,SOC,"सामाजिक स्वीकृति, विवाह, ग्राम एवं Lok Sankalp",Manuhar,Citizen,Community,Adult / Any age,Any / Not specified,Prevention,Social Pressure,Routine,SOCIAL,हमारे समाज में मेहमान को बार-बार तंबाकू या शराब की मनुहार करना। एक नागरिक के रूप में मैं बदलाव के लिए क्या कर सकता हूं?,हमारे आसपास मेहमान को बार-बार तंबाकू या शराब की मनुहार करना; इसे normal मानने की सोच कैसे बदलें?,Community में मेहमान को बार-बार तंबाकू या शराब की मनुहार करना। Social norm change के practical steps क्या हों?,गांव/मोहल्ले में मेहमान को बार-बार तंबाकू या शराब की मनुहार करना; लोग मिलकर इसे कैसे बदलें?,social coercion की पहचान और respectful norm change सुझाना,"बिना पर्याप्त जानकारी diagnosis न करें; moral judgement, stigma, shame या guaranteed cure जैसी भाषा से बचें।",No routine escalation,STANDARD,Recommended,Draft - Expert Review Required,SOC | Manuhar | Social Pressure | Prevention | Routine | SOCIAL | citizen
SOC_03_2,SOC,"सामाजिक स्वीकृति, विवाह, ग्राम एवं Lok Sankalp",Manuhar,Family Member,Family Member,Adult / Any age,Any / Not specified,Prevention,Social Pressure,Routine,SOCIAL,मेरे परिवार के एक सदस्य में मेहमान को बार-बार तंबाकू या शराब की मनुहार करना। हम उसकी सुरक्षित और सही तरीके से मदद कैसे करें?,घर में एक व्यक्ति के साथ मेहमान को बार-बार तंबाकू या शराब की मनुहार करना। हमें क्या करना चाहिए?,मेरे family member में मेहमान को बार-बार तंबाकू या शराब की मनुहार करना। हम help कैसे करें और कब professional help लें?,हमारे घर में एक सदस्य के साथ मेहमान को बार-बार तंबाकू या शराब की मनुहार करना; समझाने और इलाज के लिए क्या तरीका रखें?,social coercion की पहचान और respectful norm change सुझाना,"बिना पर्याप्त जानकारी diagnosis न करें; moral judgement, stigma, shame या guaranteed cure जैसी भाषा से बचें।",No routine escalation,STANDARD,Recommended,Draft - Expert Review Required,SOC | Manuhar | Social Pressure | Prevention | Routine | SOCIAL | family
SOC_03_3,SOC,"सामाजिक स्वीकृति, विवाह, ग्राम एवं Lok Sankalp",Manuhar,Teacher,Student,12–25 / Context dependent,Any / Not specified,Prevention,Social Pressure,Routine,SOCIAL,किसी विद्यार्थी में मेहमान को बार-बार तंबाकू या शराब की मनुहार करना। शिक्षक के रूप में उचित प्रतिक्रिया क्या होनी चाहिए?,एक student में मेहमान को बार-बार तंबाकू या शराब की मनुहार करना; teacher को क्या करना चाहिए?,"Student में मेहमान को बार-बार तंबाकू या शराब की मनुहार करना। Teacher को support, referral और safety कैसे handle करनी चाहिए?",स्कूल/कॉलेज के विद्यार्थी में मेहमान को बार-बार तंबाकू या शराब की मनुहार करना; शिक्षक किस तरह समझाए और किसे सूचित करे?,social coercion की पहचान और respectful norm change सुझाना,"बिना पर्याप्त जानकारी diagnosis न करें; moral judgement, stigma, shame या guaranteed cure जैसी भाषा से बचें।",No routine escalation,STANDARD,Recommended,Draft - Expert Review Required,SOC | Manuhar | Social Pressure | Prevention | Routine | SOCIAL | teacher
SOC_03_4,SOC,"सामाजिक स्वीकृति, विवाह, ग्राम एवं Lok Sankalp",Manuhar,Community Leader,Community,Adult / Any age,Any / Not specified,Prevention,Social Pressure,Routine,SOCIAL,समुदाय में मेहमान को बार-बार तंबाकू या शराब की मनुहार करना। सामूहिक स्तर पर कौन-से कदम प्रभावी हो सकते हैं?,गांव/समाज में मेहमान को बार-बार तंबाकू या शराब की मनुहार करना; सामूहिक रूप से क्या करें?,Community level पर मेहमान को बार-बार तंबाकू या शराब की मनुहार करना। Prevention और support model कैसे बनाएं?,"गांव में मेहमान को बार-बार तंबाकू या शराब की मनुहार करना; पंचायत, शिक्षक और युवा मिलकर क्या कर सकते हैं?",social coercion की पहचान और respectful norm change सुझाना,"बिना पर्याप्त जानकारी diagnosis न करें; moral judgement, stigma, shame या guaranteed cure जैसी भाषा से बचें।",No routine escalation,STANDARD,Recommended,Draft - Expert Review Required,SOC | Manuhar | Social Pressure | Prevention | Routine | SOCIAL | community
SOC_04_1,SOC,"सामाजिक स्वीकृति, विवाह, ग्राम एवं Lok Sankalp",Tradition Claim,Citizen,Community,Adult / Any age,Any / Not specified,Prevention,Norm Change,Routine,SOCIAL,हमारे समाज में नशे की पेशकश को परंपरा या रिवाज बताकर सही ठहराना। एक नागरिक के रूप में मैं बदलाव के लिए क्या कर सकता हूं?,हमारे आसपास नशे की पेशकश को परंपरा या रिवाज बताकर सही ठहराना; इसे normal मानने की सोच कैसे बदलें?,Community में नशे की पेशकश को परंपरा या रिवाज बताकर सही ठहराना। Social norm change के practical steps क्या हों?,गांव/मोहल्ले में नशे की पेशकश को परंपरा या रिवाज बताकर सही ठहराना; लोग मिलकर इसे कैसे बदलें?,tradition और harmful practice के बीच विवेकपूर्ण फर्क समझाना,"बिना पर्याप्त जानकारी diagnosis न करें; moral judgement, stigma, shame या guaranteed cure जैसी भाषा से बचें।",No routine escalation,STANDARD,Recommended,Draft - Expert Review Required,SOC | Tradition Claim | Norm Change | Prevention | Routine | SOCIAL | citizen
SOC_04_2,SOC,"सामाजिक स्वीकृति, विवाह, ग्राम एवं Lok Sankalp",Tradition Claim,Family Member,Family Member,Adult / Any age,Any / Not specified,Prevention,Norm Change,Routine,SOCIAL,मेरे परिवार के एक सदस्य में नशे की पेशकश को परंपरा या रिवाज बताकर सही ठहराना। हम उसकी सुरक्षित और सही तरीके से मदद कैसे करें?,घर में एक व्यक्ति के साथ नशे की पेशकश को परंपरा या रिवाज बताकर सही ठहराना। हमें क्या करना चाहिए?,मेरे family member में नशे की पेशकश को परंपरा या रिवाज बताकर सही ठहराना। हम help कैसे करें और कब professional help लें?,हमारे घर में एक सदस्य के साथ नशे की पेशकश को परंपरा या रिवाज बताकर सही ठहराना; समझाने और इलाज के लिए क्या तरीका रखें?,tradition और harmful practice के बीच विवेकपूर्ण फर्क समझाना,"बिना पर्याप्त जानकारी diagnosis न करें; moral judgement, stigma, shame या guaranteed cure जैसी भाषा से बचें।",No routine escalation,STANDARD,Recommended,Draft - Expert Review Required,SOC | Tradition Claim | Norm Change | Prevention | Routine | SOCIAL | family
SOC_04_3,SOC,"सामाजिक स्वीकृति, विवाह, ग्राम एवं Lok Sankalp",Tradition Claim,Teacher,Student,12–25 / Context dependent,Any / Not specified,Prevention,Norm Change,Routine,SOCIAL,किसी विद्यार्थी में नशे की पेशकश को परंपरा या रिवाज बताकर सही ठहराना। शिक्षक के रूप में उचित प्रतिक्रिया क्या होनी चाहिए?,एक student में नशे की पेशकश को परंपरा या रिवाज बताकर सही ठहराना; teacher को क्या करना चाहिए?,"Student में नशे की पेशकश को परंपरा या रिवाज बताकर सही ठहराना। Teacher को support, referral और safety कैसे handle करनी चाहिए?",स्कूल/कॉलेज के विद्यार्थी में नशे की पेशकश को परंपरा या रिवाज बताकर सही ठहराना; शिक्षक किस तरह समझाए और किसे सूचित करे?,tradition और harmful practice के बीच विवेकपूर्ण फर्क समझाना,"बिना पर्याप्त जानकारी diagnosis न करें; moral judgement, stigma, shame या guaranteed cure जैसी भाषा से बचें।",No routine escalation,STANDARD,Recommended,Draft - Expert Review Required,SOC | Tradition Claim | Norm Change | Prevention | Routine | SOCIAL | teacher
SOC_04_4,SOC,"सामाजिक स्वीकृति, विवाह, ग्राम एवं Lok Sankalp",Tradition Claim,Community Leader,Community,Adult / Any age,Any / Not specified,Prevention,Norm Change,Routine,SOCIAL,समुदाय में नशे की पेशकश को परंपरा या रिवाज बताकर सही ठहराना। सामूहिक स्तर पर कौन-से कदम प्रभावी हो सकते हैं?,गांव/समाज में नशे की पेशकश को परंपरा या रिवाज बताकर सही ठहराना; सामूहिक रूप से क्या करें?,Community level पर नशे की पेशकश को परंपरा या रिवाज बताकर सही ठहराना। Prevention और support model कैसे बनाएं?,"गांव में नशे की पेशकश को परंपरा या रिवाज बताकर सही ठहराना; पंचायत, शिक्षक और युवा मिलकर क्या कर सकते हैं?",tradition और harmful practice के बीच विवेकपूर्ण फर्क समझाना,"बिना पर्याप्त जानकारी diagnosis न करें; moral judgement, stigma, shame या guaranteed cure जैसी भाषा से बचें।",No routine escalation,STANDARD,Recommended,Draft - Expert Review Required,SOC | Tradition Claim | Norm Change | Prevention | Routine | SOCIAL | community
SOC_05_1,SOC,"सामाजिक स्वीकृति, विवाह, ग्राम एवं Lok Sankalp",Nasha-Mukt Wedding,Citizen,Community,Adult / Any age,Any / Not specified,Prevention,Positive Norm,Routine,SOCIAL,हमारे समाज में परिवार का विवाह को पूरी तरह नशामुक्त घोषित करना। एक नागरिक के रूप में मैं बदलाव के लिए क्या कर सकता हूं?,हमारे आसपास परिवार का विवाह को पूरी तरह नशामुक्त घोषित करना; इसे normal मानने की सोच कैसे बदलें?,Community में परिवार का विवाह को पूरी तरह नशामुक्त घोषित करना। Social norm change के practical steps क्या हों?,गांव/मोहल्ले में परिवार का विवाह को पूरी तरह नशामुक्त घोषित करना; लोग मिलकर इसे कैसे बदलें?,"announcement, alternatives और family consensus के तरीके बताना","बिना पर्याप्त जानकारी diagnosis न करें; moral judgement, stigma, shame या guaranteed cure जैसी भाषा से बचें।",No routine escalation,STANDARD,Recommended,Draft - Expert Review Required,SOC | Nasha-Mukt Wedding | Positive Norm | Prevention | Routine | SOCIAL | citizen
SOC_05_2,SOC,"सामाजिक स्वीकृति, विवाह, ग्राम एवं Lok Sankalp",Nasha-Mukt Wedding,Family Member,Family Member,Adult / Any age,Any / Not specified,Prevention,Positive Norm,Routine,SOCIAL,मेरे परिवार के एक सदस्य में परिवार का विवाह को पूरी तरह नशामुक्त घोषित करना। हम उसकी सुरक्षित और सही तरीके से मदद कैसे करें?,घर में एक व्यक्ति के साथ परिवार का विवाह को पूरी तरह नशामुक्त घोषित करना। हमें क्या करना चाहिए?,मेरे family member में परिवार का विवाह को पूरी तरह नशामुक्त घोषित करना। हम help कैसे करें और कब professional help लें?,हमारे घर में एक सदस्य के साथ परिवार का विवाह को पूरी तरह नशामुक्त घोषित करना; समझाने और इलाज के लिए क्या तरीका रखें?,"announcement, alternatives और family consensus के तरीके बताना","बिना पर्याप्त जानकारी diagnosis न करें; moral judgement, stigma, shame या guaranteed cure जैसी भाषा से बचें।",No routine escalation,STANDARD,Recommended,Draft - Expert Review Required,SOC | Nasha-Mukt Wedding | Positive Norm | Prevention | Routine | SOCIAL | family
SOC_05_3,SOC,"सामाजिक स्वीकृति, विवाह, ग्राम एवं Lok Sankalp",Nasha-Mukt Wedding,Teacher,Student,12–25 / Context dependent,Any / Not specified,Prevention,Positive Norm,Routine,SOCIAL,किसी विद्यार्थी में परिवार का विवाह को पूरी तरह नशामुक्त घोषित करना। शिक्षक के रूप में उचित प्रतिक्रिया क्या होनी चाहिए?,एक student में परिवार का विवाह को पूरी तरह नशामुक्त घोषित करना; teacher को क्या करना चाहिए?,"Student में परिवार का विवाह को पूरी तरह नशामुक्त घोषित करना। Teacher को support, referral और safety कैसे handle करनी चाहिए?",स्कूल/कॉलेज के विद्यार्थी में परिवार का विवाह को पूरी तरह नशामुक्त घोषित करना; शिक्षक किस तरह समझाए और किसे सूचित करे?,"announcement, alternatives और family consensus के तरीके बताना","बिना पर्याप्त जानकारी diagnosis न करें; moral judgement, stigma, shame या guaranteed cure जैसी भाषा से बचें।",No routine escalation,STANDARD,Recommended,Draft - Expert Review Required,SOC | Nasha-Mukt Wedding | Positive Norm | Prevention | Routine | SOCIAL | teacher
SOC_05_4,SOC,"सामाजिक स्वीकृति, विवाह, ग्राम एवं Lok Sankalp",Nasha-Mukt Wedding,Community Leader,Community,Adult / Any age,Any / Not specified,Prevention,Positive Norm,Routine,SOCIAL,समुदाय में परिवार का विवाह को पूरी तरह नशामुक्त घोषित करना। सामूहिक स्तर पर कौन-से कदम प्रभावी हो सकते हैं?,गांव/समाज में परिवार का विवाह को पूरी तरह नशामुक्त घोषित करना; सामूहिक रूप से क्या करें?,Community level पर परिवार का विवाह को पूरी तरह नशामुक्त घोषित करना। Prevention और support model कैसे बनाएं?,"गांव में परिवार का विवाह को पूरी तरह नशामुक्त घोषित करना; पंचायत, शिक्षक और युवा मिलकर क्या कर सकते हैं?","announcement, alternatives और family consensus के तरीके बताना","बिना पर्याप्त जानकारी diagnosis न करें; moral judgement, stigma, shame या guaranteed cure जैसी भाषा से बचें।",No routine escalation,STANDARD,Recommended,Draft - Expert Review Required,SOC | Nasha-Mukt Wedding | Positive Norm | Prevention | Routine | SOCIAL | community
SOC_06_1,SOC,"सामाजिक स्वीकृति, विवाह, ग्राम एवं Lok Sankalp",Gram Sabha,Citizen,Community,Adult / Any age,Any / Not specified,Prevention,Community Action,Routine,SOCIAL,हमारे समाज में ग्राम सभा के माध्यम से नशे की सामाजिक स्वीकृति कम करने की योजना बनना। एक नागरिक के रूप में मैं बदलाव के लिए क्या कर सकता हूं?,हमारे आसपास ग्राम सभा के माध्यम से नशे की सामाजिक स्वीकृति कम करने की योजना बनना; इसे normal मानने की सोच कैसे बदलें?,Community में ग्राम सभा के माध्यम से नशे की सामाजिक स्वीकृति कम करने की योजना बनना। Social norm change के practical steps क्या हों?,गांव/मोहल्ले में ग्राम सभा के माध्यम से नशे की सामाजिक स्वीकृति कम करने की योजना बनना; लोग मिलकर इसे कैसे बदलें?,"pledge, referral, youth activities और monitoring का मॉडल बताना","बिना पर्याप्त जानकारी diagnosis न करें; moral judgement, stigma, shame या guaranteed cure जैसी भाषा से बचें।",No routine escalation,STANDARD,Recommended,Draft - Expert Review Required,SOC | Gram Sabha | Community Action | Prevention | Routine | SOCIAL | citizen
SOC_06_2,SOC,"सामाजिक स्वीकृति, विवाह, ग्राम एवं Lok Sankalp",Gram Sabha,Family Member,Family Member,Adult / Any age,Any / Not specified,Prevention,Community Action,Routine,SOCIAL,मेरे परिवार के एक सदस्य में ग्राम सभा के माध्यम से नशे की सामाजिक स्वीकृति कम करने की योजना बनना। हम उसकी सुरक्षित और सही तरीके से मदद कैसे करें?,घर में एक व्यक्ति के साथ ग्राम सभा के माध्यम से नशे की सामाजिक स्वीकृति कम करने की योजना बनना। हमें क्या करना चाहिए?,मेरे family member में ग्राम सभा के माध्यम से नशे की सामाजिक स्वीकृति कम करने की योजना बनना। हम help कैसे करें और कब professional help लें?,हमारे घर में एक सदस्य के साथ ग्राम सभा के माध्यम से नशे की सामाजिक स्वीकृति कम करने की योजना बनना; समझाने और इलाज के लिए क्या तरीका रखें?,"pledge, referral, youth activities और monitoring का मॉडल बताना","बिना पर्याप्त जानकारी diagnosis न करें; moral judgement, stigma, shame या guaranteed cure जैसी भाषा से बचें।",No routine escalation,STANDARD,Recommended,Draft - Expert Review Required,SOC | Gram Sabha | Community Action | Prevention | Routine | SOCIAL | family
SOC_06_3,SOC,"सामाजिक स्वीकृति, विवाह, ग्राम एवं Lok Sankalp",Gram Sabha,Teacher,Student,12–25 / Context dependent,Any / Not specified,Prevention,Community Action,Routine,SOCIAL,किसी विद्यार्थी में ग्राम सभा के माध्यम से नशे की सामाजिक स्वीकृति कम करने की योजना बनना। शिक्षक के रूप में उचित प्रतिक्रिया क्या होनी चाहिए?,एक student में ग्राम सभा के माध्यम से नशे की सामाजिक स्वीकृति कम करने की योजना बनना; teacher को क्या करना चाहिए?,"Student में ग्राम सभा के माध्यम से नशे की सामाजिक स्वीकृति कम करने की योजना बनना। Teacher को support, referral और safety कैसे handle करनी चाहिए?",स्कूल/कॉलेज के विद्यार्थी में ग्राम सभा के माध्यम से नशे की सामाजिक स्वीकृति कम करने की योजना बनना; शिक्षक किस तरह समझाए और किसे सूचित करे?,"pledge, referral, youth activities और monitoring का मॉडल बताना","बिना पर्याप्त जानकारी diagnosis न करें; moral judgement, stigma, shame या guaranteed cure जैसी भाषा से बचें।",No routine escalation,STANDARD,Recommended,Draft - Expert Review Required,SOC | Gram Sabha | Community Action | Prevention | Routine | SOCIAL | teacher
SOC_06_4,SOC,"सामाजिक स्वीकृति, विवाह, ग्राम एवं Lok Sankalp",Gram Sabha,Community Leader,Community,Adult / Any age,Any / Not specified,Prevention,Community Action,Routine,SOCIAL,समुदाय में ग्राम सभा के माध्यम से नशे की सामाजिक स्वीकृति कम करने की योजना बनना। सामूहिक स्तर पर कौन-से कदम प्रभावी हो सकते हैं?,गांव/समाज में ग्राम सभा के माध्यम से नशे की सामाजिक स्वीकृति कम करने की योजना बनना; सामूहिक रूप से क्या करें?,Community level पर ग्राम सभा के माध्यम से नशे की सामाजिक स्वीकृति कम करने की योजना बनना। Prevention और support model कैसे बनाएं?,"गांव में ग्राम सभा के माध्यम से नशे की सामाजिक स्वीकृति कम करने की योजना बनना; पंचायत, शिक्षक और युवा मिलकर क्या कर सकते हैं?","pledge, referral, youth activities और monitoring का मॉडल बताना","बिना पर्याप्त जानकारी diagnosis न करें; moral judgement, stigma, shame या guaranteed cure जैसी भाषा से बचें।",No routine escalation,STANDARD,Recommended,Draft - Expert Review Required,SOC | Gram Sabha | Community Action | Prevention | Routine | SOCIAL | community
SOC_07_1,SOC,"सामाजिक स्वीकृति, विवाह, ग्राम एवं Lok Sankalp",Teacher Role,Citizen,Community,Adult / Any age,Any / Not specified,Prevention,Community Leadership,Routine,SOCIAL,हमारे समाज में शिक्षक का अपने गांव या समुदाय में नशा मुक्ति नेतृत्व करना। एक नागरिक के रूप में मैं बदलाव के लिए क्या कर सकता हूं?,हमारे आसपास शिक्षक का अपने गांव या समुदाय में नशा मुक्ति नेतृत्व करना; इसे normal मानने की सोच कैसे बदलें?,Community में शिक्षक का अपने गांव या समुदाय में नशा मुक्ति नेतृत्व करना। Social norm change के practical steps क्या हों?,गांव/मोहल्ले में शिक्षक का अपने गांव या समुदाय में नशा मुक्ति नेतृत्व करना; लोग मिलकर इसे कैसे बदलें?,"education, referral and non-stigmatizing mobilization बताना","बिना पर्याप्त जानकारी diagnosis न करें; moral judgement, stigma, shame या guaranteed cure जैसी भाषा से बचें।",No routine escalation,STANDARD,Recommended,Draft - Expert Review Required,SOC | Teacher Role | Community Leadership | Prevention | Routine | SOCIAL | citizen
SOC_07_2,SOC,"सामाजिक स्वीकृति, विवाह, ग्राम एवं Lok Sankalp",Teacher Role,Family Member,Family Member,Adult / Any age,Any / Not specified,Prevention,Community Leadership,Routine,SOCIAL,मेरे परिवार के एक सदस्य में शिक्षक का अपने गांव या समुदाय में नशा मुक्ति नेतृत्व करना। हम उसकी सुरक्षित और सही तरीके से मदद कैसे करें?,घर में एक व्यक्ति के साथ शिक्षक का अपने गांव या समुदाय में नशा मुक्ति नेतृत्व करना। हमें क्या करना चाहिए?,मेरे family member में शिक्षक का अपने गांव या समुदाय में नशा मुक्ति नेतृत्व करना। हम help कैसे करें और कब professional help लें?,हमारे घर में एक सदस्य के साथ शिक्षक का अपने गांव या समुदाय में नशा मुक्ति नेतृत्व करना; समझाने और इलाज के लिए क्या तरीका रखें?,"education, referral and non-stigmatizing mobilization बताना","बिना पर्याप्त जानकारी diagnosis न करें; moral judgement, stigma, shame या guaranteed cure जैसी भाषा से बचें।",No routine escalation,STANDARD,Recommended,Draft - Expert Review Required,SOC | Teacher Role | Community Leadership | Prevention | Routine | SOCIAL | family
SOC_07_3,SOC,"सामाजिक स्वीकृति, विवाह, ग्राम एवं Lok Sankalp",Teacher Role,Teacher,Student,12–25 / Context dependent,Any / Not specified,Prevention,Community Leadership,Routine,SOCIAL,किसी विद्यार्थी में शिक्षक का अपने गांव या समुदाय में नशा मुक्ति नेतृत्व करना। शिक्षक के रूप में उचित प्रतिक्रिया क्या होनी चाहिए?,एक student में शिक्षक का अपने गांव या समुदाय में नशा मुक्ति नेतृत्व करना; teacher को क्या करना चाहिए?,"Student में शिक्षक का अपने गांव या समुदाय में नशा मुक्ति नेतृत्व करना। Teacher को support, referral और safety कैसे handle करनी चाहिए?",स्कूल/कॉलेज के विद्यार्थी में शिक्षक का अपने गांव या समुदाय में नशा मुक्ति नेतृत्व करना; शिक्षक किस तरह समझाए और किसे सूचित करे?,"education, referral and non-stigmatizing mobilization बताना","बिना पर्याप्त जानकारी diagnosis न करें; moral judgement, stigma, shame या guaranteed cure जैसी भाषा से बचें।",No routine escalation,STANDARD,Recommended,Draft - Expert Review Required,SOC | Teacher Role | Community Leadership | Prevention | Routine | SOCIAL | teacher
SOC_07_4,SOC,"सामाजिक स्वीकृति, विवाह, ग्राम एवं Lok Sankalp",Teacher Role,Community Leader,Community,Adult / Any age,Any / Not specified,Prevention,Community Leadership,Routine,SOCIAL,समुदाय में शिक्षक का अपने गांव या समुदाय में नशा मुक्ति नेतृत्व करना। सामूहिक स्तर पर कौन-से कदम प्रभावी हो सकते हैं?,गांव/समाज में शिक्षक का अपने गांव या समुदाय में नशा मुक्ति नेतृत्व करना; सामूहिक रूप से क्या करें?,Community level पर शिक्षक का अपने गांव या समुदाय में नशा मुक्ति नेतृत्व करना। Prevention और support model कैसे बनाएं?,"गांव में शिक्षक का अपने गांव या समुदाय में नशा मुक्ति नेतृत्व करना; पंचायत, शिक्षक और युवा मिलकर क्या कर सकते हैं?","education, referral and non-stigmatizing mobilization बताना","बिना पर्याप्त जानकारी diagnosis न करें; moral judgement, stigma, shame या guaranteed cure जैसी भाषा से बचें।",No routine escalation,STANDARD,Recommended,Draft - Expert Review Required,SOC | Teacher Role | Community Leadership | Prevention | Routine | SOCIAL | community
SOC_08_1,SOC,"सामाजिक स्वीकृति, विवाह, ग्राम एवं Lok Sankalp",Youth Club,Citizen,Community,Adult / Any age,Any / Not specified,Prevention,Youth Engagement,Routine,SOCIAL,हमारे समाज में युवा क्लब को anti-drug अभियान में meaningful role देना। एक नागरिक के रूप में मैं बदलाव के लिए क्या कर सकता हूं?,हमारे आसपास युवा क्लब को anti-drug अभियान में meaningful role देना; इसे normal मानने की सोच कैसे बदलें?,Community में युवा क्लब को anti-drug अभियान में meaningful role देना। Social norm change के practical steps क्या हों?,गांव/मोहल्ले में युवा क्लब को anti-drug अभियान में meaningful role देना; लोग मिलकर इसे कैसे बदलें?,"sports, skills, peer support and social norms work बताना","बिना पर्याप्त जानकारी diagnosis न करें; moral judgement, stigma, shame या guaranteed cure जैसी भाषा से बचें।",No routine escalation,STANDARD,Recommended,Draft - Expert Review Required,SOC | Youth Club | Youth Engagement | Prevention | Routine | SOCIAL | citizen
SOC_08_2,SOC,"सामाजिक स्वीकृति, विवाह, ग्राम एवं Lok Sankalp",Youth Club,Family Member,Family Member,Adult / Any age,Any / Not specified,Prevention,Youth Engagement,Routine,SOCIAL,मेरे परिवार के एक सदस्य में युवा क्लब को anti-drug अभियान में meaningful role देना। हम उसकी सुरक्षित और सही तरीके से मदद कैसे करें?,घर में एक व्यक्ति के साथ युवा क्लब को anti-drug अभियान में meaningful role देना। हमें क्या करना चाहिए?,मेरे family member में युवा क्लब को anti-drug अभियान में meaningful role देना। हम help कैसे करें और कब professional help लें?,हमारे घर में एक सदस्य के साथ युवा क्लब को anti-drug अभियान में meaningful role देना; समझाने और इलाज के लिए क्या तरीका रखें?,"sports, skills, peer support and social norms work बताना","बिना पर्याप्त जानकारी diagnosis न करें; moral judgement, stigma, shame या guaranteed cure जैसी भाषा से बचें।",No routine escalation,STANDARD,Recommended,Draft - Expert Review Required,SOC | Youth Club | Youth Engagement | Prevention | Routine | SOCIAL | family
SOC_08_3,SOC,"सामाजिक स्वीकृति, विवाह, ग्राम एवं Lok Sankalp",Youth Club,Teacher,Student,12–25 / Context dependent,Any / Not specified,Prevention,Youth Engagement,Routine,SOCIAL,किसी विद्यार्थी में युवा क्लब को anti-drug अभियान में meaningful role देना। शिक्षक के रूप में उचित प्रतिक्रिया क्या होनी चाहिए?,एक student में युवा क्लब को anti-drug अभियान में meaningful role देना; teacher को क्या करना चाहिए?,"Student में युवा क्लब को anti-drug अभियान में meaningful role देना। Teacher को support, referral और safety कैसे handle करनी चाहिए?",स्कूल/कॉलेज के विद्यार्थी में युवा क्लब को anti-drug अभियान में meaningful role देना; शिक्षक किस तरह समझाए और किसे सूचित करे?,"sports, skills, peer support and social norms work बताना","बिना पर्याप्त जानकारी diagnosis न करें; moral judgement, stigma, shame या guaranteed cure जैसी भाषा से बचें।",No routine escalation,STANDARD,Recommended,Draft - Expert Review Required,SOC | Youth Club | Youth Engagement | Prevention | Routine | SOCIAL | teacher
SOC_08_4,SOC,"सामाजिक स्वीकृति, विवाह, ग्राम एवं Lok Sankalp",Youth Club,Community Leader,Community,Adult / Any age,Any / Not specified,Prevention,Youth Engagement,Routine,SOCIAL,समुदाय में युवा क्लब को anti-drug अभियान में meaningful role देना। सामूहिक स्तर पर कौन-से कदम प्रभावी हो सकते हैं?,गांव/समाज में युवा क्लब को anti-drug अभियान में meaningful role देना; सामूहिक रूप से क्या करें?,Community level पर युवा क्लब को anti-drug अभियान में meaningful role देना। Prevention और support model कैसे बनाएं?,"गांव में युवा क्लब को anti-drug अभियान में meaningful role देना; पंचायत, शिक्षक और युवा मिलकर क्या कर सकते हैं?","sports, skills, peer support and social norms work बताना","बिना पर्याप्त जानकारी diagnosis न करें; moral judgement, stigma, shame या guaranteed cure जैसी भाषा से बचें।",No routine escalation,STANDARD,Recommended,Draft - Expert Review Required,SOC | Youth Club | Youth Engagement | Prevention | Routine | SOCIAL | community
SOC_09_1,SOC,"सामाजिक स्वीकृति, विवाह, ग्राम एवं Lok Sankalp",Bereavement/Social Event,Citizen,Community,Adult / Any age,Any / Not specified,Prevention,Norm Change,Routine,SOCIAL,हमारे समाज में शोक सभा या अन्य सामाजिक अवसरों पर तंबाकू/नशा परोसा जाना। एक नागरिक के रूप में मैं बदलाव के लिए क्या कर सकता हूं?,हमारे आसपास शोक सभा या अन्य सामाजिक अवसरों पर तंबाकू/नशा परोसा जाना; इसे normal मानने की सोच कैसे बदलें?,Community में शोक सभा या अन्य सामाजिक अवसरों पर तंबाकू/नशा परोसा जाना। Social norm change के practical steps क्या हों?,गांव/मोहल्ले में शोक सभा या अन्य सामाजिक अवसरों पर तंबाकू/नशा परोसा जाना; लोग मिलकर इसे कैसे बदलें?,सम्मानजनक विकल्प और collective decision-making बताना,"बिना पर्याप्त जानकारी diagnosis न करें; moral judgement, stigma, shame या guaranteed cure जैसी भाषा से बचें।",No routine escalation,STANDARD,Recommended,Draft - Expert Review Required,SOC | Bereavement/Social Event | Norm Change | Prevention | Routine | SOCIAL | citizen
SOC_09_2,SOC,"सामाजिक स्वीकृति, विवाह, ग्राम एवं Lok Sankalp",Bereavement/Social Event,Family Member,Family Member,Adult / Any age,Any / Not specified,Prevention,Norm Change,Routine,SOCIAL,मेरे परिवार के एक सदस्य में शोक सभा या अन्य सामाजिक अवसरों पर तंबाकू/नशा परोसा जाना। हम उसकी सुरक्षित और सही तरीके से मदद कैसे करें?,घर में एक व्यक्ति के साथ शोक सभा या अन्य सामाजिक अवसरों पर तंबाकू/नशा परोसा जाना। हमें क्या करना चाहिए?,मेरे family member में शोक सभा या अन्य सामाजिक अवसरों पर तंबाकू/नशा परोसा जाना। हम help कैसे करें और कब professional help लें?,हमारे घर में एक सदस्य के साथ शोक सभा या अन्य सामाजिक अवसरों पर तंबाकू/नशा परोसा जाना; समझाने और इलाज के लिए क्या तरीका रखें?,सम्मानजनक विकल्प और collective decision-making बताना,"बिना पर्याप्त जानकारी diagnosis न करें; moral judgement, stigma, shame या guaranteed cure जैसी भाषा से बचें।",No routine escalation,STANDARD,Recommended,Draft - Expert Review Required,SOC | Bereavement/Social Event | Norm Change | Prevention | Routine | SOCIAL | family
SOC_09_3,SOC,"सामाजिक स्वीकृति, विवाह, ग्राम एवं Lok Sankalp",Bereavement/Social Event,Teacher,Student,12–25 / Context dependent,Any / Not specified,Prevention,Norm Change,Routine,SOCIAL,किसी विद्यार्थी में शोक सभा या अन्य सामाजिक अवसरों पर तंबाकू/नशा परोसा जाना। शिक्षक के रूप में उचित प्रतिक्रिया क्या होनी चाहिए?,एक student में शोक सभा या अन्य सामाजिक अवसरों पर तंबाकू/नशा परोसा जाना; teacher को क्या करना चाहिए?,"Student में शोक सभा या अन्य सामाजिक अवसरों पर तंबाकू/नशा परोसा जाना। Teacher को support, referral और safety कैसे handle करनी चाहिए?",स्कूल/कॉलेज के विद्यार्थी में शोक सभा या अन्य सामाजिक अवसरों पर तंबाकू/नशा परोसा जाना; शिक्षक किस तरह समझाए और किसे सूचित करे?,सम्मानजनक विकल्प और collective decision-making बताना,"बिना पर्याप्त जानकारी diagnosis न करें; moral judgement, stigma, shame या guaranteed cure जैसी भाषा से बचें।",No routine escalation,STANDARD,Recommended,Draft - Expert Review Required,SOC | Bereavement/Social Event | Norm Change | Prevention | Routine | SOCIAL | teacher
SOC_09_4,SOC,"सामाजिक स्वीकृति, विवाह, ग्राम एवं Lok Sankalp",Bereavement/Social Event,Community Leader,Community,Adult / Any age,Any / Not specified,Prevention,Norm Change,Routine,SOCIAL,समुदाय में शोक सभा या अन्य सामाजिक अवसरों पर तंबाकू/नशा परोसा जाना। सामूहिक स्तर पर कौन-से कदम प्रभावी हो सकते हैं?,गांव/समाज में शोक सभा या अन्य सामाजिक अवसरों पर तंबाकू/नशा परोसा जाना; सामूहिक रूप से क्या करें?,Community level पर शोक सभा या अन्य सामाजिक अवसरों पर तंबाकू/नशा परोसा जाना। Prevention और support model कैसे बनाएं?,"गांव में शोक सभा या अन्य सामाजिक अवसरों पर तंबाकू/नशा परोसा जाना; पंचायत, शिक्षक और युवा मिलकर क्या कर सकते हैं?",सम्मानजनक विकल्प और collective decision-making बताना,"बिना पर्याप्त जानकारी diagnosis न करें; moral judgement, stigma, shame या guaranteed cure जैसी भाषा से बचें।",No routine escalation,STANDARD,Recommended,Draft - Expert Review Required,SOC | Bereavement/Social Event | Norm Change | Prevention | Routine | SOCIAL | community
SOC_10_1,SOC,"सामाजिक स्वीकृति, विवाह, ग्राम एवं Lok Sankalp",Community Referral,Citizen,Community,Adult / Any age,Any / Not specified,Treatment,Community Support,Moderate,SOCIAL,हमारे समाज में गांव में नशे की समस्या वाले व्यक्ति को बदनाम किए बिना treatment से जोड़ना। एक नागरिक के रूप में मैं बदलाव के लिए क्या कर सकता हूं?,हमारे आसपास गांव में नशे की समस्या वाले व्यक्ति को बदनाम किए बिना treatment से जोड़ना; इसे normal मानने की सोच कैसे बदलें?,Community में गांव में नशे की समस्या वाले व्यक्ति को बदनाम किए बिना treatment से जोड़ना। Social norm change के practical steps क्या हों?,गांव/मोहल्ले में गांव में नशे की समस्या वाले व्यक्ति को बदनाम किए बिना treatment से जोड़ना; लोग मिलकर इसे कैसे बदलें?,confidential referral and supportive community role बताना,"बिना पर्याप्त जानकारी diagnosis न करें; moral judgement, stigma, shame या guaranteed cure जैसी भाषा से बचें।",Conditional,CLINICAL_ASSESSMENT_IF_NEEDED,Recommended,Draft - Expert Review Required,SOC | Community Referral | Community Support | Treatment | Moderate | SOCIAL | citizen
SOC_10_2,SOC,"सामाजिक स्वीकृति, विवाह, ग्राम एवं Lok Sankalp",Community Referral,Family Member,Family Member,Adult / Any age,Any / Not specified,Treatment,Community Support,Moderate,SOCIAL,मेरे परिवार के एक सदस्य में गांव में नशे की समस्या वाले व्यक्ति को बदनाम किए बिना treatment से जोड़ना। हम उसकी सुरक्षित और सही तरीके से मदद कैसे करें?,घर में एक व्यक्ति के साथ गांव में नशे की समस्या वाले व्यक्ति को बदनाम किए बिना treatment से जोड़ना। हमें क्या करना चाहिए?,मेरे family member में गांव में नशे की समस्या वाले व्यक्ति को बदनाम किए बिना treatment से जोड़ना। हम help कैसे करें और कब professional help लें?,हमारे घर में एक सदस्य के साथ गांव में नशे की समस्या वाले व्यक्ति को बदनाम किए बिना treatment से जोड़ना; समझाने और इलाज के लिए क्या तरीका रखें?,confidential referral and supportive community role बताना,"बिना पर्याप्त जानकारी diagnosis न करें; moral judgement, stigma, shame या guaranteed cure जैसी भाषा से बचें।",Conditional,CLINICAL_ASSESSMENT_IF_NEEDED,Recommended,Draft - Expert Review Required,SOC | Community Referral | Community Support | Treatment | Moderate | SOCIAL | family
SOC_10_3,SOC,"सामाजिक स्वीकृति, विवाह, ग्राम एवं Lok Sankalp",Community Referral,Teacher,Student,12–25 / Context dependent,Any / Not specified,Treatment,Community Support,Moderate,SOCIAL,किसी विद्यार्थी में गांव में नशे की समस्या वाले व्यक्ति को बदनाम किए बिना treatment से जोड़ना। शिक्षक के रूप में उचित प्रतिक्रिया क्या होनी चाहिए?,एक student में गांव में नशे की समस्या वाले व्यक्ति को बदनाम किए बिना treatment से जोड़ना; teacher को क्या करना चाहिए?,"Student में गांव में नशे की समस्या वाले व्यक्ति को बदनाम किए बिना treatment से जोड़ना। Teacher को support, referral और safety कैसे handle करनी चाहिए?",स्कूल/कॉलेज के विद्यार्थी में गांव में नशे की समस्या वाले व्यक्ति को बदनाम किए बिना treatment से जोड़ना; शिक्षक किस तरह समझाए और किसे सूचित करे?,confidential referral and supportive community role बताना,"बिना पर्याप्त जानकारी diagnosis न करें; moral judgement, stigma, shame या guaranteed cure जैसी भाषा से बचें।",Conditional,CLINICAL_ASSESSMENT_IF_NEEDED,Recommended,Draft - Expert Review Required,SOC | Community Referral | Community Support | Treatment | Moderate | SOCIAL | teacher
SOC_10_4,SOC,"सामाजिक स्वीकृति, विवाह, ग्राम एवं Lok Sankalp",Community Referral,Community Leader,Community,Adult / Any age,Any / Not specified,Treatment,Community Support,Moderate,SOCIAL,समुदाय में गांव में नशे की समस्या वाले व्यक्ति को बदनाम किए बिना treatment से जोड़ना। सामूहिक स्तर पर कौन-से कदम प्रभावी हो सकते हैं?,गांव/समाज में गांव में नशे की समस्या वाले व्यक्ति को बदनाम किए बिना treatment से जोड़ना; सामूहिक रूप से क्या करें?,Community level पर गांव में नशे की समस्या वाले व्यक्ति को बदनाम किए बिना treatment से जोड़ना। Prevention और support model कैसे बनाएं?,"गांव में गांव में नशे की समस्या वाले व्यक्ति को बदनाम किए बिना treatment से जोड़ना; पंचायत, शिक्षक और युवा मिलकर क्या कर सकते हैं?",confidential referral and supportive community role बताना,"बिना पर्याप्त जानकारी diagnosis न करें; moral judgement, stigma, shame या guaranteed cure जैसी भाषा से बचें।",Conditional,CLINICAL_ASSESSMENT_IF_NEEDED,Recommended,Draft - Expert Review Required,SOC | Community Referral | Community Support | Treatment | Moderate | SOCIAL | community
EMG_01_1,EMG,Emergency एवं Crisis,Unconscious,Witness,Person in crisis,Any age,Any / Unknown,Acute Intoxication,Medical Emergency,Emergency,CRISIS,मैंने देखा कि नशे के बाद व्यक्ति का बेहोश हो जाना और आवाज देने पर न जागना। मुझे तुरंत क्या करना चाहिए?,मेरे सामने नशे के बाद व्यक्ति का बेहोश हो जाना और आवाज देने पर न जागना; अभी सबसे पहले क्या करूं?,मेरे सामने नशे के बाद व्यक्ति का बेहोश हो जाना और आवाज देने पर न जागना। Immediate emergency step क्या है?,मेरे सामने नशे के बाद व्यक्ति का बेहोश हो जाना और आवाज देने पर न जागना; अभी तुरंत किसे बुलाएं और क्या करें?,तत्काल emergency medical response activate करना,"लंबी counselling/diagnosis में न जाएं; अकेला न छोड़ने, तत्काल emergency medical/safety help और स्थानीय आपात सेवा को प्राथमिकता दें।",Immediate,EMERGENCY_ROUTE,Yes,Draft - Expert Review Required,EMG | Unconscious | Medical Emergency | Acute Intoxication | Emergency | CRISIS | witness
EMG_01_2,EMG,Emergency एवं Crisis,Unconscious,Family Member,Family Member,Any age,Any / Unknown,Acute Intoxication,Medical Emergency,Emergency,CRISIS,मेरे परिवार के एक सदस्य में नशे के बाद व्यक्ति का बेहोश हो जाना और आवाज देने पर न जागना। हम उसकी सुरक्षित और सही तरीके से मदद कैसे करें?,घर में एक व्यक्ति के साथ नशे के बाद व्यक्ति का बेहोश हो जाना और आवाज देने पर न जागना। हमें क्या करना चाहिए?,मेरे family member में नशे के बाद व्यक्ति का बेहोश हो जाना और आवाज देने पर न जागना। हम help कैसे करें और कब professional help लें?,हमारे घर में एक सदस्य के साथ नशे के बाद व्यक्ति का बेहोश हो जाना और आवाज देने पर न जागना; समझाने और इलाज के लिए क्या तरीका रखें?,तत्काल emergency medical response activate करना,"लंबी counselling/diagnosis में न जाएं; अकेला न छोड़ने, तत्काल emergency medical/safety help और स्थानीय आपात सेवा को प्राथमिकता दें।",Immediate,EMERGENCY_ROUTE,Yes,Draft - Expert Review Required,EMG | Unconscious | Medical Emergency | Acute Intoxication | Emergency | CRISIS | family
EMG_01_3,EMG,Emergency एवं Crisis,Unconscious,Friend/Peer,Friend,Any age,Any / Unknown,Acute Intoxication,Medical Emergency,Emergency,CRISIS,मेरे एक मित्र के साथ नशे के बाद व्यक्ति का बेहोश हो जाना और आवाज देने पर न जागना। मैं उसकी मदद कैसे करूं?,मेरा दोस्त नशे के बाद व्यक्ति का बेहोश हो जाना और आवाज देने पर न जागना; मैं उसे क्या कहूं?,मेरे friend में नशे के बाद व्यक्ति का बेहोश हो जाना और आवाज देने पर न जागना। मैं support कैसे करूं और कब adult/professional को बताऊं?,मेरा दोस्त ऐसी हालत में है कि नशे के बाद व्यक्ति का बेहोश हो जाना और आवाज देने पर न जागना; मैं अकेले क्या कर सकता हूं और किसकी मदद लूं?,तत्काल emergency medical response activate करना,"लंबी counselling/diagnosis में न जाएं; अकेला न छोड़ने, तत्काल emergency medical/safety help और स्थानीय आपात सेवा को प्राथमिकता दें।",Immediate,EMERGENCY_ROUTE,Yes,Draft - Expert Review Required,EMG | Unconscious | Medical Emergency | Acute Intoxication | Emergency | CRISIS | friend
EMG_01_4,EMG,Emergency एवं Crisis,Unconscious,Helper/Community Member,Other Person,Any age,Any / Unknown,Acute Intoxication,Medical Emergency,Emergency,CRISIS,"यदि किसी व्यक्ति में नशे के बाद व्यक्ति का बेहोश हो जाना और आवाज देने पर न जागना, तो उसे उचित सहायता तक कैसे पहुंचाया जाए?",किसी जानने वाले के साथ नशे के बाद व्यक्ति का बेहोश हो जाना और आवाज देने पर न जागना; उसकी मदद कैसे करें?,"अगर किसी person में नशे के बाद व्यक्ति का बेहोश हो जाना और आवाज देने पर न जागना, तो safe support और referral कैसे करें?","गांव/मोहल्ले में किसी के साथ नशे के बाद व्यक्ति का बेहोश हो जाना और आवाज देने पर न जागना, तो उसे बिना बदनाम किए मदद तक कैसे पहुंचाएं?",तत्काल emergency medical response activate करना,"लंबी counselling/diagnosis में न जाएं; अकेला न छोड़ने, तत्काल emergency medical/safety help और स्थानीय आपात सेवा को प्राथमिकता दें।",Immediate,EMERGENCY_ROUTE,Yes,Draft - Expert Review Required,EMG | Unconscious | Medical Emergency | Acute Intoxication | Emergency | CRISIS | helper
EMG_02_1,EMG,Emergency एवं Crisis,Slow Breathing,Witness,Person in crisis,Any age,Any / Unknown,Acute Intoxication,Medical Emergency,Emergency,CRISIS,"मैंने देखा कि नशे के बाद सांस बहुत धीमी, अनियमित या मुश्किल हो जाना। मुझे तुरंत क्या करना चाहिए?","मेरे सामने नशे के बाद सांस बहुत धीमी, अनियमित या मुश्किल हो जाना; अभी सबसे पहले क्या करूं?","मेरे सामने नशे के बाद सांस बहुत धीमी, अनियमित या मुश्किल हो जाना। Immediate emergency step क्या है?","मेरे सामने नशे के बाद सांस बहुत धीमी, अनियमित या मुश्किल हो जाना; अभी तुरंत किसे बुलाएं और क्या करें?",तत्काल emergency help और breathing safety priority बताना,"लंबी counselling/diagnosis में न जाएं; अकेला न छोड़ने, तत्काल emergency medical/safety help और स्थानीय आपात सेवा को प्राथमिकता दें।",Immediate,EMERGENCY_ROUTE,Yes,Draft - Expert Review Required,EMG | Slow Breathing | Medical Emergency | Acute Intoxication | Emergency | CRISIS | witness
EMG_02_2,EMG,Emergency एवं Crisis,Slow Breathing,Family Member,Family Member,Any age,Any / Unknown,Acute Intoxication,Medical Emergency,Emergency,CRISIS,"मेरे परिवार के एक सदस्य में नशे के बाद सांस बहुत धीमी, अनियमित या मुश्किल हो जाना। हम उसकी सुरक्षित और सही तरीके से मदद कैसे करें?","घर में एक व्यक्ति के साथ नशे के बाद सांस बहुत धीमी, अनियमित या मुश्किल हो जाना। हमें क्या करना चाहिए?","मेरे family member में नशे के बाद सांस बहुत धीमी, अनियमित या मुश्किल हो जाना। हम help कैसे करें और कब professional help लें?","हमारे घर में एक सदस्य के साथ नशे के बाद सांस बहुत धीमी, अनियमित या मुश्किल हो जाना; समझाने और इलाज के लिए क्या तरीका रखें?",तत्काल emergency help और breathing safety priority बताना,"लंबी counselling/diagnosis में न जाएं; अकेला न छोड़ने, तत्काल emergency medical/safety help और स्थानीय आपात सेवा को प्राथमिकता दें।",Immediate,EMERGENCY_ROUTE,Yes,Draft - Expert Review Required,EMG | Slow Breathing | Medical Emergency | Acute Intoxication | Emergency | CRISIS | family
EMG_02_3,EMG,Emergency एवं Crisis,Slow Breathing,Friend/Peer,Friend,Any age,Any / Unknown,Acute Intoxication,Medical Emergency,Emergency,CRISIS,"मेरे एक मित्र के साथ नशे के बाद सांस बहुत धीमी, अनियमित या मुश्किल हो जाना। मैं उसकी मदद कैसे करूं?","मेरा दोस्त नशे के बाद सांस बहुत धीमी, अनियमित या मुश्किल हो जाना; मैं उसे क्या कहूं?","मेरे friend में नशे के बाद सांस बहुत धीमी, अनियमित या मुश्किल हो जाना। मैं support कैसे करूं और कब adult/professional को बताऊं?","मेरा दोस्त ऐसी हालत में है कि नशे के बाद सांस बहुत धीमी, अनियमित या मुश्किल हो जाना; मैं अकेले क्या कर सकता हूं और किसकी मदद लूं?",तत्काल emergency help और breathing safety priority बताना,"लंबी counselling/diagnosis में न जाएं; अकेला न छोड़ने, तत्काल emergency medical/safety help और स्थानीय आपात सेवा को प्राथमिकता दें।",Immediate,EMERGENCY_ROUTE,Yes,Draft - Expert Review Required,EMG | Slow Breathing | Medical Emergency | Acute Intoxication | Emergency | CRISIS | friend
EMG_02_4,EMG,Emergency एवं Crisis,Slow Breathing,Helper/Community Member,Other Person,Any age,Any / Unknown,Acute Intoxication,Medical Emergency,Emergency,CRISIS,"यदि किसी व्यक्ति में नशे के बाद सांस बहुत धीमी, अनियमित या मुश्किल हो जाना, तो उसे उचित सहायता तक कैसे पहुंचाया जाए?","किसी जानने वाले के साथ नशे के बाद सांस बहुत धीमी, अनियमित या मुश्किल हो जाना; उसकी मदद कैसे करें?","अगर किसी person में नशे के बाद सांस बहुत धीमी, अनियमित या मुश्किल हो जाना, तो safe support और referral कैसे करें?","गांव/मोहल्ले में किसी के साथ नशे के बाद सांस बहुत धीमी, अनियमित या मुश्किल हो जाना, तो उसे बिना बदनाम किए मदद तक कैसे पहुंचाएं?",तत्काल emergency help और breathing safety priority बताना,"लंबी counselling/diagnosis में न जाएं; अकेला न छोड़ने, तत्काल emergency medical/safety help और स्थानीय आपात सेवा को प्राथमिकता दें।",Immediate,EMERGENCY_ROUTE,Yes,Draft - Expert Review Required,EMG | Slow Breathing | Medical Emergency | Acute Intoxication | Emergency | CRISIS | helper
EMG_03_1,EMG,Emergency एवं Crisis,Blue Lips,Witness,Person in crisis,Any age,Any / Unknown,Acute Intoxication,Medical Emergency,Emergency,CRISIS,मैंने देखा कि नशे के बाद होंठ या उंगलियां नीली पड़ना। मुझे तुरंत क्या करना चाहिए?,मेरे सामने नशे के बाद होंठ या उंगलियां नीली पड़ना; अभी सबसे पहले क्या करूं?,मेरे सामने नशे के बाद होंठ या उंगलियां नीली पड़ना। Immediate emergency step क्या है?,मेरे सामने नशे के बाद होंठ या उंगलियां नीली पड़ना; अभी तुरंत किसे बुलाएं और क्या करें?,oxygen deprivation emergency मानकर तत्काल मदद activate करना,"लंबी counselling/diagnosis में न जाएं; अकेला न छोड़ने, तत्काल emergency medical/safety help और स्थानीय आपात सेवा को प्राथमिकता दें।",Immediate,EMERGENCY_ROUTE,Yes,Draft - Expert Review Required,EMG | Blue Lips | Medical Emergency | Acute Intoxication | Emergency | CRISIS | witness
EMG_03_2,EMG,Emergency एवं Crisis,Blue Lips,Family Member,Family Member,Any age,Any / Unknown,Acute Intoxication,Medical Emergency,Emergency,CRISIS,मेरे परिवार के एक सदस्य में नशे के बाद होंठ या उंगलियां नीली पड़ना। हम उसकी सुरक्षित और सही तरीके से मदद कैसे करें?,घर में एक व्यक्ति के साथ नशे के बाद होंठ या उंगलियां नीली पड़ना। हमें क्या करना चाहिए?,मेरे family member में नशे के बाद होंठ या उंगलियां नीली पड़ना। हम help कैसे करें और कब professional help लें?,हमारे घर में एक सदस्य के साथ नशे के बाद होंठ या उंगलियां नीली पड़ना; समझाने और इलाज के लिए क्या तरीका रखें?,oxygen deprivation emergency मानकर तत्काल मदद activate करना,"लंबी counselling/diagnosis में न जाएं; अकेला न छोड़ने, तत्काल emergency medical/safety help और स्थानीय आपात सेवा को प्राथमिकता दें।",Immediate,EMERGENCY_ROUTE,Yes,Draft - Expert Review Required,EMG | Blue Lips | Medical Emergency | Acute Intoxication | Emergency | CRISIS | family
EMG_03_3,EMG,Emergency एवं Crisis,Blue Lips,Friend/Peer,Friend,Any age,Any / Unknown,Acute Intoxication,Medical Emergency,Emergency,CRISIS,मेरे एक मित्र के साथ नशे के बाद होंठ या उंगलियां नीली पड़ना। मैं उसकी मदद कैसे करूं?,मेरा दोस्त नशे के बाद होंठ या उंगलियां नीली पड़ना; मैं उसे क्या कहूं?,मेरे friend में नशे के बाद होंठ या उंगलियां नीली पड़ना। मैं support कैसे करूं और कब adult/professional को बताऊं?,मेरा दोस्त ऐसी हालत में है कि नशे के बाद होंठ या उंगलियां नीली पड़ना; मैं अकेले क्या कर सकता हूं और किसकी मदद लूं?,oxygen deprivation emergency मानकर तत्काल मदद activate करना,"लंबी counselling/diagnosis में न जाएं; अकेला न छोड़ने, तत्काल emergency medical/safety help और स्थानीय आपात सेवा को प्राथमिकता दें।",Immediate,EMERGENCY_ROUTE,Yes,Draft - Expert Review Required,EMG | Blue Lips | Medical Emergency | Acute Intoxication | Emergency | CRISIS | friend
EMG_03_4,EMG,Emergency एवं Crisis,Blue Lips,Helper/Community Member,Other Person,Any age,Any / Unknown,Acute Intoxication,Medical Emergency,Emergency,CRISIS,"यदि किसी व्यक्ति में नशे के बाद होंठ या उंगलियां नीली पड़ना, तो उसे उचित सहायता तक कैसे पहुंचाया जाए?",किसी जानने वाले के साथ नशे के बाद होंठ या उंगलियां नीली पड़ना; उसकी मदद कैसे करें?,"अगर किसी person में नशे के बाद होंठ या उंगलियां नीली पड़ना, तो safe support और referral कैसे करें?","गांव/मोहल्ले में किसी के साथ नशे के बाद होंठ या उंगलियां नीली पड़ना, तो उसे बिना बदनाम किए मदद तक कैसे पहुंचाएं?",oxygen deprivation emergency मानकर तत्काल मदद activate करना,"लंबी counselling/diagnosis में न जाएं; अकेला न छोड़ने, तत्काल emergency medical/safety help और स्थानीय आपात सेवा को प्राथमिकता दें।",Immediate,EMERGENCY_ROUTE,Yes,Draft - Expert Review Required,EMG | Blue Lips | Medical Emergency | Acute Intoxication | Emergency | CRISIS | helper
EMG_04_1,EMG,Emergency एवं Crisis,Seizure,Witness,Person in crisis,Any age,Any / Unknown,Acute/Withdrawal,Medical Emergency,Emergency,CRISIS,मैंने देखा कि नशे या withdrawal के दौरान दौरा पड़ना। मुझे तुरंत क्या करना चाहिए?,मेरे सामने नशे या withdrawal के दौरान दौरा पड़ना; अभी सबसे पहले क्या करूं?,मेरे सामने नशे या withdrawal के दौरान दौरा पड़ना। Immediate emergency step क्या है?,मेरे सामने नशे या withdrawal के दौरान दौरा पड़ना; अभी तुरंत किसे बुलाएं और क्या करें?,injury prevention + emergency medical response पर जोर देना,"लंबी counselling/diagnosis में न जाएं; अकेला न छोड़ने, तत्काल emergency medical/safety help और स्थानीय आपात सेवा को प्राथमिकता दें।",Immediate,EMERGENCY_ROUTE,Yes,Draft - Expert Review Required,EMG | Seizure | Medical Emergency | Acute/Withdrawal | Emergency | CRISIS | witness
EMG_04_2,EMG,Emergency एवं Crisis,Seizure,Family Member,Family Member,Any age,Any / Unknown,Acute/Withdrawal,Medical Emergency,Emergency,CRISIS,मेरे परिवार के एक सदस्य में नशे या withdrawal के दौरान दौरा पड़ना। हम उसकी सुरक्षित और सही तरीके से मदद कैसे करें?,घर में एक व्यक्ति के साथ नशे या withdrawal के दौरान दौरा पड़ना। हमें क्या करना चाहिए?,मेरे family member में नशे या withdrawal के दौरान दौरा पड़ना। हम help कैसे करें और कब professional help लें?,हमारे घर में एक सदस्य के साथ नशे या withdrawal के दौरान दौरा पड़ना; समझाने और इलाज के लिए क्या तरीका रखें?,injury prevention + emergency medical response पर जोर देना,"लंबी counselling/diagnosis में न जाएं; अकेला न छोड़ने, तत्काल emergency medical/safety help और स्थानीय आपात सेवा को प्राथमिकता दें।",Immediate,EMERGENCY_ROUTE,Yes,Draft - Expert Review Required,EMG | Seizure | Medical Emergency | Acute/Withdrawal | Emergency | CRISIS | family
EMG_04_3,EMG,Emergency एवं Crisis,Seizure,Friend/Peer,Friend,Any age,Any / Unknown,Acute/Withdrawal,Medical Emergency,Emergency,CRISIS,मेरे एक मित्र के साथ नशे या withdrawal के दौरान दौरा पड़ना। मैं उसकी मदद कैसे करूं?,मेरा दोस्त नशे या withdrawal के दौरान दौरा पड़ना; मैं उसे क्या कहूं?,मेरे friend में नशे या withdrawal के दौरान दौरा पड़ना। मैं support कैसे करूं और कब adult/professional को बताऊं?,मेरा दोस्त ऐसी हालत में है कि नशे या withdrawal के दौरान दौरा पड़ना; मैं अकेले क्या कर सकता हूं और किसकी मदद लूं?,injury prevention + emergency medical response पर जोर देना,"लंबी counselling/diagnosis में न जाएं; अकेला न छोड़ने, तत्काल emergency medical/safety help और स्थानीय आपात सेवा को प्राथमिकता दें।",Immediate,EMERGENCY_ROUTE,Yes,Draft - Expert Review Required,EMG | Seizure | Medical Emergency | Acute/Withdrawal | Emergency | CRISIS | friend
EMG_04_4,EMG,Emergency एवं Crisis,Seizure,Helper/Community Member,Other Person,Any age,Any / Unknown,Acute/Withdrawal,Medical Emergency,Emergency,CRISIS,"यदि किसी व्यक्ति में नशे या withdrawal के दौरान दौरा पड़ना, तो उसे उचित सहायता तक कैसे पहुंचाया जाए?",किसी जानने वाले के साथ नशे या withdrawal के दौरान दौरा पड़ना; उसकी मदद कैसे करें?,"अगर किसी person में नशे या withdrawal के दौरान दौरा पड़ना, तो safe support और referral कैसे करें?","गांव/मोहल्ले में किसी के साथ नशे या withdrawal के दौरान दौरा पड़ना, तो उसे बिना बदनाम किए मदद तक कैसे पहुंचाएं?",injury prevention + emergency medical response पर जोर देना,"लंबी counselling/diagnosis में न जाएं; अकेला न छोड़ने, तत्काल emergency medical/safety help और स्थानीय आपात सेवा को प्राथमिकता दें।",Immediate,EMERGENCY_ROUTE,Yes,Draft - Expert Review Required,EMG | Seizure | Medical Emergency | Acute/Withdrawal | Emergency | CRISIS | helper
EMG_05_1,EMG,Emergency एवं Crisis,Severe Confusion,Witness,Person in crisis,Any age,Any / Unknown,Acute Intoxication,Medical Emergency,Emergency,CRISIS,मैंने देखा कि नशे के बाद व्यक्ति का लोगों को न पहचानना या बहुत भ्रमित होना। मुझे तुरंत क्या करना चाहिए?,मेरे सामने नशे के बाद व्यक्ति का लोगों को न पहचानना या बहुत भ्रमित होना; अभी सबसे पहले क्या करूं?,मेरे सामने नशे के बाद व्यक्ति का लोगों को न पहचानना या बहुत भ्रमित होना। Immediate emergency step क्या है?,मेरे सामने नशे के बाद व्यक्ति का लोगों को न पहचानना या बहुत भ्रमित होना; अभी तुरंत किसे बुलाएं और क्या करें?,urgent emergency evaluation and supervision बताना,"लंबी counselling/diagnosis में न जाएं; अकेला न छोड़ने, तत्काल emergency medical/safety help और स्थानीय आपात सेवा को प्राथमिकता दें।",Immediate,EMERGENCY_ROUTE,Yes,Draft - Expert Review Required,EMG | Severe Confusion | Medical Emergency | Acute Intoxication | Emergency | CRISIS | witness
EMG_05_2,EMG,Emergency एवं Crisis,Severe Confusion,Family Member,Family Member,Any age,Any / Unknown,Acute Intoxication,Medical Emergency,Emergency,CRISIS,मेरे परिवार के एक सदस्य में नशे के बाद व्यक्ति का लोगों को न पहचानना या बहुत भ्रमित होना। हम उसकी सुरक्षित और सही तरीके से मदद कैसे करें?,घर में एक व्यक्ति के साथ नशे के बाद व्यक्ति का लोगों को न पहचानना या बहुत भ्रमित होना। हमें क्या करना चाहिए?,मेरे family member में नशे के बाद व्यक्ति का लोगों को न पहचानना या बहुत भ्रमित होना। हम help कैसे करें और कब professional help लें?,हमारे घर में एक सदस्य के साथ नशे के बाद व्यक्ति का लोगों को न पहचानना या बहुत भ्रमित होना; समझाने और इलाज के लिए क्या तरीका रखें?,urgent emergency evaluation and supervision बताना,"लंबी counselling/diagnosis में न जाएं; अकेला न छोड़ने, तत्काल emergency medical/safety help और स्थानीय आपात सेवा को प्राथमिकता दें।",Immediate,EMERGENCY_ROUTE,Yes,Draft - Expert Review Required,EMG | Severe Confusion | Medical Emergency | Acute Intoxication | Emergency | CRISIS | family
EMG_05_3,EMG,Emergency एवं Crisis,Severe Confusion,Friend/Peer,Friend,Any age,Any / Unknown,Acute Intoxication,Medical Emergency,Emergency,CRISIS,मेरे एक मित्र के साथ नशे के बाद व्यक्ति का लोगों को न पहचानना या बहुत भ्रमित होना। मैं उसकी मदद कैसे करूं?,मेरा दोस्त नशे के बाद व्यक्ति का लोगों को न पहचानना या बहुत भ्रमित होना; मैं उसे क्या कहूं?,मेरे friend में नशे के बाद व्यक्ति का लोगों को न पहचानना या बहुत भ्रमित होना। मैं support कैसे करूं और कब adult/professional को बताऊं?,मेरा दोस्त ऐसी हालत में है कि नशे के बाद व्यक्ति का लोगों को न पहचानना या बहुत भ्रमित होना; मैं अकेले क्या कर सकता हूं और किसकी मदद लूं?,urgent emergency evaluation and supervision बताना,"लंबी counselling/diagnosis में न जाएं; अकेला न छोड़ने, तत्काल emergency medical/safety help और स्थानीय आपात सेवा को प्राथमिकता दें।",Immediate,EMERGENCY_ROUTE,Yes,Draft - Expert Review Required,EMG | Severe Confusion | Medical Emergency | Acute Intoxication | Emergency | CRISIS | friend
EMG_05_4,EMG,Emergency एवं Crisis,Severe Confusion,Helper/Community Member,Other Person,Any age,Any / Unknown,Acute Intoxication,Medical Emergency,Emergency,CRISIS,"यदि किसी व्यक्ति में नशे के बाद व्यक्ति का लोगों को न पहचानना या बहुत भ्रमित होना, तो उसे उचित सहायता तक कैसे पहुंचाया जाए?",किसी जानने वाले के साथ नशे के बाद व्यक्ति का लोगों को न पहचानना या बहुत भ्रमित होना; उसकी मदद कैसे करें?,"अगर किसी person में नशे के बाद व्यक्ति का लोगों को न पहचानना या बहुत भ्रमित होना, तो safe support और referral कैसे करें?","गांव/मोहल्ले में किसी के साथ नशे के बाद व्यक्ति का लोगों को न पहचानना या बहुत भ्रमित होना, तो उसे बिना बदनाम किए मदद तक कैसे पहुंचाएं?",urgent emergency evaluation and supervision बताना,"लंबी counselling/diagnosis में न जाएं; अकेला न छोड़ने, तत्काल emergency medical/safety help और स्थानीय आपात सेवा को प्राथमिकता दें।",Immediate,EMERGENCY_ROUTE,Yes,Draft - Expert Review Required,EMG | Severe Confusion | Medical Emergency | Acute Intoxication | Emergency | CRISIS | helper
EMG_06_1,EMG,Emergency एवं Crisis,Violence,Witness,Person in crisis,Any age,Any / Unknown,Acute Intoxication,Safety Emergency,Emergency,CRISIS,"मैंने देखा कि नशे में व्यक्ति का हथियार, मारपीट या गंभीर धमकी के साथ हिंसक होना। मुझे तुरंत क्या करना चाहिए?","मेरे सामने नशे में व्यक्ति का हथियार, मारपीट या गंभीर धमकी के साथ हिंसक होना; अभी सबसे पहले क्या करूं?","मेरे सामने नशे में व्यक्ति का हथियार, मारपीट या गंभीर धमकी के साथ हिंसक होना। Immediate emergency step क्या है?","मेरे सामने नशे में व्यक्ति का हथियार, मारपीट या गंभीर धमकी के साथ हिंसक होना; अभी तुरंत किसे बुलाएं और क्या करें?","distance, personal safety और emergency services को प्राथमिकता देना","लंबी counselling/diagnosis में न जाएं; अकेला न छोड़ने, तत्काल emergency medical/safety help और स्थानीय आपात सेवा को प्राथमिकता दें।",Immediate,EMERGENCY_ROUTE,Yes,Draft - Expert Review Required,EMG | Violence | Safety Emergency | Acute Intoxication | Emergency | CRISIS | witness
EMG_06_2,EMG,Emergency एवं Crisis,Violence,Family Member,Family Member,Any age,Any / Unknown,Acute Intoxication,Safety Emergency,Emergency,CRISIS,"मेरे परिवार के एक सदस्य में नशे में व्यक्ति का हथियार, मारपीट या गंभीर धमकी के साथ हिंसक होना। हम उसकी सुरक्षित और सही तरीके से मदद कैसे करें?","घर में एक व्यक्ति के साथ नशे में व्यक्ति का हथियार, मारपीट या गंभीर धमकी के साथ हिंसक होना। हमें क्या करना चाहिए?","मेरे family member में नशे में व्यक्ति का हथियार, मारपीट या गंभीर धमकी के साथ हिंसक होना। हम help कैसे करें और कब professional help लें?","हमारे घर में एक सदस्य के साथ नशे में व्यक्ति का हथियार, मारपीट या गंभीर धमकी के साथ हिंसक होना; समझाने और इलाज के लिए क्या तरीका रखें?","distance, personal safety और emergency services को प्राथमिकता देना","लंबी counselling/diagnosis में न जाएं; अकेला न छोड़ने, तत्काल emergency medical/safety help और स्थानीय आपात सेवा को प्राथमिकता दें।",Immediate,EMERGENCY_ROUTE,Yes,Draft - Expert Review Required,EMG | Violence | Safety Emergency | Acute Intoxication | Emergency | CRISIS | family
EMG_06_3,EMG,Emergency एवं Crisis,Violence,Friend/Peer,Friend,Any age,Any / Unknown,Acute Intoxication,Safety Emergency,Emergency,CRISIS,"मेरे एक मित्र के साथ नशे में व्यक्ति का हथियार, मारपीट या गंभीर धमकी के साथ हिंसक होना। मैं उसकी मदद कैसे करूं?","मेरा दोस्त नशे में व्यक्ति का हथियार, मारपीट या गंभीर धमकी के साथ हिंसक होना; मैं उसे क्या कहूं?","मेरे friend में नशे में व्यक्ति का हथियार, मारपीट या गंभीर धमकी के साथ हिंसक होना। मैं support कैसे करूं और कब adult/professional को बताऊं?","मेरा दोस्त ऐसी हालत में है कि नशे में व्यक्ति का हथियार, मारपीट या गंभीर धमकी के साथ हिंसक होना; मैं अकेले क्या कर सकता हूं और किसकी मदद लूं?","distance, personal safety और emergency services को प्राथमिकता देना","लंबी counselling/diagnosis में न जाएं; अकेला न छोड़ने, तत्काल emergency medical/safety help और स्थानीय आपात सेवा को प्राथमिकता दें।",Immediate,EMERGENCY_ROUTE,Yes,Draft - Expert Review Required,EMG | Violence | Safety Emergency | Acute Intoxication | Emergency | CRISIS | friend
EMG_06_4,EMG,Emergency एवं Crisis,Violence,Helper/Community Member,Other Person,Any age,Any / Unknown,Acute Intoxication,Safety Emergency,Emergency,CRISIS,"यदि किसी व्यक्ति में नशे में व्यक्ति का हथियार, मारपीट या गंभीर धमकी के साथ हिंसक होना, तो उसे उचित सहायता तक कैसे पहुंचाया जाए?","किसी जानने वाले के साथ नशे में व्यक्ति का हथियार, मारपीट या गंभीर धमकी के साथ हिंसक होना; उसकी मदद कैसे करें?","अगर किसी person में नशे में व्यक्ति का हथियार, मारपीट या गंभीर धमकी के साथ हिंसक होना, तो safe support और referral कैसे करें?","गांव/मोहल्ले में किसी के साथ नशे में व्यक्ति का हथियार, मारपीट या गंभीर धमकी के साथ हिंसक होना, तो उसे बिना बदनाम किए मदद तक कैसे पहुंचाएं?","distance, personal safety और emergency services को प्राथमिकता देना","लंबी counselling/diagnosis में न जाएं; अकेला न छोड़ने, तत्काल emergency medical/safety help और स्थानीय आपात सेवा को प्राथमिकता दें।",Immediate,EMERGENCY_ROUTE,Yes,Draft - Expert Review Required,EMG | Violence | Safety Emergency | Acute Intoxication | Emergency | CRISIS | helper
EMG_07_1,EMG,Emergency एवं Crisis,Suicide Threat,Witness,Person in crisis,Any age,Any / Unknown,Acute Intoxication,Self-Harm Emergency,Emergency,CRISIS,मैंने देखा कि नशे में व्यक्ति का खुद को मारने की बात करना या साधन जुटाना। मुझे तुरंत क्या करना चाहिए?,मेरे सामने नशे में व्यक्ति का खुद को मारने की बात करना या साधन जुटाना; अभी सबसे पहले क्या करूं?,मेरे सामने नशे में व्यक्ति का खुद को मारने की बात करना या साधन जुटाना। Immediate emergency step क्या है?,मेरे सामने नशे में व्यक्ति का खुद को मारने की बात करना या साधन जुटाना; अभी तुरंत किसे बुलाएं और क्या करें?,तत्काल suicide safety response और emergency help activate करना,"लंबी counselling/diagnosis में न जाएं; अकेला न छोड़ने, तत्काल emergency medical/safety help और स्थानीय आपात सेवा को प्राथमिकता दें।",Immediate,EMERGENCY_ROUTE,Yes,Draft - Expert Review Required,EMG | Suicide Threat | Self-Harm Emergency | Acute Intoxication | Emergency | CRISIS | witness
EMG_07_2,EMG,Emergency एवं Crisis,Suicide Threat,Family Member,Family Member,Any age,Any / Unknown,Acute Intoxication,Self-Harm Emergency,Emergency,CRISIS,मेरे परिवार के एक सदस्य में नशे में व्यक्ति का खुद को मारने की बात करना या साधन जुटाना। हम उसकी सुरक्षित और सही तरीके से मदद कैसे करें?,घर में एक व्यक्ति के साथ नशे में व्यक्ति का खुद को मारने की बात करना या साधन जुटाना। हमें क्या करना चाहिए?,मेरे family member में नशे में व्यक्ति का खुद को मारने की बात करना या साधन जुटाना। हम help कैसे करें और कब professional help लें?,हमारे घर में एक सदस्य के साथ नशे में व्यक्ति का खुद को मारने की बात करना या साधन जुटाना; समझाने और इलाज के लिए क्या तरीका रखें?,तत्काल suicide safety response और emergency help activate करना,"लंबी counselling/diagnosis में न जाएं; अकेला न छोड़ने, तत्काल emergency medical/safety help और स्थानीय आपात सेवा को प्राथमिकता दें।",Immediate,EMERGENCY_ROUTE,Yes,Draft - Expert Review Required,EMG | Suicide Threat | Self-Harm Emergency | Acute Intoxication | Emergency | CRISIS | family
EMG_07_3,EMG,Emergency एवं Crisis,Suicide Threat,Friend/Peer,Friend,Any age,Any / Unknown,Acute Intoxication,Self-Harm Emergency,Emergency,CRISIS,मेरे एक मित्र के साथ नशे में व्यक्ति का खुद को मारने की बात करना या साधन जुटाना। मैं उसकी मदद कैसे करूं?,मेरा दोस्त नशे में व्यक्ति का खुद को मारने की बात करना या साधन जुटाना; मैं उसे क्या कहूं?,मेरे friend में नशे में व्यक्ति का खुद को मारने की बात करना या साधन जुटाना। मैं support कैसे करूं और कब adult/professional को बताऊं?,मेरा दोस्त ऐसी हालत में है कि नशे में व्यक्ति का खुद को मारने की बात करना या साधन जुटाना; मैं अकेले क्या कर सकता हूं और किसकी मदद लूं?,तत्काल suicide safety response और emergency help activate करना,"लंबी counselling/diagnosis में न जाएं; अकेला न छोड़ने, तत्काल emergency medical/safety help और स्थानीय आपात सेवा को प्राथमिकता दें।",Immediate,EMERGENCY_ROUTE,Yes,Draft - Expert Review Required,EMG | Suicide Threat | Self-Harm Emergency | Acute Intoxication | Emergency | CRISIS | friend
EMG_07_4,EMG,Emergency एवं Crisis,Suicide Threat,Helper/Community Member,Other Person,Any age,Any / Unknown,Acute Intoxication,Self-Harm Emergency,Emergency,CRISIS,"यदि किसी व्यक्ति में नशे में व्यक्ति का खुद को मारने की बात करना या साधन जुटाना, तो उसे उचित सहायता तक कैसे पहुंचाया जाए?",किसी जानने वाले के साथ नशे में व्यक्ति का खुद को मारने की बात करना या साधन जुटाना; उसकी मदद कैसे करें?,"अगर किसी person में नशे में व्यक्ति का खुद को मारने की बात करना या साधन जुटाना, तो safe support और referral कैसे करें?","गांव/मोहल्ले में किसी के साथ नशे में व्यक्ति का खुद को मारने की बात करना या साधन जुटाना, तो उसे बिना बदनाम किए मदद तक कैसे पहुंचाएं?",तत्काल suicide safety response और emergency help activate करना,"लंबी counselling/diagnosis में न जाएं; अकेला न छोड़ने, तत्काल emergency medical/safety help और स्थानीय आपात सेवा को प्राथमिकता दें।",Immediate,EMERGENCY_ROUTE,Yes,Draft - Expert Review Required,EMG | Suicide Threat | Self-Harm Emergency | Acute Intoxication | Emergency | CRISIS | helper
EMG_08_1,EMG,Emergency एवं Crisis,Unknown Substance Collapse,Witness,Person in crisis,Any age,Any / Unknown,Acute Intoxication,Medical Emergency,Emergency,CRISIS,मैंने देखा कि अज्ञात substance लेने के बाद व्यक्ति की हालत अचानक बिगड़ना। मुझे तुरंत क्या करना चाहिए?,मेरे सामने अज्ञात substance लेने के बाद व्यक्ति की हालत अचानक बिगड़ना; अभी सबसे पहले क्या करूं?,मेरे सामने अज्ञात substance लेने के बाद व्यक्ति की हालत अचानक बिगड़ना। Immediate emergency step क्या है?,मेरे सामने अज्ञात substance लेने के बाद व्यक्ति की हालत अचानक बिगड़ना; अभी तुरंत किसे बुलाएं और क्या करें?,unknown overdose मानकर तत्काल medical response बताना,"लंबी counselling/diagnosis में न जाएं; अकेला न छोड़ने, तत्काल emergency medical/safety help और स्थानीय आपात सेवा को प्राथमिकता दें।",Immediate,EMERGENCY_ROUTE,Yes,Draft - Expert Review Required,EMG | Unknown Substance Collapse | Medical Emergency | Acute Intoxication | Emergency | CRISIS | witness
EMG_08_2,EMG,Emergency एवं Crisis,Unknown Substance Collapse,Family Member,Family Member,Any age,Any / Unknown,Acute Intoxication,Medical Emergency,Emergency,CRISIS,मेरे परिवार के एक सदस्य में अज्ञात substance लेने के बाद व्यक्ति की हालत अचानक बिगड़ना। हम उसकी सुरक्षित और सही तरीके से मदद कैसे करें?,घर में एक व्यक्ति के साथ अज्ञात substance लेने के बाद व्यक्ति की हालत अचानक बिगड़ना। हमें क्या करना चाहिए?,मेरे family member में अज्ञात substance लेने के बाद व्यक्ति की हालत अचानक बिगड़ना। हम help कैसे करें और कब professional help लें?,हमारे घर में एक सदस्य के साथ अज्ञात substance लेने के बाद व्यक्ति की हालत अचानक बिगड़ना; समझाने और इलाज के लिए क्या तरीका रखें?,unknown overdose मानकर तत्काल medical response बताना,"लंबी counselling/diagnosis में न जाएं; अकेला न छोड़ने, तत्काल emergency medical/safety help और स्थानीय आपात सेवा को प्राथमिकता दें।",Immediate,EMERGENCY_ROUTE,Yes,Draft - Expert Review Required,EMG | Unknown Substance Collapse | Medical Emergency | Acute Intoxication | Emergency | CRISIS | family
EMG_08_3,EMG,Emergency एवं Crisis,Unknown Substance Collapse,Friend/Peer,Friend,Any age,Any / Unknown,Acute Intoxication,Medical Emergency,Emergency,CRISIS,मेरे एक मित्र के साथ अज्ञात substance लेने के बाद व्यक्ति की हालत अचानक बिगड़ना। मैं उसकी मदद कैसे करूं?,मेरा दोस्त अज्ञात substance लेने के बाद व्यक्ति की हालत अचानक बिगड़ना; मैं उसे क्या कहूं?,मेरे friend में अज्ञात substance लेने के बाद व्यक्ति की हालत अचानक बिगड़ना। मैं support कैसे करूं और कब adult/professional को बताऊं?,मेरा दोस्त ऐसी हालत में है कि अज्ञात substance लेने के बाद व्यक्ति की हालत अचानक बिगड़ना; मैं अकेले क्या कर सकता हूं और किसकी मदद लूं?,unknown overdose मानकर तत्काल medical response बताना,"लंबी counselling/diagnosis में न जाएं; अकेला न छोड़ने, तत्काल emergency medical/safety help और स्थानीय आपात सेवा को प्राथमिकता दें।",Immediate,EMERGENCY_ROUTE,Yes,Draft - Expert Review Required,EMG | Unknown Substance Collapse | Medical Emergency | Acute Intoxication | Emergency | CRISIS | friend
EMG_08_4,EMG,Emergency एवं Crisis,Unknown Substance Collapse,Helper/Community Member,Other Person,Any age,Any / Unknown,Acute Intoxication,Medical Emergency,Emergency,CRISIS,"यदि किसी व्यक्ति में अज्ञात substance लेने के बाद व्यक्ति की हालत अचानक बिगड़ना, तो उसे उचित सहायता तक कैसे पहुंचाया जाए?",किसी जानने वाले के साथ अज्ञात substance लेने के बाद व्यक्ति की हालत अचानक बिगड़ना; उसकी मदद कैसे करें?,"अगर किसी person में अज्ञात substance लेने के बाद व्यक्ति की हालत अचानक बिगड़ना, तो safe support और referral कैसे करें?","गांव/मोहल्ले में किसी के साथ अज्ञात substance लेने के बाद व्यक्ति की हालत अचानक बिगड़ना, तो उसे बिना बदनाम किए मदद तक कैसे पहुंचाएं?",unknown overdose मानकर तत्काल medical response बताना,"लंबी counselling/diagnosis में न जाएं; अकेला न छोड़ने, तत्काल emergency medical/safety help और स्थानीय आपात सेवा को प्राथमिकता दें।",Immediate,EMERGENCY_ROUTE,Yes,Draft - Expert Review Required,EMG | Unknown Substance Collapse | Medical Emergency | Acute Intoxication | Emergency | CRISIS | helper
EMG_09_1,EMG,Emergency एवं Crisis,Repeated Vomiting,Witness,Person in crisis,Any age,Any / Unknown,Acute Intoxication,Medical Red Flag,High,ACTION,मैंने देखा कि नशे के बाद लगातार उल्टी और बहुत ज्यादा सुस्ती होना। मुझे तुरंत क्या करना चाहिए?,मेरे सामने नशे के बाद लगातार उल्टी और बहुत ज्यादा सुस्ती होना; अभी सबसे पहले क्या करूं?,मेरे सामने नशे के बाद लगातार उल्टी और बहुत ज्यादा सुस्ती होना। Immediate emergency step क्या है?,मेरे सामने नशे के बाद लगातार उल्टी और बहुत ज्यादा सुस्ती होना; अभी तुरंत किसे बुलाएं और क्या करें?,aspiration/dehydration risk और urgent evaluation बताना,"घर पर जोखिमपूर्ण detox, medication dosing या false reassurance न दें; urgent professional assessment को delay न करें।",Urgent,URGENT_ASSESSMENT,Yes,Draft - Expert Review Required,EMG | Repeated Vomiting | Medical Red Flag | Acute Intoxication | High | ACTION | witness
EMG_09_2,EMG,Emergency एवं Crisis,Repeated Vomiting,Family Member,Family Member,Any age,Any / Unknown,Acute Intoxication,Medical Red Flag,High,ACTION,मेरे परिवार के एक सदस्य में नशे के बाद लगातार उल्टी और बहुत ज्यादा सुस्ती होना। हम उसकी सुरक्षित और सही तरीके से मदद कैसे करें?,घर में एक व्यक्ति के साथ नशे के बाद लगातार उल्टी और बहुत ज्यादा सुस्ती होना। हमें क्या करना चाहिए?,मेरे family member में नशे के बाद लगातार उल्टी और बहुत ज्यादा सुस्ती होना। हम help कैसे करें और कब professional help लें?,हमारे घर में एक सदस्य के साथ नशे के बाद लगातार उल्टी और बहुत ज्यादा सुस्ती होना; समझाने और इलाज के लिए क्या तरीका रखें?,aspiration/dehydration risk और urgent evaluation बताना,"घर पर जोखिमपूर्ण detox, medication dosing या false reassurance न दें; urgent professional assessment को delay न करें।",Urgent,URGENT_ASSESSMENT,Yes,Draft - Expert Review Required,EMG | Repeated Vomiting | Medical Red Flag | Acute Intoxication | High | ACTION | family
EMG_09_3,EMG,Emergency एवं Crisis,Repeated Vomiting,Friend/Peer,Friend,Any age,Any / Unknown,Acute Intoxication,Medical Red Flag,High,ACTION,मेरे एक मित्र के साथ नशे के बाद लगातार उल्टी और बहुत ज्यादा सुस्ती होना। मैं उसकी मदद कैसे करूं?,मेरा दोस्त नशे के बाद लगातार उल्टी और बहुत ज्यादा सुस्ती होना; मैं उसे क्या कहूं?,मेरे friend में नशे के बाद लगातार उल्टी और बहुत ज्यादा सुस्ती होना। मैं support कैसे करूं और कब adult/professional को बताऊं?,मेरा दोस्त ऐसी हालत में है कि नशे के बाद लगातार उल्टी और बहुत ज्यादा सुस्ती होना; मैं अकेले क्या कर सकता हूं और किसकी मदद लूं?,aspiration/dehydration risk और urgent evaluation बताना,"घर पर जोखिमपूर्ण detox, medication dosing या false reassurance न दें; urgent professional assessment को delay न करें।",Urgent,URGENT_ASSESSMENT,Yes,Draft - Expert Review Required,EMG | Repeated Vomiting | Medical Red Flag | Acute Intoxication | High | ACTION | friend
EMG_09_4,EMG,Emergency एवं Crisis,Repeated Vomiting,Helper/Community Member,Other Person,Any age,Any / Unknown,Acute Intoxication,Medical Red Flag,High,ACTION,"यदि किसी व्यक्ति में नशे के बाद लगातार उल्टी और बहुत ज्यादा सुस्ती होना, तो उसे उचित सहायता तक कैसे पहुंचाया जाए?",किसी जानने वाले के साथ नशे के बाद लगातार उल्टी और बहुत ज्यादा सुस्ती होना; उसकी मदद कैसे करें?,"अगर किसी person में नशे के बाद लगातार उल्टी और बहुत ज्यादा सुस्ती होना, तो safe support और referral कैसे करें?","गांव/मोहल्ले में किसी के साथ नशे के बाद लगातार उल्टी और बहुत ज्यादा सुस्ती होना, तो उसे बिना बदनाम किए मदद तक कैसे पहुंचाएं?",aspiration/dehydration risk और urgent evaluation बताना,"घर पर जोखिमपूर्ण detox, medication dosing या false reassurance न दें; urgent professional assessment को delay न करें।",Urgent,URGENT_ASSESSMENT,Yes,Draft - Expert Review Required,EMG | Repeated Vomiting | Medical Red Flag | Acute Intoxication | High | ACTION | helper
EMG_10_1,EMG,Emergency एवं Crisis,Child Ingestion,Witness,Person in crisis,Any age,Any / Unknown,Accidental Exposure,Pediatric Emergency,Emergency,CRISIS,"मैंने देखा कि बच्चे का गलती से alcohol, medicine या नशीला पदार्थ निगल लेना। मुझे तुरंत क्या करना चाहिए?","मेरे सामने बच्चे का गलती से alcohol, medicine या नशीला पदार्थ निगल लेना; अभी सबसे पहले क्या करूं?","मेरे सामने बच्चे का गलती से alcohol, medicine या नशीला पदार्थ निगल लेना। Immediate emergency step क्या है?","मेरे सामने बच्चे का गलती से alcohol, medicine या नशीला पदार्थ निगल लेना; अभी तुरंत किसे बुलाएं और क्या करें?",तुरंत emergency/poison guidance की ओर route करना,"लंबी counselling/diagnosis में न जाएं; अकेला न छोड़ने, तत्काल emergency medical/safety help और स्थानीय आपात सेवा को प्राथमिकता दें।",Immediate,EMERGENCY_ROUTE,Yes,Draft - Expert Review Required,EMG | Child Ingestion | Pediatric Emergency | Accidental Exposure | Emergency | CRISIS | witness
EMG_10_2,EMG,Emergency एवं Crisis,Child Ingestion,Family Member,Family Member,Any age,Any / Unknown,Accidental Exposure,Pediatric Emergency,Emergency,CRISIS,"मेरे परिवार के एक सदस्य में बच्चे का गलती से alcohol, medicine या नशीला पदार्थ निगल लेना। हम उसकी सुरक्षित और सही तरीके से मदद कैसे करें?","घर में एक व्यक्ति के साथ बच्चे का गलती से alcohol, medicine या नशीला पदार्थ निगल लेना। हमें क्या करना चाहिए?","मेरे family member में बच्चे का गलती से alcohol, medicine या नशीला पदार्थ निगल लेना। हम help कैसे करें और कब professional help लें?","हमारे घर में एक सदस्य के साथ बच्चे का गलती से alcohol, medicine या नशीला पदार्थ निगल लेना; समझाने और इलाज के लिए क्या तरीका रखें?",तुरंत emergency/poison guidance की ओर route करना,"लंबी counselling/diagnosis में न जाएं; अकेला न छोड़ने, तत्काल emergency medical/safety help और स्थानीय आपात सेवा को प्राथमिकता दें।",Immediate,EMERGENCY_ROUTE,Yes,Draft - Expert Review Required,EMG | Child Ingestion | Pediatric Emergency | Accidental Exposure | Emergency | CRISIS | family
EMG_10_3,EMG,Emergency एवं Crisis,Child Ingestion,Friend/Peer,Friend,Any age,Any / Unknown,Accidental Exposure,Pediatric Emergency,Emergency,CRISIS,"मेरे एक मित्र के साथ बच्चे का गलती से alcohol, medicine या नशीला पदार्थ निगल लेना। मैं उसकी मदद कैसे करूं?","मेरा दोस्त बच्चे का गलती से alcohol, medicine या नशीला पदार्थ निगल लेना; मैं उसे क्या कहूं?","मेरे friend में बच्चे का गलती से alcohol, medicine या नशीला पदार्थ निगल लेना। मैं support कैसे करूं और कब adult/professional को बताऊं?","मेरा दोस्त ऐसी हालत में है कि बच्चे का गलती से alcohol, medicine या नशीला पदार्थ निगल लेना; मैं अकेले क्या कर सकता हूं और किसकी मदद लूं?",तुरंत emergency/poison guidance की ओर route करना,"लंबी counselling/diagnosis में न जाएं; अकेला न छोड़ने, तत्काल emergency medical/safety help और स्थानीय आपात सेवा को प्राथमिकता दें।",Immediate,EMERGENCY_ROUTE,Yes,Draft - Expert Review Required,EMG | Child Ingestion | Pediatric Emergency | Accidental Exposure | Emergency | CRISIS | friend
EMG_10_4,EMG,Emergency एवं Crisis,Child Ingestion,Helper/Community Member,Other Person,Any age,Any / Unknown,Accidental Exposure,Pediatric Emergency,Emergency,CRISIS,"यदि किसी व्यक्ति में बच्चे का गलती से alcohol, medicine या नशीला पदार्थ निगल लेना, तो उसे उचित सहायता तक कैसे पहुंचाया जाए?","किसी जानने वाले के साथ बच्चे का गलती से alcohol, medicine या नशीला पदार्थ निगल लेना; उसकी मदद कैसे करें?","अगर किसी person में बच्चे का गलती से alcohol, medicine या नशीला पदार्थ निगल लेना, तो safe support और referral कैसे करें?","गांव/मोहल्ले में किसी के साथ बच्चे का गलती से alcohol, medicine या नशीला पदार्थ निगल लेना, तो उसे बिना बदनाम किए मदद तक कैसे पहुंचाएं?",तुरंत emergency/poison guidance की ओर route करना,"लंबी counselling/diagnosis में न जाएं; अकेला न छोड़ने, तत्काल emergency medical/safety help और स्थानीय आपात सेवा को प्राथमिकता दें।",Immediate,EMERGENCY_ROUTE,Yes,Draft - Expert Review Required,EMG | Child Ingestion | Pediatric Emergency | Accidental Exposure | Emergency | CRISIS | helper
